{"stats":{"minecraft:killed":{"minecraft:chicken":4},"minecraft:mined":{"minecraft:birch_log":7,"minecraft:iron_ore":2,"minecraft:granite":13,"minecraft:grass":3,"minecraft:grass_block":18,"minecraft:oak_log":66,"minecraft:coal_ore":23,"minecraft:rose_bush":2,"minecraft:dirt":22,"minecraft:copper_ore":8,"minecraft:stone":102,"minecraft:diorite":28,"minecraft:oak_leaves":13,"minecraft:wall_torch":1},"minecraft:picked_up":{"minecraft:birch_log":7,"minecraft:stick":2,"minecraft:raw_iron":2,"minecraft:feather":4,"minecraft:chicken":4,"minecraft:torch":1,"minecraft:oak_log":67,"minecraft:diorite":28,"minecraft:shield":1,"minecraft:dirt":49,"minecraft:raw_copper":33,"minecraft:apple":1,"minecraft:granite":13,"minecraft:rose_bush":2,"minecraft:bread":3,"minecraft:oak_sapling":5,"minecraft:coal":23,"minecraft:cobblestone":102,"minecraft:egg":6},"minecraft:broken":{"minecraft:stone_pickaxe":1,"minecraft:wooden_pickaxe":1},"minecraft:crafted":{"minecraft:oak_planks":28,"minecraft:charcoal":8,"minecraft:crafting_table":1,"minecraft:stick":12,"minecraft:wooden_pickaxe":1,"minecraft:stone_pickaxe":1,"minecraft:wooden_axe":1,"minecraft:furnace":1,"minecraft:torch":4,"minecraft:birch_planks":4,"minecraft:stone_axe":1},"minecraft:custom":{"minecraft:time_since_rest":1869,"minecraft:interact_with_furnace":7,"minecraft:sprint_one_cm":57149,"minecraft:damage_taken":50,"minecraft:walk_one_cm":89541,"minecraft:mob_kills":4,"minecraft:drop":1,"minecraft:damage_dealt":381,"minecraft:interact_with_crafting_table":7,"minecraft:talked_to_villager":3,"minecraft:fly_one_cm":45569,"minecraft:crouch_one_cm":2159,"minecraft:play_time":34751,"minecraft:bell_ring":1,"minecraft:sneak_time":336,"minecraft:walk_under_water_one_cm":183,"minecraft:jump":419,"minecraft:leave_game":1,"minecraft:time_since_death":34751,"minecraft:walk_on_water_one_cm":1581,"minecraft:sleep_in_bed":3,"minecraft:total_world_time":34751,"minecraft:climb_one_cm":1149,"minecraft:fall_one_cm":9804},"minecraft:dropped":{"minecraft:wooden_axe":1},"minecraft:used":{"minecraft:wooden_axe":15,"minecraft:apple":1,"minecraft:stone_pickaxe":131,"minecraft:chicken":1,"minecraft:bread":2,"minecraft:wooden_pickaxe":60,"minecraft:torch":7,"minecraft:stone_axe":59,"minecraft:crafting_table":1,"minecraft:furnace":1}},"DataVersion":3120}