{"stats":{"minecraft:killed_by":{"minecraft:zombie":1},"minecraft:broken":{"minecraft:wooden_pickaxe":1,"minecraft:stone_pickaxe":3,"minecraft:stone_axe":1,"minecraft:stone_shovel":8},"minecraft:picked_up":{"minecraft:crafting_table":1,"minecraft:azure_bluet":1,"minecraft:chicken":7,"minecraft:enchanted_book":1,"minecraft:shield":1,"minecraft:cornflower":5,"minecraft:string":4,"minecraft:raw_copper":71,"minecraft:cobbled_deepslate":32,"delightful:acorn":3,"minecraft:beef":2,"minecraft:rose_bush":2,"minecraft:poppy":1,"minecraft:light_gray_wool":1,"minecraft:chest":1,"minecraft:egg":11,"minecraft:furnace":1,"minecraft:raw_iron":116,"minecraft:stick":11,"minecraft:torch":5,"minecraft:porkchop":9,"tombstone:grave_dust":2,"minecraft:diorite":43,"minecraft:redstone":8,"minecraft:rotten_flesh":17,"minecraft:arrow":12,"minecraft:mutton":16,"minecraft:rail":2,"minecraft:white_wool":7,"minecraft:cobblestone":305,"minecraft:birch_log":7,"minecraft:feather":8,"minecraft:leather":3,"minecraft:flint":2,"minecraft:tuff":1,"minecraft:oak_log":123,"travelersbackpack:gold_tier_upgrade":1,"minecraft:dirt":1241,"minecraft:name_tag":1,"minecraft:bone":5,"minecraft:apple":3,"minecraft:wheat_seeds":22,"minecraft:iron_ingot":10,"tombstone:bag_of_seeds":1,"minecraft:oak_planks":2,"minecraft:dandelion":9,"minecraft:gravel":11,"minecraft:white_bed":3,"minecraft:spider_eye":1,"minecraft:pumpkin_seeds":11,"minecraft:diamond":3,"minecraft:granite":15,"minecraft:gray_wool":1,"minecraft:bread":3,"minecraft:baked_potato":9,"minecraft:oak_sapling":24,"minecraft:coal":81},"minecraft:dropped":{"minecraft:dirt":448,"minecraft:gray_wool":1,"minecraft:wooden_axe":1,"minecraft:white_wool":3},"minecraft:mined":{"minecraft:tuff":1,"minecraft:white_bed":3,"minecraft:glow_lichen":1,"minecraft:granite":15,"minecraft:grass_block":539,"minecraft:furnace":1,"minecraft:iron_ore":69,"treechop:chopped_log":8,"minecraft:deepslate_iron_ore":10,"minecraft:dirt_path":1,"minecraft:rail":1,"minecraft:stone":300,"minecraft:crafting_table":2,"minecraft:cornflower":2,"minecraft:torch":1,"minecraft:chest":1,"minecraft:rose_bush":2,"minecraft:tall_grass":6,"minecraft:copper_ore":19,"minecraft:cobblestone":1,"minecraft:deepslate_coal_ore":6,"minecraft:oak_planks":2,"minecraft:diorite":35,"minecraft:wall_torch":3,"minecraft:birch_log":7,"minecraft:grass":29,"minecraft:coal_ore":76,"minecraft:oak_log":77,"minecraft:gravel":14,"minecraft:dirt":694,"minecraft:oak_leaves":20,"minecraft:deepslate":32},"minecraft:used":{"minecraft:stone_shovel":1167,"minecraft:chest":4,"minecraft:shield":27,"minecraft:iron_sword":116,"minecraft:stone_hoe":23,"minecraft:cooked_chicken":1,"minecraft:rotten_flesh":10,"minecraft:torch":141,"minecraft:dirt":364,"minecraft:mutton":4,"minecraft:tuff":1,"minecraft:azure_bluet":1,"minecraft:wooden_axe":15,"minecraft:beef":2,"minecraft:furnace":6,"minecraft:oak_sapling":19,"tombstone:gift":3,"minecraft:egg":7,"minecraft:cobbled_deepslate":28,"minecraft:wheat_seeds":22,"minecraft:cooked_mutton":2,"minecraft:water_bucket":1,"minecraft:stone_pickaxe":524,"minecraft:wooden_pickaxe":60,"minecraft:crafting_table":5,"minecraft:white_bed":3,"tombstone:bag_of_seeds":1,"minecraft:cornflower":4,"minecraft:apple":2,"minecraft:chicken":6,"minecraft:bread":5,"minecraft:gravel":12,"minecraft:stone_axe":141,"minecraft:cobblestone":72,"minecraft:cooked_porkchop":2,"minecraft:bucket":1},"minecraft:crafted":{"minecraft:oak_planks":88,"minecraft:stone_shovel":9,"minecraft:cooked_chicken":1,"minecraft:furnace":5,"minecraft:cooked_mutton":8,"minecraft:iron_boots":1,"minecraft:stone_pickaxe":9,"minecraft:chest":3,"minecraft:stone_hoe":1,"minecraft:cooked_porkchop":3,"minecraft:crafting_table":4,"minecraft:iron_helmet":1,"minecraft:wooden_pickaxe":1,"minecraft:iron_sword":1,"minecraft:copper_ingot":3,"minecraft:bucket":1,"minecraft:birch_planks":10,"minecraft:stone_axe":2,"minecraft:air":0,"minecraft:iron_chestplate":1,"minecraft:charcoal":36,"minecraft:stick":64,"minecraft:iron_ingot":75,"minecraft:wooden_axe":1,"minecraft:iron_leggings":1,"minecraft:torch":122},"minecraft:killed":{"minecraft:spider":2,"minecraft:horse":1,"minecraft:skeleton":2,"minecraft:chicken":7,"minecraft:pig":3,"minecraft:zombie_villager":1,"minecraft:bat":1,"minecraft:sheep":9,"minecraft:zombie":13,"minecraft:cow":1},"minecraft:custom":{"minecraft:mob_kills":42,"minecraft:interact_with_crafting_table":48,"minecraft:bell_ring":1,"minecraft:leave_game":3,"minecraft:time_since_death":136723,"minecraft:climb_one_cm":1719,"minecraft:sprint_one_cm":159360,"minecraft:walk_one_cm":768118,"minecraft:damage_blocked_by_shield":1070,"minecraft:drop":12,"minecraft:talked_to_villager":3,"minecraft:play_time":270795,"minecraft:deaths":3,"minecraft:sneak_time":1751,"minecraft:walk_under_water_one_cm":25486,"minecraft:jump":3115,"minecraft:walk_on_water_one_cm":26120,"minecraft:total_world_time":270795,"minecraft:interact_with_furnace":51,"minecraft:sleep_in_bed":18,"minecraft:time_since_rest":5238,"minecraft:damage_taken":1688,"minecraft:damage_dealt":6187,"minecraft:fly_one_cm":142390,"minecraft:swim_one_cm":7409,"minecraft:open_chest":28,"minecraft:crouch_one_cm":8338,"tombstone:undead_killed":16,"minecraft:fall_one_cm":60410}},"DataVersion":3120}