{"stats":{"minecraft:killed":{"minecraft:pig":2,"minecraft:spider":2,"minecraft:bat":1,"minecraft:skeleton":2,"minecraft:zombie":6,"minecraft:chicken":4},"minecraft:mined":{"minecraft:tuff":1,"minecraft:white_bed":1,"minecraft:glow_lichen":1,"minecraft:torch":1,"minecraft:granite":15,"minecraft:grass_block":18,"minecraft:rose_bush":2,"minecraft:copper_ore":19,"minecraft:deepslate_coal_ore":6,"minecraft:oak_planks":2,"minecraft:diorite":35,"minecraft:wall_torch":3,"minecraft:birch_log":7,"minecraft:iron_ore":69,"minecraft:grass":3,"minecraft:oak_log":66,"minecraft:coal_ore":61,"minecraft:deepslate_iron_ore":10,"minecraft:rail":1,"minecraft:gravel":14,"minecraft:dirt":45,"minecraft:stone":244,"minecraft:oak_leaves":13,"minecraft:deepslate":32},"minecraft:picked_up":{"minecraft:birch_log":7,"minecraft:feather":4,"minecraft:chicken":4,"minecraft:flint":1,"minecraft:tuff":1,"minecraft:oak_log":67,"minecraft:shield":1,"minecraft:dirt":72,"minecraft:string":4,"minecraft:raw_copper":71,"minecraft:bone":4,"minecraft:apple":1,"minecraft:cobbled_deepslate":32,"minecraft:rose_bush":2,"minecraft:oak_planks":2,"minecraft:egg":6,"minecraft:raw_iron":77,"minecraft:stick":2,"minecraft:torch":5,"minecraft:gravel":11,"minecraft:porkchop":3,"minecraft:diorite":36,"minecraft:white_bed":2,"minecraft:spider_eye":1,"minecraft:arrow":6,"minecraft:rotten_flesh":10,"minecraft:granite":15,"minecraft:bread":3,"minecraft:oak_sapling":5,"minecraft:coal":66,"minecraft:rail":1,"minecraft:cobblestone":250},"minecraft:broken":{"minecraft:stone_pickaxe":3,"minecraft:wooden_pickaxe":1},"minecraft:crafted":{"minecraft:oak_planks":44,"minecraft:crafting_table":3,"minecraft:iron_helmet":1,"minecraft:wooden_pickaxe":1,"minecraft:iron_sword":1,"minecraft:furnace":3,"minecraft:copper_ingot":3,"minecraft:birch_planks":10,"minecraft:stone_axe":1,"minecraft:air":0,"minecraft:iron_boots":1,"minecraft:iron_chestplate":1,"minecraft:charcoal":8,"minecraft:stick":36,"minecraft:iron_ingot":36,"minecraft:stone_pickaxe":5,"minecraft:wooden_axe":1,"minecraft:chest":1,"minecraft:iron_leggings":1,"minecraft:torch":94},"minecraft:custom":{"minecraft:interact_with_furnace":19,"minecraft:mob_kills":19,"minecraft:interact_with_crafting_table":20,"minecraft:bell_ring":1,"minecraft:leave_game":2,"minecraft:time_since_death":24794,"minecraft:sleep_in_bed":9,"minecraft:climb_one_cm":1719,"minecraft:time_since_rest":23786,"minecraft:sprint_one_cm":114372,"minecraft:damage_taken":1299,"minecraft:walk_one_cm":422157,"minecraft:damage_blocked_by_shield":1070,"minecraft:drop":1,"minecraft:damage_dealt":3100,"minecraft:swim_one_cm":7409,"minecraft:talked_to_villager":3,"minecraft:fly_one_cm":106540,"minecraft:open_chest":3,"minecraft:crouch_one_cm":3663,"minecraft:play_time":158866,"tombstone:undead_killed":8,"minecraft:deaths":3,"minecraft:sneak_time":1095,"minecraft:walk_under_water_one_cm":25486,"minecraft:jump":2245,"minecraft:walk_on_water_one_cm":25809,"minecraft:total_world_time":158866,"minecraft:fall_one_cm":41322},"minecraft:dropped":{"minecraft:wooden_axe":1},"minecraft:killed_by":{"minecraft:zombie":1},"minecraft:used":{"minecraft:stone_pickaxe":449,"minecraft:wooden_pickaxe":60,"minecraft:chest":1,"minecraft:shield":27,"minecraft:iron_sword":39,"minecraft:rotten_flesh":10,"minecraft:torch":137,"minecraft:dirt":72,"minecraft:crafting_table":3,"minecraft:white_bed":1,"minecraft:tuff":1,"minecraft:wooden_axe":15,"minecraft:apple":1,"minecraft:chicken":4,"minecraft:bread":5,"minecraft:gravel":12,"minecraft:stone_axe":78,"minecraft:cobblestone":72,"minecraft:furnace":3,"tombstone:gift":2,"minecraft:egg":6,"minecraft:cobbled_deepslate":28}},"DataVersion":3120}