{"stats":{"minecraft:killed_by":{"minecraft:zombie":1},"minecraft:broken":{"minecraft:wooden_pickaxe":1,"minecraft:stone_pickaxe":3,"minecraft:stone_axe":1,"minecraft:stone_shovel":8},"minecraft:picked_up":{"minecraft:crafting_table":1,"minecraft:wheat":6,"minecraft:azure_bluet":1,"minecraft:chicken":7,"minecraft:enchanted_book":1,"minecraft:shield":1,"minecraft:cornflower":6,"minecraft:string":4,"minecraft:raw_copper":71,"minecraft:cobbled_deepslate":32,"delightful:acorn":3,"minecraft:beef":2,"minecraft:rose_bush":2,"minecraft:poppy":1,"minecraft:light_gray_wool":1,"minecraft:chest":1,"minecraft:birch_sapling":4,"minecraft:egg":14,"minecraft:furnace":1,"minecraft:raw_iron":116,"minecraft:stick":11,"minecraft:torch":8,"minecraft:porkchop":14,"tombstone:grave_dust":4,"minecraft:diorite":43,"minecraft:redstone":8,"minecraft:rotten_flesh":27,"minecraft:arrow":18,"minecraft:mutton":17,"minecraft:rail":2,"minecraft:white_wool":8,"minecraft:cobblestone":307,"minecraft:birch_log":18,"minecraft:feather":8,"minecraft:salmon":1,"minecraft:leather":4,"minecraft:flint":2,"minecraft:tuff":1,"minecraft:oak_log":123,"travelersbackpack:gold_tier_upgrade":1,"minecraft:dirt":1265,"minecraft:name_tag":1,"minecraft:bone":10,"travelersbackpack:cake":1,"minecraft:apple":3,"minecraft:wheat_seeds":36,"minecraft:iron_ingot":10,"tombstone:bag_of_seeds":1,"minecraft:oak_planks":2,"minecraft:pumpkin":3,"minecraft:dandelion":10,"minecraft:gravel":11,"minecraft:white_bed":3,"minecraft:spider_eye":1,"minecraft:bundle":1,"minecraft:pumpkin_seeds":11,"minecraft:diamond":3,"minecraft:granite":15,"minecraft:gray_wool":1,"minecraft:bread":3,"minecraft:baked_potato":9,"minecraft:oak_sapling":24,"minecraft:coal":81},"minecraft:dropped":{"minecraft:dirt":448,"minecraft:gray_wool":1,"minecraft:wooden_axe":1,"minecraft:white_wool":3},"minecraft:mined":{"minecraft:tuff":1,"minecraft:white_bed":3,"minecraft:glow_lichen":1,"minecraft:granite":15,"minecraft:grass_block":540,"minecraft:furnace":1,"minecraft:iron_ore":69,"minecraft:pumpkin":3,"treechop:chopped_log":9,"minecraft:deepslate_iron_ore":10,"minecraft:dirt_path":1,"minecraft:rail":1,"minecraft:stone":300,"minecraft:crafting_table":2,"minecraft:cornflower":2,"minecraft:torch":1,"minecraft:chest":1,"minecraft:rose_bush":2,"minecraft:tall_grass":6,"minecraft:copper_ore":19,"minecraft:cobblestone":1,"minecraft:deepslate_coal_ore":6,"minecraft:oak_planks":2,"minecraft:diorite":35,"minecraft:wall_torch":6,"minecraft:birch_log":7,"minecraft:wheat":7,"minecraft:grass":30,"minecraft:coal_ore":76,"minecraft:oak_log":77,"minecraft:gravel":14,"minecraft:dirt":694,"minecraft:oak_leaves":28,"minecraft:deepslate":32},"minecraft:used":{"minecraft:stone_shovel":1170,"minecraft:chest":4,"minecraft:shield":35,"minecraft:iron_sword":235,"minecraft:stone_hoe":23,"minecraft:cooked_chicken":1,"minecraft:rotten_flesh":10,"minecraft:torch":141,"minecraft:dirt":364,"minecraft:mutton":4,"minecraft:tuff":1,"minecraft:azure_bluet":1,"minecraft:wooden_axe":15,"minecraft:beef":2,"minecraft:furnace":6,"minecraft:oak_sapling":19,"tombstone:gift":3,"minecraft:egg":7,"minecraft:cobbled_deepslate":28,"minecraft:wheat_seeds":22,"minecraft:cooked_mutton":6,"minecraft:water_bucket":1,"minecraft:stone_pickaxe":524,"minecraft:wooden_pickaxe":60,"minecraft:crafting_table":5,"minecraft:white_bed":3,"tombstone:bag_of_seeds":1,"minecraft:cornflower":4,"minecraft:apple":3,"minecraft:chicken":6,"minecraft:bread":5,"minecraft:gravel":12,"minecraft:stone_axe":153,"minecraft:cobblestone":72,"minecraft:cooked_porkchop":3,"minecraft:bucket":1},"minecraft:crafted":{"minecraft:oak_planks":88,"minecraft:stone_shovel":9,"minecraft:cooked_chicken":1,"minecraft:furnace":5,"minecraft:cooked_mutton":8,"minecraft:iron_boots":1,"minecraft:stone_pickaxe":9,"minecraft:chest":3,"minecraft:stone_hoe":1,"minecraft:cooked_porkchop":3,"minecraft:crafting_table":4,"minecraft:iron_helmet":1,"minecraft:wooden_pickaxe":1,"minecraft:iron_sword":1,"minecraft:copper_ingot":3,"minecraft:bucket":1,"minecraft:birch_planks":10,"minecraft:stone_axe":2,"minecraft:air":0,"minecraft:iron_chestplate":1,"minecraft:charcoal":36,"minecraft:stick":64,"minecraft:iron_ingot":75,"minecraft:wooden_axe":1,"minecraft:iron_leggings":1,"minecraft:torch":122},"minecraft:killed":{"minecraft:spider":3,"minecraft:horse":1,"minecraft:skeleton":5,"minecraft:chicken":7,"minecraft:pig":5,"minecraft:zombie_villager":1,"minecraft:salmon":2,"minecraft:bat":1,"minecraft:sheep":10,"minecraft:donkey":1,"minecraft:zombie":30,"minecraft:enderman":1,"minecraft:cow":1},"minecraft:custom":{"minecraft:mob_kills":72,"minecraft:interact_with_crafting_table":48,"minecraft:bell_ring":1,"minecraft:leave_game":3,"minecraft:time_since_death":160723,"minecraft:climb_one_cm":1719,"minecraft:sprint_one_cm":195891,"minecraft:walk_one_cm":977489,"minecraft:damage_blocked_by_shield":1370,"minecraft:drop":12,"minecraft:talked_to_villager":3,"minecraft:play_time":294795,"minecraft:deaths":3,"minecraft:sneak_time":1925,"minecraft:walk_under_water_one_cm":28649,"minecraft:jump":3421,"minecraft:walk_on_water_one_cm":33179,"minecraft:total_world_time":294795,"minecraft:interact_with_furnace":51,"minecraft:sleep_in_bed":18,"minecraft:time_since_rest":29238,"minecraft:damage_taken":2179,"minecraft:damage_dealt":11897,"minecraft:fly_one_cm":151439,"minecraft:swim_one_cm":31445,"minecraft:open_chest":29,"minecraft:crouch_one_cm":8948,"tombstone:undead_killed":36,"minecraft:fall_one_cm":62906}},"DataVersion":3120}