{"stats":{"minecraft:picked_up":{"minecraft:crafting_table":2,"minecraft:wheat":6,"minecraft:azure_bluet":1,"minecraft:chicken":9,"minecraft:prismarine_shard":18,"minecraft:smithing_table":1,"minecraft:enchanted_book":3,"minecraft:diamond_horse_armor":1,"minecraft:shield":1,"minecraft:cornflower":8,"minecraft:string":75,"minecraft:raw_copper":71,"minecraft:cobbled_deepslate":37,"delightful:acorn":15,"minecraft:beef":10,"minecraft:rose_bush":4,"minecraft:poppy":1,"minecraft:light_gray_wool":1,"minecraft:enchanted_golden_apple":2,"minecraft:chest":1,"minecraft:birch_sapling":4,"minecraft:furnace":1,"minecraft:egg":16,"minecraft:stick":45,"minecraft:raw_iron":170,"miners_delight:tentacles":3,"minecraft:oak_fence":1,"minecraft:torch":8,"minecraft:porkchop":14,"tombstone:grave_dust":17,"minecraft:diorite":43,"minecraft:carrot":12,"minecraft:redstone":8,"minecraft:prismarine_crystals":13,"minecraft:iron_horse_armor":1,"minecraft:stone_sword":1,"minecraft:arrow":28,"minecraft:rotten_flesh":63,"minecraft:peony":1,"minecraft:blue_dye":2,"minecraft:obsidian":14,"minecraft:mutton":18,"minecraft:rail":2,"minecraft:white_wool":11,"minecraft:cobblestone":362,"minecraft:birch_log":19,"minecraft:clock":1,"minecraft:feather":13,"minecraft:salmon":1,"minecraft:leather":10,"minecraft:potato":119,"minecraft:flint":3,"minecraft:tuff":1,"minecraft:oak_log":223,"minecraft:gunpowder":3,"travelersbackpack:gold_tier_upgrade":1,"minecraft:dirt":2077,"minecraft:lantern":8,"tombstone:gift":2,"minecraft:name_tag":1,"culturaldelights:glow_squid":2,"minecraft:bone":31,"minecraft:apple":8,"travelersbackpack:cake":5,"minecraft:bow":1,"minecraft:stonecutter":1,"minecraft:wheat_seeds":45,"minecraft:raw_gold":4,"minecraft:iron_ingot":10,"tombstone:bag_of_seeds":1,"minecraft:prismarine":22,"minecraft:oak_planks":10,"minecraft:pumpkin":3,"minecraft:dandelion":11,"minecraft:poisonous_potato":32,"minecraft:gravel":21,"minecraft:spruce_sapling":11,"minecraft:white_bed":3,"minecraft:spruce_log":43,"minecraft:sea_lantern":6,"minecraft:spider_eye":3,"minecraft:bundle":3,"minecraft:pumpkin_seeds":11,"minecraft:diamond":23,"minecraft:granite":18,"minecraft:golden_apple":2,"minecraft:gray_wool":1,"minecraft:bread":3,"minecraft:golden_horse_armor":1,"minecraft:emerald":1,"minecraft:baked_potato":72,"tombstone:magic_scroll":2,"minecraft:oak_sapling":70,"minecraft:coal":120},"minecraft:crafted":{"minecraft:oak_planks":112,"minecraft:stone_shovel":15,"minecraft:cooked_chicken":1,"minecraft:furnace":5,"minecraft:cooked_mutton":8,"minecraft:flint_and_steel":1,"minecraft:iron_boots":1,"minecraft:stone_pickaxe":9,"minecraft:chest":7,"minecraft:stone_hoe":1,"minecraft:cooked_porkchop":3,"minecraft:crafting_table":7,"minecraft:iron_helmet":1,"minecraft:wooden_pickaxe":1,"minecraft:iron_sword":1,"minecraft:copper_ingot":3,"minecraft:bucket":1,"minecraft:birch_planks":54,"minecraft:stone_axe":3,"minecraft:bread":2,"minecraft:air":0,"minecraft:iron_chestplate":1,"minecraft:charcoal":36,"minecraft:shield":1,"minecraft:stick":120,"minecraft:iron_ingot":75,"minecraft:iron_pickaxe":1,"minecraft:wooden_axe":1,"minecraft:stone_sword":8,"minecraft:iron_leggings":1,"minecraft:torch":250},"minecraft:mined":{"minecraft:tuff":1,"minecraft:white_bed":3,"minecraft:glow_lichen":1,"minecraft:granite":18,"minecraft:grass_block":1037,"minecraft:large_fern":2,"minecraft:furnace":1,"minecraft:iron_ore":116,"minecraft:fire":1,"treechop:chopped_log":34,"minecraft:pumpkin":3,"minecraft:dirt_path":1,"minecraft:deepslate_iron_ore":16,"minecraft:rail":1,"minecraft:lantern":10,"lucky:lucky_block":10,"minecraft:stone":351,"minecraft:smithing_table":1,"minecraft:crafting_table":3,"minecraft:cornflower":3,"minecraft:torch":1,"minecraft:emerald_ore":1,"minecraft:chest":1,"minecraft:rose_bush":2,"minecraft:copper_ore":19,"minecraft:tall_grass":8,"minecraft:cobblestone":1,"minecraft:deepslate_coal_ore":6,"minecraft:oak_planks":2,"minecraft:wall_torch":6,"minecraft:diorite":35,"minecraft:birch_log":7,"minecraft:wheat":7,"minecraft:spruce_log":1,"minecraft:grass":39,"minecraft:oak_log":77,"minecraft:coal_ore":115,"minecraft:gravel":24,"minecraft:dirt":1004,"minecraft:cobweb":65,"minecraft:stonecutter":1,"minecraft:gold_ore":4,"travelersbackpack:cake":4,"minecraft:oak_leaves":36,"minecraft:deepslate":37},"minecraft:dropped":{"minecraft:wheat_seeds":15,"minecraft:clock":1,"minecraft:poisonous_potato":32,"minecraft:feather":6,"minecraft:stick":2,"minecraft:dirt":473,"minecraft:gray_wool":1,"minecraft:blue_dye":2,"minecraft:cornflower":2,"minecraft:wooden_axe":1,"minecraft:rose_bush":2,"minecraft:gold_nugget":1,"minecraft:white_wool":7,"minecraft:dandelion":1,"minecraft:bone":5,"minecraft:stone_sword":6,"minecraft:birch_sapling":4,"minecraft:salmon":1,"minecraft:carrot":12,"minecraft:peony":1,"minecraft:spider_eye":1,"minecraft:stone_pickaxe":2,"minecraft:egg":3},"minecraft:custom":{"minecraft:interact_with_smithing_table":4,"minecraft:interact_with_anvil":1,"minecraft:mob_kills":132,"minecraft:animals_bred":1,"minecraft:interact_with_crafting_table":72,"minecraft:bell_ring":1,"minecraft:leave_game":4,"minecraft:time_since_death":50126,"minecraft:climb_one_cm":2118,"minecraft:sprint_one_cm":524958,"minecraft:walk_one_cm":1611105,"minecraft:damage_blocked_by_shield":3420,"minecraft:drop":51,"minecraft:talked_to_villager":13,"minecraft:play_time":458028,"minecraft:sneak_time":2518,"minecraft:deaths":7,"minecraft:walk_under_water_one_cm":33987,"minecraft:jump":5353,"minecraft:walk_on_water_one_cm":54048,"minecraft:total_world_time":458028,"minecraft:interact_with_furnace":60,"minecraft:tune_noteblock":10,"minecraft:interact_with_loom":1,"minecraft:interact_with_stonecutter":3,"minecraft:interact_with_grindstone":1,"minecraft:sleep_in_bed":22,"minecraft:time_since_rest":10685,"minecraft:damage_taken":5842,"minecraft:damage_dealt":21654,"minecraft:swim_one_cm":72037,"minecraft:fly_one_cm":355885,"minecraft:open_chest":79,"minecraft:crouch_one_cm":12348,"tombstone:undead_killed":69,"minecraft:fall_one_cm":98401,"minecraft:horse_one_cm":3235},"minecraft:used":{"minecraft:stone_sword":155,"minecraft:flint_and_steel":1,"minecraft:stone_shovel":1954,"minecraft:chest":8,"minecraft:shield":71,"minecraft:iron_sword":417,"minecraft:cooked_chicken":1,"minecraft:rotten_flesh":10,"minecraft:stone_hoe":23,"minecraft:torch":251,"minecraft:dirt":502,"minecraft:mutton":6,"minecraft:tuff":1,"minecraft:granite":2,"minecraft:azure_bluet":1,"minecraft:wooden_axe":15,"minecraft:beef":2,"minecraft:oak_sapling":19,"minecraft:furnace":6,"tombstone:gift":5,"minecraft:egg":7,"minecraft:cobbled_deepslate":32,"minecraft:wheat_seeds":22,"minecraft:cooked_mutton":7,"minecraft:water_bucket":2,"minecraft:stone_pickaxe":570,"minecraft:baked_potato":44,"minecraft:wooden_pickaxe":60,"minecraft:stonecutter":1,"minecraft:crafting_table":9,"minecraft:white_bed":3,"tombstone:bag_of_seeds":1,"minecraft:apple":3,"minecraft:cornflower":5,"minecraft:chicken":6,"minecraft:bread":7,"minecraft:iron_pickaxe":137,"minecraft:gravel":16,"minecraft:stone_axe":315,"minecraft:cobblestone":84,"minecraft:cooked_porkchop":3,"minecraft:smithing_table":1,"minecraft:bucket":3},"minecraft:killed":{"minecraft:spider":8,"minecraft:skeleton":16,"minecraft:horse":1,"minecraft:chicken":10,"minecraft:drowned":1,"minecraft:pig":5,"minecraft:zombie_villager":2,"minecraft:salmon":2,"minecraft:bat":1,"minecraft:creeper":1,"minecraft:sheep":10,"minecraft:zombie":50,"minecraft:donkey":1,"minecraft:enderman":1,"minecraft:cow":3},"minecraft:broken":{"minecraft:wooden_pickaxe":1,"minecraft:stone_pickaxe":3,"minecraft:shield":1,"minecraft:stone_axe":2,"minecraft:iron_sword":1,"minecraft:iron_helmet":1,"minecraft:stone_shovel":14},"minecraft:killed_by":{"minecraft:creeper":1,"minecraft:skeleton":1,"minecraft:zombie":2}},"DataVersion":3120}