{"stats":{"minecraft:killed":{"minecraft:spider":2,"minecraft:skeleton":2,"minecraft:zombie":6,"minecraft:chicken":4},"minecraft:mined":{"minecraft:tuff":1,"minecraft:glow_lichen":1,"minecraft:torch":1,"minecraft:granite":13,"minecraft:grass_block":18,"minecraft:rose_bush":2,"minecraft:copper_ore":19,"minecraft:deepslate_coal_ore":3,"minecraft:oak_planks":2,"minecraft:diorite":35,"minecraft:wall_torch":3,"minecraft:birch_log":7,"minecraft:iron_ore":53,"minecraft:grass":3,"minecraft:oak_log":66,"minecraft:coal_ore":50,"minecraft:deepslate_iron_ore":10,"minecraft:rail":1,"minecraft:gravel":14,"minecraft:dirt":45,"minecraft:stone":242,"minecraft:oak_leaves":13,"minecraft:deepslate":32},"minecraft:picked_up":{"minecraft:birch_log":7,"minecraft:feather":4,"minecraft:chicken":4,"minecraft:flint":1,"minecraft:tuff":1,"minecraft:oak_log":67,"minecraft:shield":1,"minecraft:dirt":72,"minecraft:string":4,"minecraft:raw_copper":71,"minecraft:bone":4,"minecraft:apple":1,"minecraft:cobbled_deepslate":32,"minecraft:rose_bush":2,"minecraft:oak_planks":2,"minecraft:egg":6,"minecraft:raw_iron":62,"minecraft:stick":2,"minecraft:torch":5,"minecraft:gravel":11,"minecraft:diorite":36,"minecraft:white_bed":1,"minecraft:spider_eye":1,"minecraft:arrow":6,"minecraft:rotten_flesh":10,"minecraft:granite":13,"minecraft:bread":3,"minecraft:oak_sapling":5,"minecraft:coal":52,"minecraft:rail":1,"minecraft:cobblestone":248},"minecraft:broken":{"minecraft:stone_pickaxe":3,"minecraft:wooden_pickaxe":1},"minecraft:crafted":{"minecraft:oak_planks":44,"minecraft:crafting_table":3,"minecraft:iron_helmet":1,"minecraft:wooden_pickaxe":1,"minecraft:iron_sword":1,"minecraft:furnace":3,"minecraft:copper_ingot":3,"minecraft:birch_planks":10,"minecraft:stone_axe":1,"minecraft:air":0,"minecraft:iron_boots":1,"minecraft:iron_chestplate":1,"minecraft:charcoal":8,"minecraft:stick":36,"minecraft:iron_ingot":36,"minecraft:stone_pickaxe":5,"minecraft:wooden_axe":1,"minecraft:chest":1,"minecraft:iron_leggings":1,"minecraft:torch":94},"minecraft:custom":{"minecraft:interact_with_furnace":19,"minecraft:mob_kills":16,"minecraft:interact_with_crafting_table":20,"minecraft:bell_ring":1,"minecraft:leave_game":2,"minecraft:time_since_death":12794,"minecraft:sleep_in_bed":9,"minecraft:climb_one_cm":1719,"minecraft:time_since_rest":11786,"minecraft:sprint_one_cm":66002,"minecraft:damage_taken":1195,"minecraft:walk_one_cm":385655,"minecraft:damage_blocked_by_shield":1070,"minecraft:drop":1,"minecraft:damage_dealt":2736,"minecraft:swim_one_cm":7409,"minecraft:talked_to_villager":3,"minecraft:fly_one_cm":56215,"minecraft:open_chest":2,"minecraft:crouch_one_cm":3082,"minecraft:play_time":146866,"tombstone:undead_killed":8,"minecraft:deaths":3,"minecraft:sneak_time":989,"minecraft:walk_under_water_one_cm":23634,"minecraft:jump":1948,"minecraft:walk_on_water_one_cm":21421,"minecraft:total_world_time":146866,"minecraft:fall_one_cm":33864},"minecraft:dropped":{"minecraft:wooden_axe":1},"minecraft:killed_by":{"minecraft:zombie":1},"minecraft:used":{"minecraft:stone_pickaxe":415,"minecraft:wooden_pickaxe":60,"minecraft:chest":1,"minecraft:shield":27,"minecraft:iron_sword":32,"minecraft:rotten_flesh":7,"minecraft:torch":137,"minecraft:dirt":72,"minecraft:crafting_table":3,"minecraft:white_bed":1,"minecraft:tuff":1,"minecraft:wooden_axe":15,"minecraft:apple":1,"minecraft:chicken":4,"minecraft:bread":5,"minecraft:gravel":12,"minecraft:stone_axe":78,"minecraft:cobblestone":58,"minecraft:furnace":3,"tombstone:gift":2,"minecraft:egg":6,"minecraft:cobbled_deepslate":28}},"DataVersion":3120}