{"stats":{"minecraft:killed_by":{"minecraft:zombie":1},"minecraft:broken":{"minecraft:stone_pickaxe":3,"minecraft:stone_shovel":8,"minecraft:wooden_pickaxe":1},"minecraft:picked_up":{"minecraft:birch_log":7,"minecraft:crafting_table":1,"minecraft:azure_bluet":1,"minecraft:feather":8,"minecraft:chicken":7,"minecraft:leather":1,"minecraft:flint":1,"minecraft:tuff":1,"minecraft:oak_log":78,"minecraft:shield":1,"minecraft:dirt":1201,"minecraft:cornflower":3,"minecraft:string":4,"minecraft:raw_copper":71,"minecraft:bone":4,"minecraft:apple":1,"minecraft:wheat_seeds":21,"minecraft:cobbled_deepslate":32,"minecraft:beef":2,"minecraft:rose_bush":2,"tombstone:bag_of_seeds":1,"minecraft:poppy":1,"minecraft:light_gray_wool":1,"minecraft:oak_planks":2,"minecraft:furnace":1,"minecraft:egg":10,"minecraft:stick":2,"minecraft:raw_iron":77,"minecraft:torch":5,"minecraft:dandelion":9,"minecraft:gravel":11,"minecraft:porkchop":3,"tombstone:grave_dust":2,"minecraft:diorite":36,"minecraft:white_bed":3,"minecraft:spider_eye":1,"minecraft:arrow":6,"minecraft:rotten_flesh":17,"minecraft:diamond":3,"minecraft:granite":15,"minecraft:gray_wool":1,"minecraft:bread":3,"minecraft:baked_potato":9,"minecraft:oak_sapling":6,"minecraft:mutton":8,"minecraft:coal":81,"minecraft:white_wool":3,"minecraft:rail":1,"minecraft:cobblestone":305},"minecraft:dropped":{"minecraft:dirt":448,"minecraft:gray_wool":1,"minecraft:wooden_axe":1,"minecraft:white_wool":3},"minecraft:mined":{"minecraft:tuff":1,"minecraft:white_bed":2,"minecraft:glow_lichen":1,"minecraft:crafting_table":1,"minecraft:torch":1,"minecraft:granite":15,"minecraft:grass_block":511,"minecraft:rose_bush":2,"minecraft:copper_ore":19,"minecraft:tall_grass":5,"minecraft:cobblestone":1,"minecraft:deepslate_coal_ore":6,"minecraft:oak_planks":2,"minecraft:diorite":35,"minecraft:wall_torch":3,"minecraft:furnace":1,"minecraft:birch_log":7,"minecraft:iron_ore":69,"minecraft:grass":27,"minecraft:oak_log":77,"minecraft:coal_ore":76,"minecraft:deepslate_iron_ore":10,"minecraft:dirt_path":1,"minecraft:rail":1,"minecraft:gravel":14,"minecraft:dirt":679,"minecraft:stone":300,"minecraft:oak_leaves":20,"minecraft:deepslate":32},"minecraft:crafted":{"minecraft:oak_planks":84,"minecraft:stone_shovel":9,"minecraft:crafting_table":4,"minecraft:cooked_chicken":1,"minecraft:wooden_pickaxe":1,"minecraft:iron_helmet":1,"minecraft:iron_sword":1,"minecraft:furnace":4,"minecraft:copper_ingot":3,"minecraft:birch_planks":10,"minecraft:stone_axe":1,"minecraft:cooked_mutton":2,"minecraft:air":0,"minecraft:iron_boots":1,"minecraft:iron_chestplate":1,"minecraft:charcoal":26,"minecraft:stick":56,"minecraft:iron_ingot":36,"minecraft:stone_pickaxe":5,"minecraft:wooden_axe":1,"minecraft:chest":2,"minecraft:iron_leggings":1,"minecraft:torch":94},"minecraft:used":{"minecraft:cooked_mutton":2,"minecraft:stone_pickaxe":524,"minecraft:stone_shovel":1124,"minecraft:chest":2,"minecraft:wooden_pickaxe":60,"minecraft:shield":27,"minecraft:iron_sword":102,"minecraft:cooked_chicken":1,"minecraft:rotten_flesh":10,"minecraft:torch":137,"minecraft:mutton":4,"minecraft:dirt":345,"minecraft:crafting_table":5,"minecraft:white_bed":3,"minecraft:tuff":1,"minecraft:azure_bluet":1,"tombstone:bag_of_seeds":1,"minecraft:wooden_axe":15,"minecraft:cornflower":1,"minecraft:apple":1,"minecraft:chicken":6,"minecraft:bread":5,"minecraft:gravel":12,"minecraft:stone_axe":92,"minecraft:cobblestone":72,"minecraft:beef":2,"minecraft:furnace":5,"tombstone:gift":3,"minecraft:egg":6,"minecraft:cobbled_deepslate":28},"minecraft:killed":{"minecraft:pig":2,"minecraft:zombie_villager":1,"minecraft:spider":2,"minecraft:bat":1,"minecraft:skeleton":2,"minecraft:sheep":5,"minecraft:zombie":13,"minecraft:chicken":7,"minecraft:cow":1},"minecraft:custom":{"minecraft:interact_with_furnace":30,"minecraft:mob_kills":36,"minecraft:interact_with_crafting_table":33,"minecraft:bell_ring":1,"minecraft:leave_game":3,"minecraft:time_since_death":94723,"minecraft:sleep_in_bed":15,"minecraft:climb_one_cm":1719,"minecraft:time_since_rest":20650,"minecraft:sprint_one_cm":137827,"minecraft:damage_taken":1568,"minecraft:walk_one_cm":637296,"minecraft:damage_blocked_by_shield":1070,"minecraft:drop":12,"minecraft:damage_dealt":5477,"minecraft:swim_one_cm":7409,"minecraft:talked_to_villager":3,"minecraft:fly_one_cm":124918,"minecraft:open_chest":8,"minecraft:play_time":228795,"minecraft:crouch_one_cm":7652,"minecraft:sneak_time":1655,"tombstone:undead_killed":16,"minecraft:deaths":3,"minecraft:walk_under_water_one_cm":25486,"minecraft:jump":2716,"minecraft:walk_on_water_one_cm":25809,"minecraft:total_world_time":228795,"minecraft:fall_one_cm":49859}},"DataVersion":3120}