{"stats":{"minecraft:killed":{"minecraft:zombie":2,"minecraft:chicken":4,"minecraft:spider":1},"minecraft:mined":{"minecraft:birch_log":7,"minecraft:iron_ore":12,"minecraft:glow_lichen":1,"minecraft:granite":13,"minecraft:grass":3,"minecraft:grass_block":18,"minecraft:oak_log":66,"minecraft:coal_ore":49,"minecraft:rose_bush":2,"minecraft:dirt":26,"minecraft:copper_ore":19,"minecraft:stone":215,"minecraft:diorite":29,"minecraft:oak_leaves":13,"minecraft:wall_torch":1},"minecraft:picked_up":{"minecraft:birch_log":7,"minecraft:stick":2,"minecraft:raw_iron":12,"minecraft:feather":4,"minecraft:chicken":4,"minecraft:torch":1,"minecraft:oak_log":67,"minecraft:diorite":29,"minecraft:shield":1,"minecraft:string":2,"minecraft:spider_eye":1,"minecraft:dirt":53,"minecraft:raw_copper":71,"minecraft:rotten_flesh":3,"minecraft:apple":1,"minecraft:granite":13,"minecraft:rose_bush":2,"minecraft:bread":3,"minecraft:oak_sapling":5,"minecraft:coal":48,"minecraft:cobblestone":221,"minecraft:egg":6},"minecraft:broken":{"minecraft:stone_pickaxe":2,"minecraft:wooden_pickaxe":1},"minecraft:crafted":{"minecraft:oak_planks":28,"minecraft:charcoal":8,"minecraft:crafting_table":2,"minecraft:stick":28,"minecraft:iron_ingot":10,"minecraft:wooden_pickaxe":1,"minecraft:stone_pickaxe":3,"minecraft:wooden_axe":1,"minecraft:iron_sword":1,"minecraft:furnace":2,"minecraft:torch":34,"minecraft:birch_planks":10,"minecraft:stone_axe":1,"minecraft:air":0},"minecraft:custom":{"minecraft:time_since_rest":6125,"minecraft:interact_with_furnace":15,"minecraft:sprint_one_cm":61692,"minecraft:damage_taken":200,"minecraft:walk_one_cm":129778,"minecraft:damage_blocked_by_shield":30,"minecraft:mob_kills":7,"minecraft:drop":1,"minecraft:damage_dealt":1121,"minecraft:interact_with_crafting_table":12,"minecraft:talked_to_villager":3,"minecraft:fly_one_cm":47265,"minecraft:crouch_one_cm":2316,"minecraft:play_time":58751,"tombstone:undead_killed":2,"minecraft:bell_ring":1,"minecraft:sneak_time":360,"minecraft:walk_under_water_one_cm":183,"minecraft:jump":643,"minecraft:leave_game":1,"minecraft:time_since_death":58751,"minecraft:walk_on_water_one_cm":1581,"minecraft:sleep_in_bed":4,"minecraft:total_world_time":58751,"minecraft:climb_one_cm":1149,"minecraft:fall_one_cm":13470},"minecraft:dropped":{"minecraft:wooden_axe":1},"minecraft:used":{"minecraft:wooden_axe":15,"minecraft:apple":1,"minecraft:stone_pickaxe":294,"minecraft:chicken":4,"minecraft:bread":3,"minecraft:shield":1,"minecraft:wooden_pickaxe":60,"minecraft:torch":24,"minecraft:stone_axe":76,"minecraft:dirt":15,"minecraft:cobblestone":28,"minecraft:crafting_table":2,"minecraft:furnace":2}},"DataVersion":3120}