{"stats":{"minecraft:killed":{"minecraft:spider":2,"minecraft:skeleton":2,"minecraft:zombie":4,"minecraft:chicken":4},"minecraft:mined":{"minecraft:tuff":1,"minecraft:torch":1,"minecraft:glow_lichen":1,"minecraft:granite":13,"minecraft:grass_block":18,"minecraft:rose_bush":2,"minecraft:copper_ore":19,"minecraft:oak_planks":2,"minecraft:diorite":29,"minecraft:wall_torch":3,"minecraft:birch_log":7,"minecraft:iron_ore":28,"minecraft:grass":3,"minecraft:coal_ore":49,"minecraft:oak_log":66,"minecraft:deepslate_iron_ore":10,"minecraft:rail":1,"minecraft:gravel":6,"minecraft:dirt":30,"minecraft:stone":232,"minecraft:oak_leaves":13,"minecraft:deepslate":32},"minecraft:picked_up":{"minecraft:birch_log":7,"minecraft:feather":4,"minecraft:chicken":4,"minecraft:tuff":1,"minecraft:oak_log":67,"minecraft:shield":1,"minecraft:dirt":57,"minecraft:string":4,"minecraft:raw_copper":71,"minecraft:bone":4,"minecraft:apple":1,"minecraft:cobbled_deepslate":32,"minecraft:rose_bush":2,"minecraft:oak_planks":2,"minecraft:egg":6,"minecraft:stick":2,"minecraft:raw_iron":38,"minecraft:torch":5,"minecraft:gravel":6,"minecraft:diorite":30,"minecraft:white_bed":1,"minecraft:spider_eye":1,"minecraft:arrow":6,"minecraft:rotten_flesh":6,"minecraft:granite":13,"minecraft:bread":3,"minecraft:oak_sapling":5,"minecraft:coal":48,"minecraft:rail":1,"minecraft:cobblestone":238},"minecraft:broken":{"minecraft:stone_pickaxe":2,"minecraft:wooden_pickaxe":1},"minecraft:crafted":{"minecraft:oak_planks":40,"minecraft:crafting_table":3,"minecraft:wooden_pickaxe":1,"minecraft:iron_sword":1,"minecraft:furnace":3,"minecraft:copper_ingot":3,"minecraft:birch_planks":10,"minecraft:stone_axe":1,"minecraft:air":0,"minecraft:iron_chestplate":1,"minecraft:charcoal":8,"minecraft:stick":32,"minecraft:iron_ingot":10,"minecraft:stone_pickaxe":3,"minecraft:wooden_axe":1,"minecraft:chest":1,"minecraft:torch":94},"minecraft:custom":{"minecraft:interact_with_furnace":18,"minecraft:mob_kills":14,"minecraft:interact_with_crafting_table":18,"minecraft:bell_ring":1,"minecraft:leave_game":1,"minecraft:time_since_death":46448,"minecraft:sleep_in_bed":6,"minecraft:climb_one_cm":1598,"minecraft:time_since_rest":14053,"minecraft:sprint_one_cm":62087,"minecraft:damage_taken":735,"minecraft:walk_one_cm":288178,"minecraft:damage_blocked_by_shield":980,"minecraft:drop":1,"minecraft:damage_dealt":2391,"minecraft:talked_to_villager":3,"minecraft:fly_one_cm":51034,"minecraft:open_chest":2,"minecraft:crouch_one_cm":2808,"minecraft:play_time":112751,"tombstone:undead_killed":6,"minecraft:deaths":1,"minecraft:sneak_time":530,"minecraft:walk_under_water_one_cm":1721,"minecraft:jump":1229,"minecraft:walk_on_water_one_cm":8940,"minecraft:total_world_time":112751,"minecraft:fall_one_cm":24882},"minecraft:dropped":{"minecraft:wooden_axe":1},"minecraft:killed_by":{"minecraft:zombie":1},"minecraft:used":{"minecraft:stone_pickaxe":370,"minecraft:chest":1,"minecraft:wooden_pickaxe":60,"minecraft:shield":25,"minecraft:iron_sword":29,"minecraft:rotten_flesh":3,"minecraft:torch":120,"minecraft:dirt":57,"minecraft:crafting_table":3,"minecraft:white_bed":1,"minecraft:wooden_axe":15,"minecraft:apple":1,"minecraft:chicken":4,"minecraft:bread":5,"minecraft:gravel":6,"minecraft:stone_axe":78,"minecraft:cobblestone":36,"minecraft:furnace":3,"minecraft:egg":6,"minecraft:cobbled_deepslate":28}},"DataVersion":3120}