{"stats":{"minecraft:killed":{"minecraft:chicken":4},"minecraft:mined":{"minecraft:birch_log":7,"minecraft:iron_ore":12,"minecraft:glow_lichen":1,"minecraft:granite":13,"minecraft:grass":3,"minecraft:grass_block":18,"minecraft:oak_log":66,"minecraft:coal_ore":49,"minecraft:rose_bush":2,"minecraft:dirt":23,"minecraft:copper_ore":19,"minecraft:stone":212,"minecraft:diorite":29,"minecraft:oak_leaves":13,"minecraft:wall_torch":1},"minecraft:picked_up":{"minecraft:birch_log":7,"minecraft:stick":2,"minecraft:raw_iron":12,"minecraft:feather":4,"minecraft:chicken":4,"minecraft:torch":1,"minecraft:oak_log":67,"minecraft:diorite":29,"minecraft:shield":1,"minecraft:dirt":50,"minecraft:raw_copper":71,"minecraft:apple":1,"minecraft:granite":13,"minecraft:rose_bush":2,"minecraft:bread":3,"minecraft:oak_sapling":5,"minecraft:coal":48,"minecraft:cobblestone":218,"minecraft:egg":6},"minecraft:broken":{"minecraft:stone_pickaxe":2,"minecraft:wooden_pickaxe":1},"minecraft:crafted":{"minecraft:oak_planks":28,"minecraft:charcoal":8,"minecraft:crafting_table":2,"minecraft:stick":28,"minecraft:wooden_pickaxe":1,"minecraft:stone_pickaxe":3,"minecraft:wooden_axe":1,"minecraft:furnace":1,"minecraft:torch":34,"minecraft:birch_planks":10,"minecraft:stone_axe":1},"minecraft:custom":{"minecraft:time_since_rest":13869,"minecraft:interact_with_furnace":7,"minecraft:sprint_one_cm":57185,"minecraft:damage_taken":200,"minecraft:walk_one_cm":105112,"minecraft:mob_kills":4,"minecraft:drop":1,"minecraft:damage_dealt":850,"minecraft:interact_with_crafting_table":9,"minecraft:talked_to_villager":3,"minecraft:fly_one_cm":45569,"minecraft:crouch_one_cm":2159,"minecraft:play_time":46751,"minecraft:bell_ring":1,"minecraft:sneak_time":336,"minecraft:walk_under_water_one_cm":183,"minecraft:jump":476,"minecraft:leave_game":1,"minecraft:time_since_death":46751,"minecraft:walk_on_water_one_cm":1581,"minecraft:sleep_in_bed":3,"minecraft:total_world_time":46751,"minecraft:climb_one_cm":1149,"minecraft:fall_one_cm":12156},"minecraft:dropped":{"minecraft:wooden_axe":1},"minecraft:used":{"minecraft:wooden_axe":15,"minecraft:apple":1,"minecraft:stone_pickaxe":291,"minecraft:chicken":1,"minecraft:bread":2,"minecraft:wooden_pickaxe":60,"minecraft:torch":20,"minecraft:stone_axe":70,"minecraft:cobblestone":13,"minecraft:crafting_table":2,"minecraft:furnace":1}},"DataVersion":3120}