{"stats":{"minecraft:killed":{"minecraft:skeleton":2,"minecraft:zombie":6,"minecraft:chicken":2,"minecraft:drowned":1,"minecraft:cow":1},"minecraft:mined":{"minecraft:crafting_table":1,"minecraft:grass_block":526,"minecraft:tall_grass":5,"minecraft:oak_planks":7,"minecraft:sugar_cane":2,"minecraft:birch_log":3,"minecraft:pumpkin":7,"minecraft:grass":22,"minecraft:oak_log":25,"minecraft:dirt":6,"lucky:lucky_block":1,"minecraft:stone":21,"minecraft:oak_leaves":2},"minecraft:broken":{"minecraft:iron_shovel":1,"minecraft:wooden_axe":1,"minecraft:stone_shovel":1},"minecraft:picked_up":{"minecraft:wooden_axe":2,"minecraft:birch_log":3,"minecraft:iron_chestplate":1,"minecraft:crafting_table":1,"minecraft:feather":3,"minecraft:chicken":2,"minecraft:oak_log":24,"minecraft:shield":1,"minecraft:dirt":518,"minecraft:iron_leggings":1,"minecraft:bone":4,"minecraft:wheat_seeds":13,"minecraft:beef":2,"minecraft:sugar_cane":8,"minecraft:iron_sword":1,"minecraft:oak_planks":8,"minecraft:iron_boots":1,"minecraft:egg":1,"minecraft:sandstone":11,"minecraft:pumpkin":15,"minecraft:sand":16,"minecraft:white_bed":1,"minecraft:arrow":3,"minecraft:rotten_flesh":7,"minecraft:diamond":10,"minecraft:iron_helmet":1,"minecraft:bread":3,"minecraft:jack_o_lantern":9,"tombstone:magic_scroll":1,"minecraft:cobblestone":26,"minecraft:oxeye_daisy":1},"minecraft:crafted":{"minecraft:cooked_beef":2,"minecraft:oak_planks":80,"minecraft:stone_shovel":1,"minecraft:crafting_table":2,"minecraft:wooden_pickaxe":1,"minecraft:cooked_chicken":2,"minecraft:furnace":2,"minecraft:stone_axe":1,"minecraft:air":0,"minecraft:charcoal":3,"minecraft:stick":12,"minecraft:iron_ingot":2,"minecraft:stone_sword":1,"minecraft:iron_shovel":2},"minecraft:custom":{"minecraft:interact_with_furnace":12,"minecraft:mob_kills":12,"minecraft:interact_with_crafting_table":10,"minecraft:leave_game":1,"minecraft:time_since_death":66019,"minecraft:sleep_in_bed":5,"minecraft:time_since_rest":3437,"minecraft:sprint_one_cm":64944,"minecraft:damage_taken":880,"minecraft:walk_one_cm":334173,"minecraft:damage_blocked_by_shield":445,"minecraft:drop":1,"minecraft:damage_dealt":2010,"minecraft:fly_one_cm":13063,"minecraft:crouch_one_cm":326,"minecraft:play_time":87357,"tombstone:undead_killed":9,"minecraft:deaths":1,"minecraft:sneak_time":57,"minecraft:walk_under_water_one_cm":4628,"minecraft:jump":468,"minecraft:walk_on_water_one_cm":10408,"minecraft:total_world_time":87357,"minecraft:fall_one_cm":6071},"minecraft:dropped":{"minecraft:wooden_axe":1},"minecraft:killed_by":{"minecraft:zombie":1},"minecraft:used":{"minecraft:stone_sword":8,"minecraft:iron_shovel":406,"minecraft:stone_shovel":133,"minecraft:oak_planks":54,"minecraft:wooden_pickaxe":33,"minecraft:shield":11,"minecraft:iron_sword":22,"minecraft:cooked_chicken":2,"minecraft:rotten_flesh":2,"minecraft:dirt":56,"minecraft:crafting_table":3,"minecraft:white_bed":1,"minecraft:oak_log":1,"minecraft:wooden_axe":36,"minecraft:bread":3,"minecraft:stone_axe":31,"minecraft:furnace":2,"minecraft:cooked_beef":2}},"DataVersion":3120}