{"stats":{"minecraft:killed_by":{"minecraft:wolf":1,"minecraft:ravager":1,"minecraft:vindicator":5,"minecraft:zombie":1},"minecraft:broken":{"minecraft:iron_shovel":2,"minecraft:wooden_pickaxe":1,"minecraft:iron_axe":2,"minecraft:iron_helmet":1,"minecraft:wooden_axe":1,"minecraft:stone_shovel":1},"minecraft:picked_up":{"minecraft:wooden_axe":2,"minecraft:charcoal":1,"minecraft:crafting_table":2,"minecraft:iron_chestplate":1,"minecraft:wheat":18,"minecraft:azure_bluet":15,"travelersbackpack:bat":2,"minecraft:chicken":5,"minecraft:lead":3,"minecraft:enchanted_book":1,"minecraft:shield":1,"minecraft:string":9,"minecraft:iron_leggings":2,"minecraft:pufferfish":1,"minecraft:diamond_leggings":1,"delightful:acorn":2,"minecraft:beef":3,"minecraft:coal_block":1,"minecraft:sugar_cane":8,"minecraft:birch_sapling":66,"minecraft:furnace":1,"minecraft:iron_boots":1,"minecraft:egg":5,"minecraft:dark_oak_sapling":29,"minecraft:stick":41,"minecraft:raw_iron":1,"minecraft:sandstone":21,"minecraft:stone":56,"minecraft:oak_door":6,"minecraft:oak_fence":1,"minecraft:torch":5,"minecraft:porkchop":1,"tombstone:grave_dust":5,"minecraft:carrot":16,"minecraft:arrow":12,"minecraft:rotten_flesh":41,"minecraft:diamond_boots":1,"minecraft:red_tulip":13,"minecraft:pink_tulip":1,"tombstone:essence_of_undeath":1,"minecraft:mutton":4,"minecraft:cod":6,"minecraft:white_wool":4,"minecraft:cobblestone":261,"minecraft:oxeye_daisy":1,"minecraft:stripped_oak_log":4,"minecraft:birch_log":248,"minecraft:feather":7,"minecraft:birch_slab":11,"minecraft:salmon":5,"minecraft:leather":5,"minecraft:potato":2,"minecraft:birch_planks":60,"minecraft:oak_log":62,"minecraft:lily_pad":1,"lucky:lucky_block":1,"minecraft:gunpowder":2,"minecraft:stripped_birch_log":1,"minecraft:dirt":2201,"minecraft:white_banner":1,"tombstone:gift":1,"minecraft:name_tag":1,"minecraft:bone":14,"minecraft:apple":1,"minecraft:stone_bricks":11,"minecraft:bow":1,"minecraft:wheat_seeds":88,"minecraft:iron_ingot":25,"minecraft:cooked_chicken":2,"minecraft:iron_sword":1,"minecraft:oak_planks":8,"miners_delight:squid":2,"minecraft:pumpkin":15,"minecraft:gravel":1,"minecraft:sand":95,"minecraft:ink_sac":3,"minecraft:white_bed":2,"minecraft:dark_oak_log":47,"minecraft:spider_eye":1,"minecraft:bundle":1,"minecraft:diamond":14,"minecraft:polished_granite_slab":1,"minecraft:iron_helmet":1,"minecraft:gray_wool":2,"minecraft:baked_potato":15,"minecraft:bread":3,"minecraft:oak_sapling":9,"minecraft:jack_o_lantern":9,"tombstone:magic_scroll":3,"minecraft:black_wool":1,"minecraft:coal":45},"minecraft:dropped":{"minecraft:iron_ingot":4,"minecraft:birch_planks":2,"minecraft:wheat_seeds":6,"minecraft:diamond":6,"minecraft:cobblestone":64,"minecraft:lead":2,"minecraft:leather":5,"minecraft:gray_wool":1,"minecraft:wooden_axe":1,"minecraft:rotten_flesh":3},"minecraft:mined":{"minecraft:polished_granite_slab":1,"minecraft:white_bed":1,"minecraft:oak_door":4,"minecraft:grass_block":1399,"minecraft:white_stained_glass":6,"minecraft:birch_slab":4,"minecraft:sandstone":10,"minecraft:tall_seagrass":1,"minecraft:furnace":1,"minecraft:iron_ore":1,"minecraft:pumpkin":7,"treechop:chopped_log":20,"minecraft:azure_bluet":1,"minecraft:stripped_oak_log":4,"lucky:lucky_block":3,"minecraft:stone":257,"minecraft:soul_fire":1,"travelersbackpack:standard":1,"minecraft:oak_fence":1,"minecraft:crafting_table":2,"minecraft:torch":4,"minecraft:white_stained_glass_pane":1,"minecraft:tall_grass":9,"minecraft:cobblestone":5,"minecraft:sugar_cane":2,"minecraft:oak_planks":7,"minecraft:wall_torch":1,"minecraft:seagrass":1,"minecraft:birch_planks":58,"minecraft:birch_log":143,"minecraft:wheat":18,"minecraft:birch_leaves":12,"minecraft:grass":92,"minecraft:oak_log":64,"minecraft:coal_ore":45,"minecraft:gravel":1,"minecraft:sand":89,"minecraft:dirt":476,"minecraft:stone_bricks":12,"minecraft:oak_leaves":19},"minecraft:crafted":{"minecraft:oak_door":3,"minecraft:oak_planks":190,"minecraft:stone_shovel":1,"minecraft:fishing_rod":1,"minecraft:cooked_chicken":5,"minecraft:birch_slab":288,"minecraft:furnace":5,"minecraft:stone":42,"minecraft:bone_meal":18,"minecraft:diamond_shovel":1,"minecraft:cooked_mutton":4,"minecraft:glass_pane":48,"minecraft:glass":31,"minecraft:iron_axe":2,"securitycraft:universal_block_remover":1,"minecraft:iron_hoe":1,"minecraft:chest":4,"minecraft:stone_bricks":52,"minecraft:oak_fence":36,"minecraft:smoker":2,"minecraft:cooked_beef":3,"minecraft:sugar":8,"minecraft:coal_block":2,"minecraft:cooked_cod":6,"minecraft:cooked_porkchop":1,"minecraft:crafting_table":2,"minecraft:wooden_pickaxe":1,"minecraft:cooked_salmon":3,"minecraft:bucket":1,"minecraft:birch_planks":716,"minecraft:stone_axe":1,"minecraft:white_stained_glass":8,"minecraft:white_stained_glass_pane":48,"minecraft:bread":6,"minecraft:air":0,"minecraft:charcoal":10,"minecraft:white_dye":7,"minecraft:stick":56,"minecraft:iron_ingot":3,"minecraft:iron_pickaxe":3,"minecraft:stone_sword":1,"minecraft:iron_shovel":2,"minecraft:stonecutter":1,"minecraft:white_bed":1,"minecraft:pumpkin_pie":4,"minecraft:torch":20,"minecraft:birch_stairs":14,"minecraft:shears":1},"minecraft:used":{"minecraft:oak_fence":35,"minecraft:stone_sword":8,"minecraft:iron_shovel":514,"minecraft:stone_shovel":133,"minecraft:chest":4,"minecraft:shield":63,"minecraft:iron_sword":224,"minecraft:cooked_salmon":3,"travelersbackpack:bat":2,"minecraft:cooked_chicken":7,"minecraft:rotten_flesh":2,"minecraft:oak_door":6,"minecraft:torch":24,"minecraft:dirt":470,"minecraft:carrot":10,"minecraft:polished_granite_slab":1,"minecraft:wooden_axe":36,"minecraft:iron_hoe":19,"lucky:lucky_block":1,"minecraft:iron_axe":440,"minecraft:birch_sapling":56,"minecraft:stone_bricks":43,"minecraft:cooked_cod":6,"minecraft:oak_sapling":6,"minecraft:furnace":4,"minecraft:white_stained_glass_pane":46,"tombstone:gift":6,"minecraft:cooked_beef":3,"minecraft:wheat_seeds":27,"minecraft:cooked_mutton":4,"minecraft:birch_planks":469,"minecraft:baked_potato":15,"minecraft:oak_planks":54,"minecraft:wooden_pickaxe":47,"minecraft:sandstone":11,"minecraft:stonecutter":1,"minecraft:crafting_table":4,"minecraft:white_bed":3,"minecraft:smoker":2,"minecraft:oak_log":1,"minecraft:diamond_shovel":1334,"minecraft:birch_slab":295,"minecraft:bread":9,"minecraft:iron_pickaxe":303,"minecraft:stone_axe":57,"minecraft:fishing_rod":30,"minecraft:cobblestone":29,"minecraft:cooked_porkchop":1,"minecraft:white_stained_glass":6,"minecraft:birch_log":58,"minecraft:pumpkin_pie":4,"minecraft:bone_meal":10,"minecraft:birch_stairs":16},"minecraft:killed":{"minecraft:vindicator":2,"minecraft:spider":7,"minecraft:skeleton":11,"minecraft:chicken":5,"minecraft:drowned":2,"minecraft:skeleton_horse":1,"minecraft:bat":1,"minecraft:wandering_trader":1,"minecraft:creeper":3,"minecraft:sheep":2,"minecraft:trader_llama":1,"minecraft:pillager":2,"minecraft:zombie":28,"minecraft:cow":2},"minecraft:custom":{"minecraft:mob_kills":67,"minecraft:interact_with_crafting_table":68,"minecraft:leave_game":2,"minecraft:time_since_death":58233,"minecraft:climb_one_cm":2661,"minecraft:sprint_one_cm":852593,"minecraft:walk_one_cm":1682738,"minecraft:damage_blocked_by_shield":2405,"minecraft:drop":24,"minecraft:talked_to_villager":2,"minecraft:raid_win":1,"minecraft:play_time":495604,"minecraft:deaths":9,"minecraft:sneak_time":480,"minecraft:walk_under_water_one_cm":16051,"minecraft:jump":2658,"minecraft:walk_on_water_one_cm":29793,"minecraft:total_world_time":495604,"minecraft:interact_with_furnace":43,"tombstone:raider_killed":4,"minecraft:sleep_in_bed":25,"minecraft:time_since_rest":4983,"minecraft:damage_taken":4994,"minecraft:damage_dealt":13097,"minecraft:player_kills":1,"minecraft:fly_one_cm":230005,"minecraft:open_chest":55,"minecraft:crouch_one_cm":1130,"tombstone:undead_killed":42,"tombstone:villager_killed":1,"minecraft:interact_with_smoker":16,"minecraft:fish_caught":12,"minecraft:fall_one_cm":51112,"minecraft:horse_one_cm":22087}},"DataVersion":3120}