{"stats":{"minecraft:killed":{"minecraft:spider":4,"minecraft:skeleton":6,"minecraft:chicken":5,"minecraft:drowned":1,"minecraft:bat":1,"minecraft:wandering_trader":1,"minecraft:creeper":2,"minecraft:sheep":2,"minecraft:trader_llama":1,"minecraft:zombie":18,"minecraft:cow":1},"minecraft:broken":{"minecraft:iron_shovel":2,"minecraft:wooden_pickaxe":1,"minecraft:wooden_axe":1,"minecraft:stone_shovel":1},"minecraft:mined":{"minecraft:white_bed":1,"minecraft:grass_block":1369,"minecraft:sandstone":10,"minecraft:tall_seagrass":1,"minecraft:furnace":1,"minecraft:iron_ore":1,"minecraft:pumpkin":7,"minecraft:azure_bluet":1,"minecraft:stripped_oak_log":4,"lucky:lucky_block":2,"minecraft:stone":144,"minecraft:crafting_table":2,"minecraft:tall_grass":6,"minecraft:cobblestone":5,"minecraft:sugar_cane":2,"minecraft:oak_planks":7,"minecraft:birch_log":113,"minecraft:wheat":3,"minecraft:birch_leaves":12,"minecraft:grass":59,"minecraft:oak_log":38,"minecraft:coal_ore":35,"minecraft:gravel":1,"minecraft:sand":54,"minecraft:dirt":458,"minecraft:oak_leaves":15},"minecraft:picked_up":{"minecraft:wooden_axe":2,"minecraft:charcoal":1,"minecraft:crafting_table":2,"minecraft:iron_chestplate":1,"minecraft:wheat":3,"minecraft:azure_bluet":15,"travelersbackpack:bat":1,"minecraft:chicken":5,"minecraft:lead":2,"minecraft:shield":1,"minecraft:string":4,"minecraft:iron_leggings":1,"minecraft:diamond_leggings":1,"minecraft:beef":2,"minecraft:coal_block":1,"minecraft:sugar_cane":8,"minecraft:birch_sapling":14,"minecraft:egg":5,"minecraft:iron_boots":1,"minecraft:furnace":1,"minecraft:stick":13,"minecraft:raw_iron":1,"minecraft:sandstone":21,"minecraft:stone":56,"minecraft:porkchop":1,"tombstone:grave_dust":2,"minecraft:arrow":6,"minecraft:rotten_flesh":29,"minecraft:diamond_boots":1,"minecraft:red_tulip":13,"minecraft:pink_tulip":1,"minecraft:mutton":4,"minecraft:cobblestone":153,"minecraft:white_wool":2,"minecraft:oxeye_daisy":1,"minecraft:stripped_oak_log":4,"minecraft:birch_log":112,"minecraft:feather":7,"minecraft:leather":2,"minecraft:oak_log":36,"minecraft:dirt":1774,"tombstone:gift":1,"minecraft:bone":6,"minecraft:wheat_seeds":47,"minecraft:iron_ingot":25,"minecraft:cooked_chicken":2,"minecraft:oak_planks":8,"minecraft:iron_sword":1,"minecraft:pumpkin":15,"minecraft:gravel":1,"minecraft:sand":67,"minecraft:ink_sac":3,"minecraft:white_bed":2,"minecraft:diamond":10,"minecraft:iron_helmet":1,"minecraft:bread":3,"tombstone:magic_scroll":1,"minecraft:jack_o_lantern":9,"minecraft:oak_sapling":5,"minecraft:black_wool":1,"minecraft:coal":35},"minecraft:crafted":{"minecraft:oak_planks":108,"minecraft:stone_shovel":1,"minecraft:cooked_chicken":5,"minecraft:furnace":5,"minecraft:diamond_shovel":1,"minecraft:cooked_mutton":4,"minecraft:iron_axe":1,"minecraft:iron_hoe":1,"minecraft:chest":2,"minecraft:smoker":2,"minecraft:cooked_beef":2,"minecraft:coal_block":2,"minecraft:sugar":8,"minecraft:cooked_porkchop":1,"minecraft:crafting_table":2,"minecraft:wooden_pickaxe":1,"minecraft:bucket":1,"minecraft:stone_axe":1,"minecraft:air":0,"minecraft:charcoal":10,"minecraft:stick":28,"minecraft:iron_ingot":2,"minecraft:iron_pickaxe":1,"minecraft:stone_sword":1,"minecraft:iron_shovel":2,"minecraft:stonecutter":1,"minecraft:pumpkin_pie":4,"minecraft:torch":20,"minecraft:shears":1},"minecraft:custom":{"minecraft:mob_kills":39,"minecraft:interact_with_crafting_table":36,"minecraft:leave_game":1,"minecraft:time_since_death":23356,"minecraft:sprint_one_cm":357346,"minecraft:walk_one_cm":828974,"minecraft:damage_blocked_by_shield":1595,"minecraft:drop":2,"minecraft:talked_to_villager":1,"minecraft:play_time":237357,"minecraft:deaths":3,"minecraft:sneak_time":68,"minecraft:walk_under_water_one_cm":11250,"minecraft:jump":1374,"minecraft:walk_on_water_one_cm":20617,"minecraft:total_world_time":237357,"minecraft:interact_with_furnace":28,"minecraft:sleep_in_bed":16,"minecraft:time_since_rest":22666,"minecraft:damage_taken":1895,"minecraft:damage_dealt":6858,"minecraft:fly_one_cm":83591,"minecraft:open_chest":17,"minecraft:crouch_one_cm":326,"tombstone:undead_killed":25,"tombstone:villager_killed":1,"minecraft:interact_with_smoker":2,"minecraft:fall_one_cm":18194,"minecraft:horse_one_cm":6059},"minecraft:killed_by":{"minecraft:wolf":1,"minecraft:zombie":1},"minecraft:dropped":{"minecraft:wheat_seeds":6,"minecraft:wooden_axe":1},"minecraft:used":{"minecraft:stone_sword":8,"minecraft:iron_shovel":514,"minecraft:stone_shovel":133,"minecraft:shield":41,"minecraft:chest":2,"minecraft:iron_sword":156,"minecraft:rotten_flesh":2,"minecraft:cooked_chicken":7,"travelersbackpack:bat":1,"minecraft:torch":17,"minecraft:dirt":466,"minecraft:iron_hoe":19,"minecraft:wooden_axe":36,"minecraft:iron_axe":117,"minecraft:birch_sapling":8,"minecraft:furnace":3,"minecraft:oak_sapling":2,"tombstone:gift":3,"minecraft:cooked_beef":2,"minecraft:wheat_seeds":12,"minecraft:cooked_mutton":4,"minecraft:oak_planks":54,"minecraft:wooden_pickaxe":47,"minecraft:sandstone":11,"minecraft:stonecutter":1,"minecraft:crafting_table":4,"minecraft:white_bed":2,"minecraft:smoker":1,"minecraft:oak_log":1,"minecraft:diamond_shovel":1256,"minecraft:bread":3,"minecraft:iron_pickaxe":162,"minecraft:stone_axe":57,"minecraft:cobblestone":1,"minecraft:cooked_porkchop":1,"minecraft:pumpkin_pie":4}},"DataVersion":3120}