{"stats":{"minecraft:killed_by":{"minecraft:wolf":1,"minecraft:ravager":1,"minecraft:vindicator":5,"minecraft:zombie":1},"minecraft:broken":{"minecraft:iron_shovel":2,"minecraft:wooden_pickaxe":1,"minecraft:iron_axe":2,"minecraft:iron_sword":1,"minecraft:iron_pickaxe":1,"minecraft:iron_helmet":1,"minecraft:wooden_axe":1,"minecraft:stone_shovel":1},"minecraft:picked_up":{"minecraft:wooden_axe":2,"minecraft:charcoal":1,"minecraft:crafting_table":3,"minecraft:iron_chestplate":1,"travelersbackpack:hay":1,"minecraft:wheat":27,"minecraft:azure_bluet":15,"travelersbackpack:bat":2,"minecraft:chicken":5,"minecraft:lead":3,"minecraft:enchanted_book":1,"minecraft:shield":1,"minecraft:string":10,"minecraft:raw_copper":6,"minecraft:iron_leggings":2,"minecraft:pufferfish":2,"minecraft:diamond_leggings":1,"delightful:acorn":2,"minecraft:beef":3,"minecraft:coal_block":1,"minecraft:sugar_cane":8,"minecraft:birch_sapling":101,"minecraft:furnace":1,"minecraft:iron_boots":1,"minecraft:egg":6,"minecraft:dark_oak_door":3,"minecraft:dark_oak_sapling":44,"minecraft:stick":54,"minecraft:raw_iron":33,"minecraft:sandstone":21,"minecraft:stone":56,"minecraft:oak_door":6,"minecraft:oak_fence":1,"minecraft:torch":5,"minecraft:porkchop":1,"minecraft:redstone":5,"tombstone:grave_dust":10,"minecraft:diorite":5,"minecraft:carrot":20,"minecraft:arrow":14,"minecraft:rotten_flesh":52,"minecraft:diamond_boots":1,"minecraft:red_tulip":13,"minecraft:pink_tulip":1,"tombstone:essence_of_undeath":1,"minecraft:mutton":4,"minecraft:cod":7,"minecraft:white_wool":4,"minecraft:cobblestone":396,"minecraft:oxeye_daisy":1,"minecraft:stripped_oak_log":4,"minecraft:birch_log":345,"minecraft:feather":7,"minecraft:birch_slab":57,"minecraft:salmon":5,"minecraft:leather":5,"minecraft:potato":9,"minecraft:birch_planks":75,"minecraft:oak_log":62,"minecraft:lily_pad":1,"lucky:lucky_block":1,"minecraft:gunpowder":3,"minecraft:lapis_lazuli":8,"minecraft:stripped_birch_log":1,"minecraft:dirt":2214,"minecraft:white_banner":1,"tombstone:gift":1,"minecraft:name_tag":1,"minecraft:bone":19,"minecraft:apple":1,"minecraft:stone_bricks":12,"minecraft:bow":1,"minecraft:wheat_seeds":110,"minecraft:iron_ingot":25,"minecraft:cooked_chicken":2,"tombstone:bag_of_seeds":1,"minecraft:iron_sword":1,"minecraft:oak_planks":8,"miners_delight:squid":2,"minecraft:pumpkin":15,"minecraft:gravel":1,"minecraft:sand":113,"minecraft:ink_sac":3,"minecraft:white_bed":4,"minecraft:dark_oak_log":47,"minecraft:spider_eye":1,"minecraft:bundle":1,"minecraft:diamond":14,"minecraft:polished_granite_slab":1,"minecraft:iron_helmet":1,"minecraft:granite":1,"minecraft:gray_wool":2,"minecraft:baked_potato":15,"minecraft:bread":3,"minecraft:oak_sapling":9,"minecraft:jack_o_lantern":9,"tombstone:magic_scroll":4,"minecraft:black_wool":1,"minecraft:coal":74},"minecraft:dropped":{"minecraft:iron_ingot":4,"minecraft:birch_planks":2,"minecraft:wheat_seeds":6,"minecraft:diamond":6,"minecraft:dark_oak_sapling":15,"minecraft:cobblestone":64,"minecraft:lead":2,"minecraft:leather":5,"minecraft:gray_wool":1,"minecraft:wooden_axe":1,"tombstone:grave_dust":3,"minecraft:rotten_flesh":3},"minecraft:mined":{"minecraft:polished_granite_slab":1,"minecraft:white_bed":2,"minecraft:oak_door":4,"minecraft:granite":1,"minecraft:grass_block":1399,"minecraft:white_stained_glass":6,"minecraft:birch_slab":43,"minecraft:sandstone":10,"minecraft:redstone_ore":1,"minecraft:tall_seagrass":1,"minecraft:carrots":1,"minecraft:furnace":1,"minecraft:iron_ore":33,"minecraft:pumpkin":7,"treechop:chopped_log":36,"minecraft:azure_bluet":1,"minecraft:potatoes":2,"minecraft:stripped_oak_log":4,"lucky:lucky_block":3,"minecraft:stone":394,"minecraft:soul_fire":1,"travelersbackpack:standard":1,"minecraft:oak_fence":1,"minecraft:crafting_table":2,"minecraft:torch":4,"minecraft:white_stained_glass_pane":1,"minecraft:tall_grass":10,"minecraft:cobblestone":5,"minecraft:lapis_ore":1,"minecraft:diorite":5,"minecraft:sugar_cane":2,"minecraft:oak_planks":7,"minecraft:wall_torch":1,"minecraft:seagrass":1,"minecraft:birch_planks":69,"minecraft:dark_oak_door":2,"minecraft:birch_log":143,"minecraft:wheat":27,"minecraft:birch_leaves":12,"minecraft:grass":95,"minecraft:oak_log":64,"minecraft:coal_ore":74,"minecraft:gravel":1,"minecraft:sand":108,"minecraft:dirt":478,"minecraft:stone_bricks":13,"minecraft:oak_leaves":19},"minecraft:crafted":{"minecraft:oak_door":3,"minecraft:smooth_stone":3,"minecraft:oak_planks":190,"minecraft:stone_shovel":1,"minecraft:fishing_rod":2,"minecraft:cooked_chicken":5,"minecraft:birch_slab":480,"minecraft:furnace":6,"minecraft:blast_furnace":1,"minecraft:stone":42,"minecraft:bone_meal":33,"minecraft:diamond_shovel":1,"minecraft:cooked_mutton":4,"minecraft:glass_pane":72,"minecraft:dark_oak_door":3,"minecraft:glass":65,"minecraft:iron_axe":3,"securitycraft:universal_block_remover":1,"minecraft:iron_hoe":1,"minecraft:chest":4,"minecraft:dark_oak_planks":8,"minecraft:stone_bricks":52,"minecraft:oak_fence":36,"minecraft:smoker":2,"minecraft:cooked_beef":3,"minecraft:sugar":8,"minecraft:coal_block":2,"minecraft:cooked_cod":7,"minecraft:cooked_porkchop":1,"minecraft:crafting_table":2,"minecraft:baked_potato":5,"minecraft:wooden_pickaxe":1,"minecraft:cooked_salmon":5,"minecraft:bucket":1,"minecraft:birch_planks":1060,"minecraft:stone_axe":1,"minecraft:white_stained_glass":24,"minecraft:white_stained_glass_pane":72,"minecraft:bread":9,"minecraft:air":0,"minecraft:charcoal":10,"minecraft:white_dye":12,"minecraft:stick":56,"minecraft:iron_ingot":35,"minecraft:iron_pickaxe":4,"minecraft:stone_sword":1,"minecraft:iron_shovel":2,"minecraft:stonecutter":1,"minecraft:white_bed":1,"minecraft:pumpkin_pie":4,"minecraft:torch":20,"minecraft:birch_stairs":14,"minecraft:shears":1},"minecraft:used":{"minecraft:oak_fence":35,"minecraft:stone_sword":52,"minecraft:iron_shovel":514,"minecraft:stone_shovel":133,"minecraft:chest":4,"minecraft:shield":64,"minecraft:iron_sword":238,"minecraft:cooked_salmon":5,"travelersbackpack:bat":2,"minecraft:cooked_chicken":7,"minecraft:rotten_flesh":2,"minecraft:oak_door":6,"minecraft:torch":25,"minecraft:dirt":514,"minecraft:carrot":23,"minecraft:polished_granite_slab":1,"minecraft:granite":1,"minecraft:wooden_axe":36,"minecraft:iron_hoe":19,"lucky:lucky_block":1,"minecraft:iron_axe":592,"minecraft:birch_sapling":88,"minecraft:stone_bricks":43,"minecraft:cooked_cod":7,"minecraft:oak_sapling":6,"minecraft:furnace":4,"minecraft:white_stained_glass_pane":67,"tombstone:gift":8,"minecraft:potato":4,"minecraft:cooked_beef":3,"minecraft:dark_oak_sapling":4,"minecraft:wheat_seeds":27,"minecraft:cooked_mutton":4,"minecraft:birch_planks":636,"minecraft:baked_potato":20,"minecraft:oak_planks":54,"minecraft:wooden_pickaxe":47,"minecraft:sandstone":11,"minecraft:stonecutter":1,"minecraft:crafting_table":5,"minecraft:blast_furnace":1,"minecraft:white_bed":5,"minecraft:dark_oak_door":5,"minecraft:smoker":2,"minecraft:oak_log":1,"minecraft:apple":1,"minecraft:diamond_shovel":1355,"minecraft:birch_slab":497,"minecraft:bread":12,"minecraft:iron_pickaxe":537,"minecraft:stone_axe":57,"minecraft:fishing_rod":34,"minecraft:cobblestone":29,"minecraft:cooked_porkchop":1,"minecraft:white_stained_glass":15,"minecraft:birch_log":65,"minecraft:pumpkin_pie":4,"minecraft:bone_meal":20,"minecraft:birch_stairs":16},"minecraft:killed":{"minecraft:vindicator":2,"minecraft:spider":8,"minecraft:skeleton":14,"minecraft:chicken":5,"minecraft:drowned":2,"minecraft:skeleton_horse":1,"minecraft:bat":1,"minecraft:wandering_trader":1,"minecraft:creeper":4,"minecraft:sheep":2,"minecraft:trader_llama":1,"minecraft:pillager":2,"minecraft:zombie":39,"minecraft:cow":2},"minecraft:custom":{"minecraft:mob_kills":83,"minecraft:interact_with_crafting_table":92,"minecraft:leave_game":3,"minecraft:time_since_death":153320,"minecraft:climb_one_cm":3804,"minecraft:sprint_one_cm":1058964,"minecraft:walk_one_cm":2057290,"minecraft:damage_blocked_by_shield":2415,"minecraft:drop":26,"minecraft:talked_to_villager":2,"minecraft:raid_win":1,"minecraft:play_time":590691,"minecraft:deaths":9,"minecraft:sneak_time":772,"minecraft:walk_under_water_one_cm":22653,"minecraft:jump":3343,"minecraft:interact_with_blast_furnace":4,"minecraft:walk_on_water_one_cm":39486,"minecraft:total_world_time":590691,"minecraft:interact_with_furnace":59,"tombstone:raider_killed":4,"minecraft:sleep_in_bed":29,"minecraft:time_since_rest":14622,"minecraft:damage_taken":5721,"minecraft:damage_dealt":16521,"minecraft:player_kills":1,"minecraft:fly_one_cm":274830,"minecraft:open_chest":76,"minecraft:crouch_one_cm":1499,"tombstone:undead_killed":56,"tombstone:villager_killed":1,"minecraft:interact_with_smoker":19,"minecraft:fish_caught":14,"minecraft:fall_one_cm":68686,"minecraft:horse_one_cm":123318}},"DataVersion":3120}