{"stats":{"minecraft:killed":{"minecraft:spider":2,"minecraft:creeper":1,"minecraft:sheep":1,"minecraft:skeleton":4,"minecraft:zombie":17,"minecraft:chicken":5,"minecraft:drowned":1,"minecraft:cow":1},"minecraft:broken":{"minecraft:iron_shovel":2,"minecraft:wooden_axe":1,"minecraft:stone_shovel":1,"minecraft:wooden_pickaxe":1},"minecraft:mined":{"minecraft:white_bed":1,"minecraft:crafting_table":2,"minecraft:grass_block":1369,"minecraft:tall_grass":6,"minecraft:oak_planks":7,"minecraft:sugar_cane":2,"minecraft:sandstone":10,"minecraft:tall_seagrass":1,"minecraft:iron_ore":1,"minecraft:birch_log":99,"minecraft:birch_leaves":4,"minecraft:pumpkin":7,"minecraft:azure_bluet":1,"minecraft:grass":52,"minecraft:coal_ore":5,"minecraft:oak_log":38,"minecraft:sand":52,"minecraft:dirt":458,"lucky:lucky_block":1,"minecraft:stone":41,"minecraft:oak_leaves":3},"minecraft:picked_up":{"minecraft:wooden_axe":2,"minecraft:birch_log":98,"minecraft:iron_chestplate":1,"minecraft:crafting_table":2,"minecraft:azure_bluet":15,"minecraft:feather":7,"travelersbackpack:bat":1,"minecraft:chicken":5,"minecraft:oak_log":36,"minecraft:shield":1,"minecraft:string":2,"minecraft:dirt":1757,"tombstone:gift":1,"minecraft:iron_leggings":1,"minecraft:bone":6,"minecraft:diamond_leggings":1,"minecraft:wheat_seeds":38,"minecraft:iron_ingot":25,"minecraft:beef":2,"minecraft:cooked_chicken":2,"minecraft:sugar_cane":8,"minecraft:birch_sapling":10,"minecraft:iron_sword":1,"minecraft:oak_planks":8,"minecraft:iron_boots":1,"minecraft:egg":5,"minecraft:raw_iron":1,"minecraft:stick":6,"minecraft:sandstone":21,"minecraft:pumpkin":15,"minecraft:porkchop":1,"minecraft:sand":65,"minecraft:ink_sac":3,"tombstone:grave_dust":2,"minecraft:white_bed":2,"minecraft:arrow":6,"minecraft:rotten_flesh":27,"minecraft:diamond":10,"minecraft:diamond_boots":1,"minecraft:iron_helmet":1,"minecraft:red_tulip":13,"minecraft:bread":3,"minecraft:jack_o_lantern":9,"tombstone:magic_scroll":1,"minecraft:oak_sapling":3,"minecraft:mutton":2,"minecraft:coal":5,"minecraft:white_wool":1,"minecraft:cobblestone":46,"minecraft:oxeye_daisy":1},"minecraft:crafted":{"minecraft:cooked_beef":2,"minecraft:sugar":8,"minecraft:oak_planks":92,"minecraft:stone_shovel":1,"minecraft:cooked_porkchop":1,"minecraft:crafting_table":2,"minecraft:wooden_pickaxe":1,"minecraft:cooked_chicken":5,"minecraft:furnace":2,"minecraft:bucket":1,"minecraft:diamond_shovel":1,"minecraft:stone_axe":1,"minecraft:cooked_mutton":2,"minecraft:air":0,"minecraft:charcoal":10,"minecraft:iron_axe":1,"minecraft:iron_hoe":1,"minecraft:stick":28,"minecraft:iron_ingot":2,"minecraft:iron_pickaxe":1,"minecraft:stone_sword":1,"minecraft:chest":2,"minecraft:iron_shovel":2,"minecraft:pumpkin_pie":4,"minecraft:torch":20},"minecraft:custom":{"minecraft:interact_with_furnace":24,"minecraft:mob_kills":28,"minecraft:interact_with_crafting_table":26,"minecraft:leave_game":1,"minecraft:time_since_death":72498,"minecraft:sleep_in_bed":16,"minecraft:time_since_rest":2252,"minecraft:sprint_one_cm":290986,"minecraft:damage_taken":1629,"minecraft:walk_one_cm":723466,"minecraft:damage_blocked_by_shield":995,"minecraft:drop":1,"minecraft:damage_dealt":5118,"minecraft:talked_to_villager":1,"minecraft:fly_one_cm":56487,"minecraft:open_chest":15,"minecraft:crouch_one_cm":326,"minecraft:play_time":213357,"tombstone:undead_killed":22,"minecraft:deaths":2,"minecraft:sneak_time":65,"minecraft:walk_under_water_one_cm":9866,"minecraft:jump":1109,"minecraft:walk_on_water_one_cm":19833,"minecraft:total_world_time":213357,"minecraft:fall_one_cm":16071,"minecraft:horse_one_cm":4193},"minecraft:dropped":{"minecraft:wooden_axe":1},"minecraft:killed_by":{"minecraft:zombie":1},"minecraft:used":{"minecraft:wheat_seeds":9,"minecraft:cooked_mutton":2,"minecraft:stone_sword":8,"minecraft:iron_shovel":514,"minecraft:stone_shovel":133,"minecraft:oak_planks":54,"minecraft:chest":2,"minecraft:wooden_pickaxe":47,"minecraft:shield":21,"minecraft:sandstone":11,"minecraft:iron_sword":107,"minecraft:cooked_chicken":7,"minecraft:rotten_flesh":2,"minecraft:torch":17,"minecraft:dirt":425,"minecraft:crafting_table":3,"minecraft:white_bed":2,"minecraft:oak_log":1,"minecraft:iron_hoe":9,"minecraft:wooden_axe":36,"minecraft:diamond_shovel":1256,"minecraft:birch_sapling":8,"minecraft:iron_axe":94,"minecraft:bread":3,"minecraft:iron_pickaxe":22,"minecraft:stone_axe":57,"minecraft:cooked_porkchop":1,"minecraft:furnace":2,"tombstone:gift":3,"minecraft:pumpkin_pie":4,"minecraft:cooked_beef":2}},"DataVersion":3120}