{"stats":{"minecraft:killed":{"minecraft:skeleton":2,"minecraft:zombie":2,"minecraft:chicken":2,"minecraft:cow":1},"minecraft:broken":{"minecraft:wooden_axe":1,"minecraft:stone_shovel":1},"minecraft:mined":{"minecraft:crafting_table":1,"minecraft:grass_block":239,"minecraft:tall_grass":5,"minecraft:oak_planks":7,"minecraft:sugar_cane":2,"minecraft:birch_log":3,"minecraft:pumpkin":7,"minecraft:grass":11,"minecraft:oak_log":25,"minecraft:dirt":4,"lucky:lucky_block":1,"minecraft:stone":21,"minecraft:oak_leaves":2},"minecraft:picked_up":{"minecraft:wooden_axe":2,"minecraft:birch_log":3,"minecraft:iron_chestplate":1,"minecraft:crafting_table":1,"minecraft:feather":3,"minecraft:chicken":2,"minecraft:oak_log":24,"minecraft:shield":1,"minecraft:dirt":234,"minecraft:iron_leggings":1,"minecraft:bone":4,"minecraft:wheat_seeds":6,"minecraft:beef":2,"minecraft:sugar_cane":8,"minecraft:iron_sword":1,"minecraft:oak_planks":8,"minecraft:iron_boots":1,"minecraft:egg":1,"minecraft:sandstone":11,"minecraft:pumpkin":15,"minecraft:sand":14,"minecraft:white_bed":1,"minecraft:arrow":3,"minecraft:rotten_flesh":2,"minecraft:iron_helmet":1,"minecraft:bread":3,"minecraft:jack_o_lantern":9,"tombstone:magic_scroll":1,"minecraft:cobblestone":26},"minecraft:crafted":{"minecraft:cooked_beef":2,"minecraft:oak_planks":80,"minecraft:stone_shovel":1,"minecraft:crafting_table":2,"minecraft:wooden_pickaxe":1,"minecraft:cooked_chicken":2,"minecraft:furnace":2,"minecraft:stone_axe":1,"minecraft:air":0,"minecraft:charcoal":3,"minecraft:stick":12,"minecraft:iron_ingot":2,"minecraft:stone_sword":1,"minecraft:iron_shovel":1},"minecraft:custom":{"minecraft:interact_with_furnace":11,"minecraft:mob_kills":7,"minecraft:interact_with_crafting_table":9,"minecraft:leave_game":1,"minecraft:time_since_death":54019,"minecraft:sleep_in_bed":2,"minecraft:time_since_rest":12513,"minecraft:sprint_one_cm":54830,"minecraft:damage_taken":770,"minecraft:walk_one_cm":265178,"minecraft:damage_blocked_by_shield":430,"minecraft:drop":1,"minecraft:damage_dealt":890,"minecraft:fly_one_cm":11562,"minecraft:crouch_one_cm":326,"minecraft:play_time":75357,"tombstone:undead_killed":4,"minecraft:deaths":1,"minecraft:sneak_time":57,"minecraft:walk_under_water_one_cm":1956,"minecraft:jump":416,"minecraft:walk_on_water_one_cm":7620,"minecraft:total_world_time":75357,"minecraft:fall_one_cm":5862},"minecraft:dropped":{"minecraft:wooden_axe":1},"minecraft:killed_by":{"minecraft:zombie":1},"minecraft:used":{"minecraft:stone_sword":8,"minecraft:iron_shovel":107,"minecraft:stone_shovel":133,"minecraft:oak_planks":54,"minecraft:wooden_pickaxe":33,"minecraft:shield":10,"minecraft:cooked_chicken":2,"minecraft:rotten_flesh":2,"minecraft:dirt":4,"minecraft:crafting_table":3,"minecraft:white_bed":1,"minecraft:oak_log":1,"minecraft:wooden_axe":36,"minecraft:bread":3,"minecraft:stone_axe":31,"minecraft:furnace":2,"minecraft:cooked_beef":2}},"DataVersion":3120}