{"stats":{"minecraft:killed_by":{"minecraft:wolf":1,"minecraft:zombie":1},"minecraft:broken":{"minecraft:iron_shovel":2,"minecraft:wooden_pickaxe":1,"minecraft:iron_axe":1,"minecraft:wooden_axe":1,"minecraft:stone_shovel":1},"minecraft:picked_up":{"minecraft:wooden_axe":2,"minecraft:charcoal":1,"minecraft:crafting_table":2,"minecraft:iron_chestplate":1,"minecraft:wheat":18,"minecraft:azure_bluet":15,"travelersbackpack:bat":2,"minecraft:chicken":5,"minecraft:lead":2,"minecraft:enchanted_book":1,"minecraft:shield":1,"minecraft:string":9,"minecraft:iron_leggings":1,"minecraft:pufferfish":1,"minecraft:diamond_leggings":1,"delightful:acorn":1,"minecraft:beef":3,"minecraft:coal_block":1,"minecraft:sugar_cane":8,"minecraft:birch_sapling":38,"minecraft:furnace":1,"minecraft:iron_boots":1,"minecraft:egg":5,"minecraft:stick":25,"minecraft:raw_iron":1,"minecraft:sandstone":21,"minecraft:stone":56,"minecraft:oak_fence":1,"minecraft:torch":3,"minecraft:porkchop":1,"tombstone:grave_dust":2,"minecraft:arrow":9,"minecraft:rotten_flesh":33,"minecraft:diamond_boots":1,"minecraft:red_tulip":13,"minecraft:pink_tulip":1,"minecraft:mutton":4,"minecraft:cod":6,"minecraft:white_wool":4,"minecraft:cobblestone":259,"minecraft:oxeye_daisy":1,"minecraft:stripped_oak_log":4,"minecraft:birch_log":189,"minecraft:feather":7,"minecraft:salmon":5,"minecraft:leather":5,"minecraft:birch_planks":53,"minecraft:oak_log":62,"minecraft:lily_pad":1,"lucky:lucky_block":1,"minecraft:stripped_birch_log":1,"minecraft:dirt":2189,"tombstone:gift":1,"minecraft:bone":11,"minecraft:stone_bricks":11,"minecraft:bow":1,"minecraft:wheat_seeds":85,"minecraft:iron_ingot":25,"minecraft:cooked_chicken":2,"minecraft:iron_sword":1,"minecraft:oak_planks":8,"miners_delight:squid":2,"minecraft:pumpkin":15,"minecraft:gravel":1,"minecraft:sand":79,"minecraft:ink_sac":3,"minecraft:white_bed":2,"minecraft:spider_eye":1,"minecraft:bundle":1,"minecraft:diamond":14,"minecraft:polished_granite_slab":1,"minecraft:iron_helmet":1,"minecraft:gray_wool":2,"minecraft:bread":3,"minecraft:oak_sapling":8,"minecraft:jack_o_lantern":9,"tombstone:magic_scroll":3,"minecraft:black_wool":1,"minecraft:coal":35},"minecraft:dropped":{"minecraft:iron_ingot":4,"minecraft:birch_planks":2,"minecraft:wheat_seeds":6,"minecraft:diamond":6,"minecraft:cobblestone":64,"minecraft:lead":2,"minecraft:leather":5,"minecraft:gray_wool":1,"minecraft:wooden_axe":1,"minecraft:rotten_flesh":3},"minecraft:mined":{"minecraft:polished_granite_slab":1,"minecraft:white_bed":1,"minecraft:grass_block":1399,"minecraft:sandstone":10,"minecraft:tall_seagrass":1,"minecraft:furnace":1,"minecraft:iron_ore":1,"minecraft:pumpkin":7,"treechop:chopped_log":8,"minecraft:azure_bluet":1,"minecraft:stripped_oak_log":4,"lucky:lucky_block":3,"minecraft:stone":255,"travelersbackpack:standard":1,"minecraft:oak_fence":1,"minecraft:crafting_table":2,"minecraft:torch":4,"minecraft:tall_grass":6,"minecraft:cobblestone":5,"minecraft:sugar_cane":2,"minecraft:oak_planks":7,"minecraft:birch_planks":53,"minecraft:birch_log":143,"minecraft:wheat":18,"minecraft:birch_leaves":12,"minecraft:grass":87,"minecraft:oak_log":64,"minecraft:coal_ore":35,"minecraft:gravel":1,"minecraft:sand":68,"minecraft:dirt":464,"minecraft:stone_bricks":12,"minecraft:oak_leaves":19},"minecraft:crafted":{"minecraft:oak_door":3,"minecraft:oak_planks":190,"minecraft:stone_shovel":1,"minecraft:fishing_rod":1,"minecraft:cooked_chicken":5,"minecraft:birch_slab":96,"minecraft:furnace":5,"minecraft:stone":42,"minecraft:bone_meal":18,"minecraft:diamond_shovel":1,"minecraft:cooked_mutton":4,"minecraft:glass_pane":48,"minecraft:glass":31,"minecraft:iron_axe":2,"securitycraft:universal_block_remover":1,"minecraft:iron_hoe":1,"minecraft:chest":4,"minecraft:stone_bricks":52,"minecraft:oak_fence":36,"minecraft:smoker":2,"minecraft:cooked_beef":3,"minecraft:sugar":8,"minecraft:coal_block":2,"minecraft:cooked_cod":6,"minecraft:cooked_porkchop":1,"minecraft:crafting_table":2,"minecraft:wooden_pickaxe":1,"minecraft:cooked_salmon":3,"minecraft:bucket":1,"minecraft:birch_planks":416,"minecraft:stone_axe":1,"minecraft:white_stained_glass":8,"minecraft:white_stained_glass_pane":40,"minecraft:bread":6,"minecraft:air":0,"minecraft:charcoal":10,"minecraft:white_dye":6,"minecraft:stick":56,"minecraft:iron_ingot":3,"minecraft:iron_pickaxe":3,"minecraft:stone_sword":1,"minecraft:iron_shovel":2,"minecraft:stonecutter":1,"minecraft:white_bed":1,"minecraft:pumpkin_pie":4,"minecraft:torch":20,"minecraft:birch_stairs":14,"minecraft:shears":1},"minecraft:used":{"minecraft:oak_fence":35,"minecraft:stone_sword":8,"minecraft:iron_shovel":514,"minecraft:stone_shovel":133,"minecraft:chest":4,"minecraft:shield":51,"minecraft:iron_sword":161,"minecraft:cooked_salmon":3,"travelersbackpack:bat":2,"minecraft:cooked_chicken":7,"minecraft:rotten_flesh":2,"minecraft:oak_door":2,"minecraft:torch":21,"minecraft:dirt":468,"minecraft:polished_granite_slab":1,"minecraft:wooden_axe":36,"minecraft:iron_hoe":19,"lucky:lucky_block":1,"minecraft:iron_axe":314,"minecraft:birch_sapling":38,"minecraft:stone_bricks":42,"minecraft:cooked_cod":6,"minecraft:oak_sapling":5,"minecraft:furnace":4,"minecraft:white_stained_glass_pane":38,"tombstone:gift":3,"minecraft:cooked_beef":3,"minecraft:wheat_seeds":27,"minecraft:cooked_mutton":4,"minecraft:birch_planks":387,"minecraft:oak_planks":54,"minecraft:wooden_pickaxe":47,"minecraft:sandstone":11,"minecraft:stonecutter":1,"minecraft:crafting_table":4,"minecraft:white_bed":3,"minecraft:smoker":2,"minecraft:oak_log":1,"minecraft:diamond_shovel":1300,"minecraft:birch_slab":18,"minecraft:bread":9,"minecraft:iron_pickaxe":290,"minecraft:stone_axe":57,"minecraft:fishing_rod":30,"minecraft:cobblestone":29,"minecraft:cooked_porkchop":1,"minecraft:white_stained_glass":6,"minecraft:birch_log":58,"minecraft:pumpkin_pie":4,"minecraft:bone_meal":10,"minecraft:birch_stairs":16},"minecraft:killed":{"minecraft:spider":7,"minecraft:skeleton":8,"minecraft:chicken":5,"minecraft:drowned":1,"minecraft:skeleton_horse":1,"minecraft:bat":1,"minecraft:wandering_trader":1,"minecraft:creeper":2,"minecraft:sheep":2,"minecraft:trader_llama":1,"minecraft:zombie":23,"minecraft:cow":2},"minecraft:custom":{"minecraft:mob_kills":52,"minecraft:interact_with_crafting_table":64,"minecraft:leave_game":2,"minecraft:time_since_death":197603,"minecraft:climb_one_cm":2241,"minecraft:sprint_one_cm":638883,"minecraft:walk_one_cm":1383781,"minecraft:damage_blocked_by_shield":2005,"minecraft:drop":24,"minecraft:talked_to_villager":1,"minecraft:play_time":411604,"minecraft:deaths":3,"minecraft:sneak_time":93,"minecraft:walk_under_water_one_cm":15061,"minecraft:jump":2188,"minecraft:walk_on_water_one_cm":27046,"minecraft:total_world_time":411604,"minecraft:interact_with_furnace":43,"minecraft:sleep_in_bed":23,"minecraft:time_since_rest":12777,"minecraft:damage_taken":2477,"minecraft:damage_dealt":9066,"minecraft:player_kills":1,"minecraft:fly_one_cm":156003,"minecraft:open_chest":49,"minecraft:crouch_one_cm":326,"tombstone:undead_killed":33,"tombstone:villager_killed":1,"minecraft:interact_with_smoker":15,"minecraft:fish_caught":12,"minecraft:fall_one_cm":38845,"minecraft:horse_one_cm":22087}},"DataVersion":3120}