{"stats":{"minecraft:killed":{"minecraft:sheep":1,"minecraft:skeleton":2,"minecraft:zombie":11,"minecraft:chicken":5,"minecraft:drowned":1,"minecraft:cow":1},"minecraft:broken":{"minecraft:iron_shovel":2,"minecraft:wooden_axe":1,"minecraft:stone_shovel":1},"minecraft:mined":{"minecraft:white_bed":1,"minecraft:crafting_table":1,"minecraft:grass_block":1163,"minecraft:tall_grass":6,"minecraft:oak_planks":7,"minecraft:sugar_cane":2,"minecraft:birch_log":8,"minecraft:pumpkin":7,"minecraft:grass":46,"minecraft:oak_log":38,"minecraft:dirt":76,"lucky:lucky_block":1,"minecraft:stone":21,"minecraft:oak_leaves":2},"minecraft:picked_up":{"minecraft:wooden_axe":2,"minecraft:birch_log":8,"minecraft:iron_chestplate":1,"minecraft:crafting_table":1,"minecraft:azure_bluet":4,"minecraft:feather":7,"minecraft:chicken":5,"minecraft:oak_log":36,"minecraft:shield":1,"minecraft:dirt":1174,"minecraft:iron_leggings":1,"minecraft:bone":4,"minecraft:diamond_leggings":1,"minecraft:wheat_seeds":32,"minecraft:iron_ingot":25,"minecraft:beef":2,"minecraft:cooked_chicken":2,"minecraft:sugar_cane":8,"minecraft:birch_sapling":2,"minecraft:iron_sword":1,"minecraft:oak_planks":8,"minecraft:iron_boots":1,"minecraft:egg":5,"minecraft:stick":4,"minecraft:sandstone":11,"minecraft:pumpkin":15,"minecraft:sand":16,"minecraft:white_bed":2,"minecraft:arrow":3,"minecraft:rotten_flesh":16,"minecraft:diamond":10,"minecraft:diamond_boots":1,"minecraft:iron_helmet":1,"minecraft:red_tulip":7,"minecraft:bread":3,"minecraft:jack_o_lantern":9,"tombstone:magic_scroll":1,"minecraft:oak_sapling":3,"minecraft:mutton":2,"minecraft:white_wool":1,"minecraft:cobblestone":26,"minecraft:oxeye_daisy":1},"minecraft:crafted":{"minecraft:cooked_beef":2,"minecraft:oak_planks":84,"minecraft:stone_shovel":1,"minecraft:crafting_table":2,"minecraft:wooden_pickaxe":1,"minecraft:cooked_chicken":3,"minecraft:furnace":2,"minecraft:diamond_shovel":1,"minecraft:stone_axe":1,"minecraft:cooked_mutton":2,"minecraft:air":0,"minecraft:charcoal":3,"minecraft:stick":16,"minecraft:iron_ingot":2,"minecraft:stone_sword":1,"minecraft:chest":2,"minecraft:iron_shovel":2},"minecraft:custom":{"minecraft:interact_with_furnace":15,"minecraft:mob_kills":17,"minecraft:interact_with_crafting_table":14,"minecraft:leave_game":1,"minecraft:time_since_death":102019,"minecraft:sleep_in_bed":9,"minecraft:time_since_rest":6125,"minecraft:sprint_one_cm":103439,"minecraft:damage_taken":1241,"minecraft:walk_one_cm":506575,"minecraft:damage_blocked_by_shield":445,"minecraft:drop":1,"minecraft:damage_dealt":2892,"minecraft:fly_one_cm":18371,"minecraft:open_chest":3,"minecraft:crouch_one_cm":326,"minecraft:play_time":123357,"tombstone:undead_killed":14,"minecraft:deaths":1,"minecraft:sneak_time":57,"minecraft:walk_under_water_one_cm":4910,"minecraft:jump":746,"minecraft:walk_on_water_one_cm":12712,"minecraft:total_world_time":123357,"minecraft:fall_one_cm":11043,"minecraft:horse_one_cm":4193},"minecraft:dropped":{"minecraft:wooden_axe":1},"minecraft:killed_by":{"minecraft:zombie":1},"minecraft:used":{"minecraft:cooked_mutton":2,"minecraft:stone_sword":8,"minecraft:iron_shovel":514,"minecraft:stone_shovel":133,"minecraft:oak_planks":54,"minecraft:chest":2,"minecraft:wooden_pickaxe":33,"minecraft:shield":11,"minecraft:sandstone":11,"minecraft:iron_sword":55,"minecraft:cooked_chicken":5,"minecraft:rotten_flesh":2,"minecraft:dirt":59,"minecraft:crafting_table":3,"minecraft:white_bed":2,"minecraft:oak_log":1,"minecraft:wooden_axe":36,"minecraft:diamond_shovel":615,"minecraft:bread":3,"minecraft:stone_axe":51,"minecraft:furnace":2,"tombstone:gift":1,"minecraft:cooked_beef":2}},"DataVersion":3120}