{"stats":{"minecraft:killed":{"minecraft:cave_spider":7,"minecraft:spider":2,"minecraft:skeleton":3,"minecraft:zombie":2},"minecraft:broken":{"minecraft:stone_pickaxe":2,"minecraft:stone_axe":1,"minecraft:iron_sword":2,"minecraft:iron_pickaxe":2,"minecraft:stone_shovel":1},"minecraft:mined":{"minecraft:white_bed":12,"minecraft:oak_door":1,"minecraft:granite":8,"minecraft:grass_block":11,"minecraft:jungle_planks":2,"minecraft:hay_block":6,"travelersbackpack:bat":3,"minecraft:redstone_ore":16,"minecraft:furnace":2,"minecraft:carrots":30,"minecraft:iron_ore":68,"minecraft:andesite":24,"minecraft:pumpkin":14,"minecraft:deepslate_lapis_ore":9,"minecraft:dark_oak_stairs":2,"minecraft:red_tulip":6,"minecraft:deepslate_iron_ore":66,"minecraft:rail":165,"minecraft:oak_stairs":17,"minecraft:stripped_oak_log":1,"lucky:lucky_block":2,"minecraft:white_tulip":17,"minecraft:stone":286,"minecraft:deepslate_redstone_ore":6,"minecraft:medium_amethyst_bud":1,"minecraft:oak_fence":3,"minecraft:crafting_table":3,"minecraft:torch":13,"minecraft:calcite":1,"minecraft:melon":2,"minecraft:chest":2,"minecraft:tall_grass":11,"minecraft:copper_ore":3,"minecraft:lapis_ore":13,"minecraft:deepslate_gold_ore":16,"minecraft:sugar_cane":1,"minecraft:oak_planks":31,"minecraft:diorite":14,"minecraft:wall_torch":5,"minecraft:amethyst_block":11,"minecraft:deepslate_copper_ore":5,"minecraft:chain":3,"minecraft:birch_log":17,"minecraft:wheat":18,"minecraft:birch_leaves":1,"minecraft:birch_door":3,"minecraft:orange_tulip":18,"minecraft:grass":145,"minecraft:oak_log":64,"minecraft:coal_ore":73,"minecraft:beetroots":18,"minecraft:gravel":11,"minecraft:sand":29,"minecraft:dirt":178,"minecraft:cobweb":256,"minecraft:smooth_basalt":1,"minecraft:red_mushroom_block":4,"minecraft:gold_ore":2,"minecraft:oak_leaves":14,"minecraft:deepslate":44},"minecraft:picked_up":{"minecraft:birch_door":3,"minecraft:crafting_table":3,"minecraft:wheat":21,"minecraft:azure_bluet":1,"travelersbackpack:bat":3,"minecraft:prismarine_shard":23,"minecraft:chest_minecart":1,"minecraft:oak_stairs":17,"minecraft:chain":3,"minecraft:amethyst_block":11,"minecraft:string":209,"minecraft:raw_copper":23,"minecraft:beetroot":11,"minecraft:cobbled_deepslate":53,"minecraft:bucket":1,"minecraft:white_tulip":17,"minecraft:oak_boat":1,"minecraft:calcite":1,"minecraft:iron_pickaxe":1,"minecraft:melon_slice":14,"minecraft:sugar_cane":3,"minecraft:chest":3,"minecraft:egg":1,"minecraft:furnace":2,"minecraft:stick":10,"minecraft:raw_iron":134,"minecraft:oak_door":1,"minecraft:oak_fence":3,"minecraft:torch":25,"minecraft:diorite":26,"minecraft:carrot":112,"minecraft:redstone":101,"minecraft:prismarine_crystals":10,"minecraft:arrow":3,"minecraft:rotten_flesh":4,"minecraft:beetroot_seeds":41,"minecraft:hay_block":6,"minecraft:red_tulip":6,"minecraft:cobblestone":367,"minecraft:rail":164,"minecraft:stripped_oak_log":1,"minecraft:birch_log":17,"minecraft:andesite":28,"minecraft:birch_planks":12,"minecraft:flint":2,"minecraft:oak_log":67,"lucky:lucky_block":1,"minecraft:lapis_lazuli":149,"minecraft:dirt":242,"minecraft:bone":4,"minecraft:orange_tulip":18,"minecraft:wheat_seeds":74,"minecraft:raw_gold":17,"minecraft:iron_ingot":8,"minecraft:cobweb":40,"minecraft:honeycomb":9,"minecraft:prismarine":23,"minecraft:oak_planks":62,"minecraft:dark_oak_stairs":2,"minecraft:smooth_basalt":1,"minecraft:pumpkin":21,"minecraft:gravel":13,"minecraft:jungle_planks":2,"minecraft:sand":45,"minecraft:white_bed":14,"minecraft:sea_lantern":4,"minecraft:spider_eye":1,"minecraft:bundle":1,"minecraft:stone_axe":1,"minecraft:granite":11,"minecraft:bone_meal":5,"minecraft:bread":1,"minecraft:oak_sapling":9,"minecraft:coal":95,"minecraft:diamond_pickaxe":1},"minecraft:crafted":{"minecraft:oak_planks":184,"minecraft:stone_shovel":2,"minecraft:beehive":3,"minecraft:birch_slab":24,"minecraft:furnace":2,"minecraft:glass_pane":48,"minecraft:glass":20,"minecraft:ladder":6,"minecraft:stone_pickaxe":1,"minecraft:chest":3,"minecraft:birch_door":3,"minecraft:stone_hoe":1,"minecraft:wheat":54,"minecraft:crafting_table":2,"minecraft:iron_sword":2,"minecraft:bucket":1,"minecraft:pumpkin_seeds":28,"minecraft:birch_planks":48,"minecraft:stone_axe":1,"minecraft:bread":18,"minecraft:white_wool":3,"minecraft:stick":72,"minecraft:iron_ingot":65,"minecraft:iron_pickaxe":2,"minecraft:oak_stairs":32,"minecraft:gold_ingot":8,"minecraft:white_bed":1,"minecraft:composter":1,"minecraft:torch":176,"minecraft:shears":1},"minecraft:custom":{"minecraft:mob_kills":14,"minecraft:animals_bred":1,"minecraft:interact_with_crafting_table":37,"minecraft:bell_ring":15,"minecraft:leave_game":4,"minecraft:time_since_death":36308,"minecraft:climb_one_cm":13681,"minecraft:sprint_one_cm":105932,"minecraft:walk_one_cm":1237127,"minecraft:drop":16,"minecraft:talked_to_villager":2,"minecraft:play_time":292804,"minecraft:sneak_time":1262,"minecraft:deaths":10,"minecraft:walk_under_water_one_cm":31301,"minecraft:jump":1299,"minecraft:walk_on_water_one_cm":116544,"minecraft:total_world_time":292804,"minecraft:interact_with_furnace":20,"minecraft:interact_with_loom":1,"minecraft:sleep_in_bed":31,"minecraft:time_since_rest":19168,"minecraft:damage_taken":3755,"minecraft:damage_dealt":2083,"minecraft:fly_one_cm":23139,"minecraft:open_chest":72,"minecraft:crouch_one_cm":1395,"tombstone:undead_killed":5,"minecraft:fall_one_cm":10782},"minecraft:killed_by":{"minecraft:creeper":1,"minecraft:cave_spider":6,"minecraft:skeleton":3},"minecraft:dropped":{"minecraft:bread":1,"minecraft:cobblestone":30,"minecraft:sand":25,"minecraft:string":121,"minecraft:bucket":1,"minecraft:stone_axe":1,"minecraft:wheat":2,"minecraft:oak_planks":65,"minecraft:white_bed":3,"minecraft:carrot":40,"minecraft:chest":1},"minecraft:used":{"minecraft:beetroot":10,"minecraft:white_tulip":17,"minecraft:stone_shovel":145,"minecraft:ladder":4,"minecraft:chest":4,"minecraft:iron_sword":288,"minecraft:stone_hoe":124,"travelersbackpack:bat":17,"minecraft:torch":211,"minecraft:dirt":11,"minecraft:carrot":76,"minecraft:beehive":1,"minecraft:granite":1,"minecraft:birch_door":6,"minecraft:sea_lantern":4,"minecraft:red_tulip":6,"lucky:lucky_block":1,"minecraft:oak_stairs":49,"minecraft:melon_seeds":3,"minecraft:oak_sapling":5,"minecraft:furnace":3,"minecraft:beetroot_seeds":43,"tombstone:gift":4,"minecraft:egg":1,"minecraft:cobbled_deepslate":5,"minecraft:wheat_seeds":68,"minecraft:water_bucket":40,"minecraft:diorite":7,"minecraft:stone_pickaxe":205,"minecraft:oak_planks":68,"minecraft:orange_tulip":18,"minecraft:composter":1,"minecraft:sugar_cane":3,"minecraft:crafting_table":5,"minecraft:white_bed":10,"minecraft:pumpkin_seeds":35,"minecraft:shears":43,"minecraft:oak_log":15,"minecraft:diamond_pickaxe":176,"minecraft:melon_slice":14,"minecraft:string":1,"minecraft:bread":18,"minecraft:iron_pickaxe":456,"minecraft:gravel":8,"minecraft:stone_axe":124,"minecraft:cobblestone":11,"travelersbackpack:standard":3,"minecraft:andesite":15,"minecraft:bucket":40,"minecraft:glass_pane":36}},"DataVersion":3120}