{"stats":{"minecraft:killed":{"minecraft:spider":2,"minecraft:skeleton":3},"minecraft:mined":{"minecraft:deepslate_redstone_ore":5,"minecraft:white_bed":8,"minecraft:medium_amethyst_bud":1,"minecraft:crafting_table":1,"minecraft:torch":9,"minecraft:granite":7,"minecraft:grass_block":1,"minecraft:calcite":1,"minecraft:chest":1,"minecraft:tall_grass":3,"minecraft:lapis_ore":8,"minecraft:deepslate_gold_ore":6,"minecraft:oak_planks":18,"minecraft:diorite":13,"minecraft:wall_torch":1,"minecraft:amethyst_block":11,"minecraft:deepslate_copper_ore":5,"minecraft:hay_block":5,"minecraft:carrots":9,"minecraft:birch_log":17,"minecraft:iron_ore":20,"minecraft:wheat":4,"minecraft:birch_door":2,"minecraft:birch_leaves":1,"minecraft:andesite":19,"minecraft:pumpkin":7,"minecraft:deepslate_lapis_ore":9,"minecraft:grass":23,"minecraft:oak_log":36,"minecraft:coal_ore":47,"minecraft:deepslate_iron_ore":51,"minecraft:gravel":11,"minecraft:cobweb":62,"lucky:lucky_block":1,"minecraft:stone":92,"minecraft:gold_ore":2,"minecraft:oak_leaves":11,"minecraft:deepslate":31},"minecraft:picked_up":{"minecraft:birch_log":17,"minecraft:birch_door":2,"minecraft:crafting_table":1,"minecraft:wheat":6,"minecraft:azure_bluet":1,"minecraft:andesite":23,"minecraft:birch_planks":12,"minecraft:flint":2,"minecraft:oak_log":40,"minecraft:amethyst_block":11,"minecraft:lapis_lazuli":114,"minecraft:dirt":40,"minecraft:string":63,"minecraft:raw_copper":15,"minecraft:bone":4,"minecraft:wheat_seeds":23,"minecraft:cobbled_deepslate":41,"minecraft:raw_gold":8,"minecraft:iron_ingot":1,"minecraft:calcite":1,"minecraft:iron_pickaxe":1,"minecraft:chest":2,"minecraft:oak_planks":48,"minecraft:stick":8,"minecraft:raw_iron":71,"minecraft:pumpkin":14,"minecraft:torch":14,"minecraft:gravel":13,"minecraft:sand":16,"minecraft:diorite":21,"minecraft:white_bed":10,"minecraft:carrot":35,"minecraft:redstone":24,"minecraft:arrow":3,"minecraft:stone_axe":1,"minecraft:hay_block":5,"minecraft:granite":10,"minecraft:oak_sapling":4,"minecraft:coal":48,"minecraft:cobblestone":141,"minecraft:diamond_pickaxe":1},"minecraft:broken":{"minecraft:stone_pickaxe":1,"minecraft:iron_pickaxe":1},"minecraft:crafted":{"minecraft:oak_planks":112,"minecraft:crafting_table":2,"minecraft:iron_sword":1,"minecraft:furnace":2,"minecraft:birch_planks":48,"minecraft:stone_axe":1,"minecraft:bread":15,"minecraft:white_wool":3,"minecraft:stick":32,"minecraft:iron_ingot":3,"minecraft:stone_pickaxe":1,"minecraft:chest":1,"minecraft:white_bed":1,"minecraft:birch_door":3,"minecraft:torch":104,"minecraft:wheat":45},"minecraft:custom":{"minecraft:interact_with_furnace":6,"minecraft:mob_kills":5,"minecraft:interact_with_crafting_table":12,"minecraft:leave_game":1,"minecraft:time_since_death":23190,"minecraft:sleep_in_bed":17,"minecraft:climb_one_cm":1201,"minecraft:time_since_rest":1352,"minecraft:sprint_one_cm":34565,"minecraft:damage_taken":1215,"minecraft:walk_one_cm":464950,"minecraft:drop":6,"minecraft:damage_dealt":693,"minecraft:talked_to_villager":1,"minecraft:fly_one_cm":11958,"minecraft:open_chest":10,"minecraft:crouch_one_cm":1022,"minecraft:play_time":101326,"minecraft:sneak_time":515,"tombstone:undead_killed":3,"minecraft:deaths":3,"minecraft:walk_under_water_one_cm":12825,"minecraft:jump":595,"minecraft:walk_on_water_one_cm":39580,"minecraft:total_world_time":101326,"minecraft:fall_one_cm":7087},"minecraft:killed_by":{"minecraft:cave_spider":1,"minecraft:skeleton":1,"minecraft:creeper":1},"minecraft:dropped":{"minecraft:stone_axe":1,"minecraft:oak_planks":64,"minecraft:white_bed":3,"minecraft:chest":1},"minecraft:used":{"minecraft:wheat_seeds":4,"minecraft:diorite":3,"minecraft:stone_pickaxe":146,"minecraft:oak_planks":67,"minecraft:chest":2,"minecraft:iron_sword":89,"travelersbackpack:bat":4,"minecraft:torch":128,"minecraft:crafting_table":3,"minecraft:carrot":12,"minecraft:white_bed":8,"minecraft:birch_door":4,"minecraft:oak_log":12,"minecraft:diamond_pickaxe":145,"minecraft:string":1,"minecraft:bread":6,"minecraft:iron_pickaxe":42,"minecraft:gravel":8,"minecraft:stone_axe":65,"minecraft:cobblestone":10,"minecraft:furnace":2,"minecraft:oak_sapling":3,"minecraft:andesite":15,"tombstone:gift":2}},"DataVersion":3120}