{"stats":{"minecraft:killed":{"minecraft:spider":2,"minecraft:skeleton":3,"minecraft:zombie":1},"minecraft:mined":{"minecraft:deepslate_redstone_ore":5,"minecraft:white_bed":8,"minecraft:medium_amethyst_bud":1,"minecraft:crafting_table":1,"minecraft:torch":9,"minecraft:granite":7,"minecraft:grass_block":3,"minecraft:calcite":1,"minecraft:chest":1,"minecraft:tall_grass":3,"minecraft:lapis_ore":8,"minecraft:deepslate_gold_ore":6,"minecraft:oak_planks":18,"minecraft:diorite":13,"minecraft:wall_torch":1,"minecraft:amethyst_block":11,"minecraft:deepslate_copper_ore":5,"travelersbackpack:bat":1,"minecraft:hay_block":5,"minecraft:carrots":10,"minecraft:birch_log":17,"minecraft:iron_ore":20,"minecraft:wheat":4,"minecraft:birch_leaves":1,"minecraft:andesite":19,"minecraft:birch_door":2,"minecraft:pumpkin":7,"minecraft:deepslate_lapis_ore":9,"minecraft:beetroots":7,"minecraft:grass":71,"minecraft:oak_log":53,"minecraft:coal_ore":47,"minecraft:deepslate_iron_ore":51,"minecraft:oak_stairs":17,"minecraft:gravel":11,"minecraft:sand":4,"minecraft:cobweb":62,"lucky:lucky_block":1,"minecraft:stone":92,"minecraft:gold_ore":2,"minecraft:oak_leaves":11,"minecraft:deepslate":31},"minecraft:picked_up":{"minecraft:birch_log":17,"minecraft:birch_door":2,"minecraft:crafting_table":1,"minecraft:wheat":6,"minecraft:azure_bluet":1,"travelersbackpack:bat":1,"minecraft:andesite":23,"minecraft:oak_stairs":17,"minecraft:birch_planks":12,"minecraft:flint":2,"minecraft:oak_log":56,"minecraft:amethyst_block":11,"minecraft:lapis_lazuli":114,"minecraft:dirt":42,"minecraft:string":63,"minecraft:raw_copper":15,"minecraft:bone":4,"minecraft:wheat_seeds":25,"minecraft:cobbled_deepslate":41,"minecraft:raw_gold":8,"minecraft:iron_ingot":1,"minecraft:calcite":1,"minecraft:iron_pickaxe":1,"minecraft:chest":2,"minecraft:oak_planks":48,"minecraft:stick":8,"minecraft:raw_iron":71,"minecraft:pumpkin":14,"minecraft:torch":14,"minecraft:gravel":13,"minecraft:sand":20,"minecraft:diorite":21,"minecraft:white_bed":10,"minecraft:carrot":36,"minecraft:redstone":24,"minecraft:bundle":1,"minecraft:arrow":3,"minecraft:rotten_flesh":1,"minecraft:beetroot_seeds":7,"minecraft:stone_axe":1,"minecraft:hay_block":5,"minecraft:granite":10,"minecraft:oak_sapling":4,"minecraft:coal":48,"minecraft:cobblestone":141,"minecraft:diamond_pickaxe":1},"minecraft:broken":{"minecraft:stone_pickaxe":1,"minecraft:iron_pickaxe":1},"minecraft:crafted":{"minecraft:oak_planks":164,"minecraft:crafting_table":2,"minecraft:iron_sword":1,"minecraft:furnace":2,"minecraft:bucket":1,"minecraft:birch_planks":48,"minecraft:stone_axe":1,"minecraft:bread":15,"minecraft:glass_pane":48,"minecraft:glass":20,"minecraft:white_wool":3,"minecraft:stick":32,"minecraft:iron_ingot":6,"minecraft:stone_pickaxe":1,"minecraft:oak_stairs":32,"minecraft:chest":1,"minecraft:white_bed":1,"minecraft:birch_door":3,"minecraft:torch":104,"minecraft:stone_hoe":1,"minecraft:wheat":45},"minecraft:custom":{"minecraft:interact_with_furnace":13,"minecraft:mob_kills":6,"minecraft:interact_with_crafting_table":17,"minecraft:leave_game":2,"minecraft:time_since_death":47057,"minecraft:sleep_in_bed":20,"minecraft:climb_one_cm":1201,"minecraft:time_since_rest":1549,"minecraft:sprint_one_cm":48023,"minecraft:damage_taken":1365,"minecraft:walk_one_cm":535218,"minecraft:drop":6,"minecraft:damage_dealt":893,"minecraft:talked_to_villager":1,"minecraft:fly_one_cm":12317,"minecraft:open_chest":18,"minecraft:crouch_one_cm":1022,"minecraft:play_time":125193,"minecraft:sneak_time":527,"tombstone:undead_killed":4,"minecraft:deaths":3,"minecraft:walk_under_water_one_cm":14513,"minecraft:jump":648,"minecraft:walk_on_water_one_cm":40937,"minecraft:total_world_time":125193,"minecraft:fall_one_cm":7354},"minecraft:killed_by":{"minecraft:cave_spider":1,"minecraft:skeleton":1,"minecraft:creeper":1},"minecraft:dropped":{"minecraft:stone_axe":1,"minecraft:oak_planks":64,"minecraft:white_bed":3,"minecraft:chest":1},"minecraft:used":{"minecraft:wheat_seeds":6,"minecraft:water_bucket":1,"minecraft:diorite":3,"minecraft:stone_pickaxe":146,"minecraft:oak_planks":67,"minecraft:chest":2,"minecraft:iron_sword":93,"minecraft:stone_hoe":55,"travelersbackpack:bat":9,"minecraft:torch":128,"minecraft:dirt":1,"minecraft:crafting_table":3,"minecraft:carrot":36,"minecraft:white_bed":8,"minecraft:pumpkin_seeds":7,"minecraft:oak_log":15,"minecraft:birch_door":4,"minecraft:diamond_pickaxe":145,"minecraft:string":1,"minecraft:oak_stairs":49,"minecraft:bread":6,"minecraft:iron_pickaxe":42,"minecraft:gravel":8,"minecraft:melon_seeds":3,"minecraft:cobblestone":10,"minecraft:stone_axe":87,"minecraft:beetroot_seeds":15,"minecraft:oak_sapling":3,"minecraft:furnace":2,"minecraft:bucket":1,"minecraft:andesite":15,"tombstone:gift":2,"minecraft:glass_pane":36}},"DataVersion":3120}