{"stats":{"minecraft:killed":{"minecraft:cave_spider":7,"minecraft:spider":2,"minecraft:skeleton":3,"minecraft:zombie":2},"minecraft:broken":{"minecraft:stone_pickaxe":2,"minecraft:iron_sword":1,"minecraft:iron_pickaxe":2,"minecraft:stone_shovel":1},"minecraft:mined":{"minecraft:white_bed":10,"minecraft:granite":8,"minecraft:grass_block":9,"minecraft:jungle_planks":2,"minecraft:hay_block":5,"travelersbackpack:bat":3,"minecraft:redstone_ore":16,"minecraft:furnace":2,"minecraft:carrots":27,"minecraft:iron_ore":65,"minecraft:andesite":24,"minecraft:pumpkin":7,"minecraft:deepslate_lapis_ore":9,"minecraft:dark_oak_stairs":2,"minecraft:deepslate_iron_ore":66,"minecraft:rail":94,"minecraft:oak_stairs":17,"lucky:lucky_block":2,"minecraft:stone":286,"minecraft:deepslate_redstone_ore":6,"minecraft:medium_amethyst_bud":1,"minecraft:oak_fence":1,"minecraft:crafting_table":3,"minecraft:torch":13,"minecraft:calcite":1,"minecraft:chest":1,"minecraft:tall_grass":11,"minecraft:copper_ore":3,"minecraft:lapis_ore":13,"minecraft:deepslate_gold_ore":16,"minecraft:sugar_cane":1,"minecraft:oak_planks":28,"minecraft:diorite":14,"minecraft:wall_torch":5,"minecraft:amethyst_block":11,"minecraft:deepslate_copper_ore":5,"minecraft:chain":3,"minecraft:birch_log":17,"minecraft:wheat":12,"minecraft:birch_leaves":1,"minecraft:birch_door":3,"minecraft:grass":141,"minecraft:oak_log":53,"minecraft:coal_ore":70,"minecraft:beetroots":18,"minecraft:gravel":11,"minecraft:sand":29,"minecraft:dirt":169,"minecraft:cobweb":223,"minecraft:red_mushroom_block":4,"minecraft:gold_ore":2,"minecraft:oak_leaves":11,"minecraft:deepslate":44},"minecraft:picked_up":{"minecraft:birch_door":3,"minecraft:crafting_table":3,"minecraft:wheat":14,"minecraft:azure_bluet":1,"travelersbackpack:bat":3,"minecraft:prismarine_shard":23,"minecraft:chest_minecart":1,"minecraft:oak_stairs":17,"minecraft:chain":3,"minecraft:amethyst_block":11,"minecraft:string":206,"minecraft:raw_copper":23,"minecraft:beetroot":11,"minecraft:cobbled_deepslate":53,"minecraft:calcite":1,"minecraft:iron_pickaxe":1,"minecraft:sugar_cane":3,"minecraft:chest":2,"minecraft:egg":1,"minecraft:furnace":2,"minecraft:stick":10,"minecraft:raw_iron":131,"minecraft:oak_fence":1,"minecraft:torch":25,"minecraft:diorite":22,"minecraft:carrot":99,"minecraft:redstone":101,"minecraft:prismarine_crystals":10,"minecraft:arrow":3,"minecraft:rotten_flesh":4,"minecraft:beetroot_seeds":40,"minecraft:hay_block":5,"minecraft:cobblestone":364,"minecraft:rail":93,"minecraft:birch_log":17,"minecraft:andesite":28,"minecraft:birch_planks":12,"minecraft:flint":2,"minecraft:oak_log":56,"lucky:lucky_block":1,"minecraft:lapis_lazuli":149,"minecraft:dirt":228,"minecraft:bone":4,"minecraft:wheat_seeds":58,"minecraft:raw_gold":17,"minecraft:iron_ingot":8,"minecraft:cobweb":10,"minecraft:prismarine":23,"minecraft:oak_planks":58,"minecraft:dark_oak_stairs":2,"minecraft:pumpkin":14,"minecraft:gravel":13,"minecraft:jungle_planks":2,"minecraft:sand":45,"minecraft:white_bed":12,"minecraft:sea_lantern":4,"minecraft:spider_eye":1,"minecraft:bundle":1,"minecraft:stone_axe":1,"minecraft:granite":11,"minecraft:bread":1,"minecraft:oak_sapling":5,"minecraft:coal":89,"minecraft:diamond_pickaxe":1},"minecraft:crafted":{"minecraft:oak_planks":164,"minecraft:stone_shovel":2,"minecraft:furnace":2,"minecraft:glass_pane":48,"minecraft:glass":20,"minecraft:ladder":6,"minecraft:stone_pickaxe":1,"minecraft:chest":3,"minecraft:birch_door":3,"minecraft:stone_hoe":1,"minecraft:wheat":45,"minecraft:crafting_table":2,"minecraft:iron_sword":2,"minecraft:bucket":1,"minecraft:birch_planks":48,"minecraft:stone_axe":1,"minecraft:bread":15,"minecraft:white_wool":3,"minecraft:stick":48,"minecraft:iron_ingot":65,"minecraft:iron_pickaxe":2,"minecraft:oak_stairs":32,"minecraft:gold_ingot":8,"minecraft:white_bed":1,"minecraft:torch":112,"minecraft:shears":1},"minecraft:custom":{"minecraft:mob_kills":14,"minecraft:interact_with_crafting_table":34,"minecraft:bell_ring":15,"minecraft:leave_game":3,"minecraft:time_since_death":12677,"minecraft:climb_one_cm":10611,"minecraft:sprint_one_cm":92785,"minecraft:walk_one_cm":953717,"minecraft:drop":12,"minecraft:talked_to_villager":1,"minecraft:play_time":233041,"minecraft:deaths":9,"minecraft:sneak_time":1033,"minecraft:walk_under_water_one_cm":20563,"minecraft:jump":1071,"minecraft:walk_on_water_one_cm":80580,"minecraft:total_world_time":233041,"minecraft:interact_with_furnace":20,"minecraft:interact_with_loom":1,"minecraft:sleep_in_bed":28,"minecraft:time_since_rest":7450,"minecraft:damage_taken":3315,"minecraft:damage_dealt":2063,"minecraft:fly_one_cm":21332,"minecraft:open_chest":60,"minecraft:crouch_one_cm":1395,"tombstone:undead_killed":5,"minecraft:fall_one_cm":8968},"minecraft:killed_by":{"minecraft:creeper":1,"minecraft:cave_spider":6,"minecraft:skeleton":2},"minecraft:dropped":{"minecraft:bread":1,"minecraft:cobblestone":30,"minecraft:sand":25,"minecraft:string":121,"minecraft:stone_axe":1,"minecraft:oak_planks":64,"minecraft:white_bed":3,"minecraft:chest":1},"minecraft:used":{"minecraft:stone_shovel":145,"minecraft:ladder":4,"minecraft:chest":4,"minecraft:iron_sword":285,"minecraft:stone_hoe":55,"travelersbackpack:bat":14,"minecraft:torch":189,"minecraft:dirt":2,"minecraft:carrot":69,"minecraft:granite":1,"minecraft:birch_door":6,"minecraft:sea_lantern":4,"lucky:lucky_block":1,"minecraft:oak_stairs":49,"minecraft:melon_seeds":3,"minecraft:oak_sapling":3,"minecraft:furnace":3,"minecraft:beetroot_seeds":18,"tombstone:gift":4,"minecraft:egg":1,"minecraft:cobbled_deepslate":3,"minecraft:wheat_seeds":23,"minecraft:water_bucket":12,"minecraft:diorite":3,"minecraft:stone_pickaxe":205,"minecraft:oak_planks":67,"minecraft:sugar_cane":3,"minecraft:crafting_table":5,"minecraft:white_bed":10,"minecraft:pumpkin_seeds":7,"minecraft:shears":10,"minecraft:oak_log":15,"minecraft:diamond_pickaxe":157,"minecraft:string":1,"minecraft:bread":15,"minecraft:iron_pickaxe":396,"minecraft:gravel":8,"minecraft:stone_axe":120,"minecraft:cobblestone":10,"travelersbackpack:standard":1,"minecraft:andesite":15,"minecraft:bucket":12,"minecraft:glass_pane":36}},"DataVersion":3120}