{"stats":{"minecraft:killed":{"minecraft:spider":2,"minecraft:skeleton":3,"minecraft:zombie":1},"minecraft:broken":{"minecraft:stone_pickaxe":2,"minecraft:iron_pickaxe":1,"minecraft:stone_shovel":1},"minecraft:mined":{"minecraft:white_bed":10,"minecraft:granite":7,"minecraft:grass_block":9,"minecraft:jungle_planks":2,"minecraft:hay_block":5,"travelersbackpack:bat":2,"minecraft:furnace":1,"minecraft:carrots":10,"minecraft:iron_ore":20,"minecraft:andesite":19,"minecraft:pumpkin":7,"minecraft:deepslate_lapis_ore":9,"minecraft:dark_oak_stairs":2,"minecraft:deepslate_iron_ore":51,"minecraft:oak_stairs":17,"lucky:lucky_block":2,"minecraft:stone":271,"minecraft:deepslate_redstone_ore":5,"minecraft:medium_amethyst_bud":1,"minecraft:crafting_table":2,"minecraft:torch":10,"minecraft:calcite":1,"minecraft:chest":1,"minecraft:tall_grass":11,"minecraft:deepslate_gold_ore":6,"minecraft:lapis_ore":8,"minecraft:oak_planks":18,"minecraft:sugar_cane":1,"minecraft:diorite":13,"minecraft:wall_torch":5,"minecraft:amethyst_block":11,"minecraft:deepslate_copper_ore":5,"minecraft:birch_log":17,"minecraft:wheat":4,"minecraft:birch_leaves":1,"minecraft:birch_door":2,"minecraft:grass":141,"minecraft:coal_ore":70,"minecraft:oak_log":53,"minecraft:beetroots":8,"minecraft:gravel":11,"minecraft:sand":29,"minecraft:dirt":169,"minecraft:cobweb":62,"minecraft:red_mushroom_block":4,"minecraft:gold_ore":2,"minecraft:oak_leaves":11,"minecraft:deepslate":31},"minecraft:picked_up":{"minecraft:crafting_table":2,"minecraft:birch_door":2,"minecraft:wheat":6,"minecraft:azure_bluet":1,"travelersbackpack:bat":2,"minecraft:prismarine_shard":23,"minecraft:oak_stairs":17,"minecraft:amethyst_block":11,"minecraft:string":63,"minecraft:raw_copper":15,"minecraft:beetroot":1,"minecraft:cobbled_deepslate":41,"minecraft:calcite":1,"minecraft:iron_pickaxe":1,"minecraft:sugar_cane":3,"minecraft:chest":2,"minecraft:furnace":1,"minecraft:egg":1,"minecraft:raw_iron":71,"minecraft:stick":10,"minecraft:torch":22,"minecraft:diorite":21,"minecraft:carrot":36,"minecraft:redstone":24,"minecraft:prismarine_crystals":10,"minecraft:arrow":3,"minecraft:rotten_flesh":1,"minecraft:beetroot_seeds":10,"minecraft:hay_block":5,"minecraft:cobblestone":350,"minecraft:birch_log":17,"minecraft:andesite":23,"minecraft:birch_planks":12,"minecraft:flint":2,"minecraft:oak_log":56,"lucky:lucky_block":1,"minecraft:lapis_lazuli":114,"minecraft:dirt":228,"minecraft:bone":4,"minecraft:wheat_seeds":35,"minecraft:raw_gold":8,"minecraft:iron_ingot":1,"minecraft:prismarine":23,"minecraft:oak_planks":48,"minecraft:dark_oak_stairs":2,"minecraft:pumpkin":14,"minecraft:sand":45,"minecraft:gravel":13,"minecraft:jungle_planks":2,"minecraft:white_bed":12,"minecraft:sea_lantern":4,"minecraft:bundle":1,"minecraft:stone_axe":1,"minecraft:granite":11,"minecraft:bread":1,"minecraft:oak_sapling":5,"minecraft:coal":88,"minecraft:diamond_pickaxe":1},"minecraft:crafted":{"minecraft:oak_planks":164,"minecraft:stone_shovel":2,"minecraft:furnace":2,"minecraft:glass_pane":48,"minecraft:glass":20,"minecraft:ladder":6,"minecraft:stone_pickaxe":1,"minecraft:chest":2,"minecraft:birch_door":3,"minecraft:stone_hoe":1,"minecraft:wheat":45,"minecraft:crafting_table":2,"minecraft:iron_sword":1,"minecraft:bucket":1,"minecraft:birch_planks":48,"minecraft:stone_axe":1,"minecraft:bread":15,"minecraft:white_wool":3,"minecraft:stick":48,"minecraft:iron_ingot":65,"minecraft:iron_pickaxe":1,"minecraft:oak_stairs":32,"minecraft:gold_ingot":8,"minecraft:white_bed":1,"minecraft:torch":104},"minecraft:custom":{"minecraft:mob_kills":6,"minecraft:interact_with_crafting_table":31,"minecraft:bell_ring":15,"minecraft:leave_game":2,"minecraft:time_since_death":56187,"minecraft:climb_one_cm":8639,"minecraft:sprint_one_cm":77056,"minecraft:walk_one_cm":773809,"minecraft:drop":10,"minecraft:talked_to_villager":1,"minecraft:play_time":185193,"minecraft:deaths":4,"minecraft:sneak_time":584,"minecraft:walk_under_water_one_cm":18881,"minecraft:jump":840,"minecraft:walk_on_water_one_cm":68449,"minecraft:total_world_time":185193,"minecraft:interact_with_furnace":20,"minecraft:interact_with_loom":1,"minecraft:sleep_in_bed":25,"minecraft:time_since_rest":14799,"minecraft:damage_taken":1655,"minecraft:damage_dealt":901,"minecraft:fly_one_cm":18081,"minecraft:open_chest":52,"minecraft:crouch_one_cm":1113,"tombstone:undead_killed":4,"minecraft:fall_one_cm":8192},"minecraft:killed_by":{"minecraft:creeper":1,"minecraft:cave_spider":1,"minecraft:skeleton":2},"minecraft:dropped":{"minecraft:bread":1,"minecraft:cobblestone":30,"minecraft:sand":25,"minecraft:string":49,"minecraft:stone_axe":1,"minecraft:oak_planks":64,"minecraft:white_bed":3,"minecraft:chest":1},"minecraft:used":{"minecraft:stone_shovel":145,"minecraft:ladder":4,"minecraft:chest":3,"minecraft:iron_sword":93,"minecraft:stone_hoe":55,"travelersbackpack:bat":9,"minecraft:torch":140,"minecraft:dirt":2,"minecraft:carrot":36,"minecraft:granite":1,"minecraft:birch_door":4,"minecraft:sea_lantern":4,"lucky:lucky_block":1,"minecraft:oak_stairs":49,"minecraft:melon_seeds":3,"minecraft:furnace":3,"minecraft:oak_sapling":3,"minecraft:beetroot_seeds":18,"tombstone:gift":2,"minecraft:egg":1,"minecraft:wheat_seeds":12,"minecraft:water_bucket":12,"minecraft:diorite":3,"minecraft:stone_pickaxe":205,"minecraft:oak_planks":67,"minecraft:sugar_cane":3,"minecraft:crafting_table":4,"minecraft:white_bed":10,"minecraft:pumpkin_seeds":7,"minecraft:oak_log":15,"minecraft:diamond_pickaxe":149,"minecraft:bread":10,"minecraft:string":1,"minecraft:iron_pickaxe":182,"minecraft:gravel":8,"minecraft:stone_axe":99,"minecraft:cobblestone":10,"minecraft:andesite":15,"minecraft:bucket":12,"minecraft:glass_pane":36}},"DataVersion":3120}