{"stats":{"minecraft:killed":{"minecraft:cave_spider":7,"minecraft:spider":2,"minecraft:skeleton":3,"minecraft:zombie":3},"minecraft:broken":{"minecraft:stone_hoe":2,"minecraft:stone_pickaxe":2,"minecraft:stone_axe":1,"minecraft:iron_sword":2,"minecraft:iron_pickaxe":2,"minecraft:stone_shovel":1},"minecraft:picked_up":{"minecraft:birch_door":3,"minecraft:crafting_table":3,"minecraft:wheat":54,"minecraft:azure_bluet":1,"travelersbackpack:bat":3,"minecraft:prismarine_shard":23,"minecraft:chest_minecart":1,"minecraft:oak_stairs":17,"minecraft:chain":3,"minecraft:amethyst_block":11,"minecraft:string":209,"minecraft:raw_copper":23,"minecraft:beetroot":32,"minecraft:cobbled_deepslate":53,"minecraft:bucket":1,"minecraft:white_tulip":21,"minecraft:oak_boat":1,"minecraft:calcite":1,"minecraft:iron_pickaxe":1,"minecraft:melon_slice":22,"minecraft:sugar_cane":9,"minecraft:chest":3,"minecraft:egg":1,"minecraft:furnace":2,"minecraft:stick":10,"minecraft:raw_iron":134,"minecraft:oak_door":1,"minecraft:composter":1,"minecraft:oak_fence":3,"minecraft:torch":25,"minecraft:diorite":26,"minecraft:carrot":184,"minecraft:redstone":101,"minecraft:prismarine_crystals":10,"minecraft:arrow":3,"minecraft:rotten_flesh":4,"minecraft:beetroot_seeds":97,"minecraft:shears":1,"minecraft:hay_block":6,"minecraft:red_tulip":7,"minecraft:cobblestone":372,"minecraft:rail":164,"minecraft:stripped_oak_log":1,"minecraft:birch_log":17,"minecraft:andesite":28,"minecraft:birch_planks":12,"minecraft:flint":2,"minecraft:oak_log":67,"lucky:lucky_block":1,"minecraft:lapis_lazuli":149,"minecraft:dirt":447,"minecraft:bone":4,"minecraft:orange_tulip":23,"minecraft:wheat_seeds":166,"minecraft:raw_gold":17,"minecraft:iron_ingot":8,"minecraft:cobweb":40,"minecraft:honeycomb":9,"minecraft:prismarine":23,"minecraft:oak_planks":62,"minecraft:dark_oak_stairs":2,"minecraft:smooth_basalt":1,"minecraft:pumpkin":28,"minecraft:gravel":13,"minecraft:jungle_planks":2,"minecraft:sand":45,"minecraft:white_bed":15,"minecraft:sea_lantern":4,"minecraft:spider_eye":1,"travelersbackpack:standard":2,"minecraft:bundle":1,"minecraft:pumpkin_seeds":12,"minecraft:stone_axe":1,"minecraft:granite":11,"minecraft:bone_meal":5,"minecraft:bread":1,"minecraft:oak_sapling":9,"minecraft:melon_seeds":6,"minecraft:coal":95,"minecraft:diamond_pickaxe":1},"minecraft:mined":{"minecraft:attached_pumpkin_stem":4,"minecraft:attached_melon_stem":2,"minecraft:white_bed":13,"minecraft:farmland":5,"minecraft:oak_door":1,"minecraft:granite":8,"minecraft:grass_block":150,"minecraft:jungle_planks":2,"minecraft:composter":1,"minecraft:hay_block":6,"travelersbackpack:bat":3,"minecraft:redstone_ore":16,"minecraft:furnace":2,"minecraft:carrots":50,"minecraft:iron_ore":68,"minecraft:andesite":24,"minecraft:pumpkin":21,"minecraft:deepslate_lapis_ore":9,"minecraft:dark_oak_stairs":2,"minecraft:red_tulip":7,"minecraft:deepslate_iron_ore":66,"minecraft:rail":165,"minecraft:oak_stairs":17,"minecraft:stripped_oak_log":1,"lucky:lucky_block":2,"minecraft:white_tulip":21,"minecraft:stone":291,"minecraft:deepslate_redstone_ore":6,"minecraft:melon_stem":1,"minecraft:medium_amethyst_bud":1,"travelersbackpack:standard":2,"minecraft:oak_fence":3,"minecraft:crafting_table":3,"minecraft:torch":13,"minecraft:calcite":1,"minecraft:melon":4,"minecraft:chest":2,"minecraft:tall_grass":11,"minecraft:copper_ore":3,"minecraft:lapis_ore":13,"minecraft:deepslate_gold_ore":16,"minecraft:sugar_cane":4,"minecraft:oak_planks":31,"minecraft:diorite":14,"minecraft:wall_torch":5,"minecraft:amethyst_block":11,"minecraft:deepslate_copper_ore":5,"minecraft:chain":3,"minecraft:birch_log":17,"minecraft:wheat":55,"minecraft:birch_leaves":1,"minecraft:pumpkin_stem":3,"minecraft:birch_door":3,"minecraft:orange_tulip":23,"minecraft:grass":148,"minecraft:oak_log":64,"minecraft:coal_ore":73,"minecraft:beetroots":42,"minecraft:gravel":11,"minecraft:sand":29,"minecraft:dirt":241,"minecraft:cobweb":256,"minecraft:smooth_basalt":1,"minecraft:red_mushroom_block":4,"minecraft:gold_ore":2,"minecraft:oak_leaves":14,"minecraft:deepslate":44},"minecraft:crafted":{"minecraft:oak_planks":188,"minecraft:stone_shovel":2,"minecraft:beehive":3,"minecraft:birch_slab":24,"minecraft:furnace":2,"minecraft:diamond_shovel":1,"minecraft:glass_pane":48,"minecraft:glass":20,"minecraft:melon_seeds":2,"minecraft:ladder":6,"minecraft:stone_pickaxe":1,"minecraft:chest":3,"minecraft:birch_door":3,"minecraft:stone_hoe":3,"minecraft:wheat":54,"minecraft:crafting_table":2,"minecraft:iron_sword":2,"minecraft:bucket":1,"minecraft:pumpkin_seeds":28,"minecraft:birch_planks":48,"minecraft:stone_axe":1,"minecraft:bread":18,"minecraft:white_wool":3,"minecraft:stick":84,"minecraft:iron_ingot":65,"minecraft:iron_pickaxe":2,"minecraft:oak_stairs":32,"minecraft:gold_ingot":8,"minecraft:white_bed":1,"minecraft:composter":1,"minecraft:torch":176,"minecraft:shears":1},"minecraft:custom":{"minecraft:mob_kills":15,"minecraft:animals_bred":1,"minecraft:interact_with_crafting_table":40,"minecraft:bell_ring":15,"minecraft:leave_game":4,"minecraft:time_since_death":38557,"minecraft:climb_one_cm":17951,"minecraft:sprint_one_cm":111256,"minecraft:walk_one_cm":1466266,"minecraft:drop":18,"minecraft:talked_to_villager":2,"minecraft:play_time":340804,"minecraft:sneak_time":1286,"minecraft:deaths":13,"minecraft:walk_under_water_one_cm":31724,"minecraft:jump":1382,"minecraft:walk_on_water_one_cm":118050,"minecraft:total_world_time":340804,"minecraft:interact_with_furnace":20,"minecraft:interact_with_loom":1,"minecraft:sleep_in_bed":35,"minecraft:time_since_rest":6467,"minecraft:damage_taken":4585,"minecraft:damage_dealt":2293,"minecraft:fly_one_cm":24342,"minecraft:open_chest":77,"minecraft:crouch_one_cm":1395,"tombstone:undead_killed":6,"minecraft:fall_one_cm":11056},"minecraft:killed_by":{"minecraft:creeper":1,"minecraft:bee":1,"minecraft:cave_spider":6,"minecraft:skeleton":3,"minecraft:zombie":2},"minecraft:dropped":{"minecraft:bread":1,"minecraft:cobblestone":30,"minecraft:dirt":1,"minecraft:sand":25,"minecraft:string":121,"minecraft:bucket":1,"minecraft:stone_axe":1,"minecraft:wheat":2,"minecraft:oak_planks":65,"minecraft:white_bed":3,"minecraft:shears":1,"minecraft:carrot":40,"minecraft:chest":1},"minecraft:used":{"minecraft:beetroot":10,"minecraft:white_tulip":18,"minecraft:stone_shovel":145,"minecraft:ladder":4,"minecraft:chest":5,"minecraft:iron_sword":288,"minecraft:stone_hoe":304,"travelersbackpack:bat":17,"minecraft:torch":211,"minecraft:dirt":29,"minecraft:carrot":157,"minecraft:beehive":3,"minecraft:granite":1,"minecraft:birch_door":6,"minecraft:sea_lantern":4,"minecraft:red_tulip":7,"lucky:lucky_block":1,"minecraft:oak_stairs":49,"minecraft:melon_seeds":11,"minecraft:smooth_basalt":1,"minecraft:oak_sapling":5,"minecraft:furnace":3,"minecraft:beetroot_seeds":101,"tombstone:gift":4,"minecraft:egg":1,"minecraft:cobbled_deepslate":5,"minecraft:wheat_seeds":143,"minecraft:water_bucket":56,"minecraft:diorite":7,"minecraft:stone_pickaxe":205,"minecraft:oak_planks":68,"minecraft:orange_tulip":22,"minecraft:composter":2,"minecraft:sugar_cane":9,"minecraft:crafting_table":5,"minecraft:white_bed":11,"minecraft:pumpkin_seeds":43,"minecraft:shears":45,"minecraft:oak_log":15,"minecraft:diamond_pickaxe":195,"minecraft:diamond_shovel":192,"minecraft:melon_slice":17,"minecraft:string":1,"minecraft:bread":18,"minecraft:iron_pickaxe":456,"minecraft:gravel":8,"minecraft:stone_axe":124,"minecraft:cobblestone":11,"travelersbackpack:standard":5,"minecraft:andesite":15,"minecraft:bucket":56,"minecraft:glass_pane":36,"minecraft:bone_meal":5}},"DataVersion":3120}