{"stats":{"minecraft:crafted":{"minecraft:oak_planks":188,"minecraft:stone_shovel":2,"minecraft:beehive":3,"minecraft:birch_slab":24,"minecraft:furnace":2,"minecraft:diamond_shovel":1,"minecraft:glass_pane":48,"minecraft:glass":62,"minecraft:bow":2,"minecraft:melon_seeds":2,"minecraft:ladder":6,"minecraft:stone_pickaxe":1,"minecraft:chest":5,"minecraft:birch_door":3,"minecraft:stone_hoe":3,"lucky:lucky_block":2,"minecraft:wheat":54,"minecraft:dropper":2,"minecraft:oak_slab":126,"minecraft:crafting_table":2,"minecraft:iron_sword":3,"minecraft:bucket":1,"minecraft:birch_planks":48,"minecraft:pumpkin_seeds":28,"minecraft:stone_axe":1,"minecraft:bread":18,"minecraft:dispenser":1,"minecraft:white_wool":3,"minecraft:stick":84,"minecraft:iron_ingot":80,"minecraft:iron_pickaxe":2,"minecraft:oak_stairs":32,"minecraft:gold_ingot":8,"minecraft:white_bed":1,"minecraft:composter":1,"minecraft:torch":176,"minecraft:shears":1},"minecraft:picked_up":{"minecraft:crafting_table":3,"minecraft:birch_door":3,"minecraft:wheat":65,"minecraft:azure_bluet":1,"travelersbackpack:bat":3,"minecraft:ender_chest":2,"minecraft:ladder":3,"minecraft:prismarine_shard":23,"minecraft:chest_minecart":1,"minecraft:diamond_sword":1,"minecraft:oak_stairs":17,"minecraft:chain":3,"minecraft:amethyst_block":11,"minecraft:string":209,"minecraft:raw_copper":23,"minecraft:beetroot":45,"minecraft:cobbled_deepslate":53,"minecraft:bucket":1,"minecraft:white_tulip":21,"minecraft:oak_boat":1,"minecraft:calcite":1,"minecraft:iron_pickaxe":1,"minecraft:melon_slice":22,"minecraft:sugar_cane":9,"minecraft:chest":3,"minecraft:furnace":2,"minecraft:egg":1,"minecraft:stick":10,"minecraft:raw_iron":134,"minecraft:oak_door":1,"minecraft:composter":1,"minecraft:oak_fence":3,"minecraft:torch":35,"minecraft:diorite":26,"minecraft:carrot":253,"minecraft:redstone":101,"minecraft:prismarine_crystals":10,"minecraft:arrow":5,"minecraft:rotten_flesh":5,"minecraft:beetroot_seeds":131,"minecraft:shears":1,"minecraft:diamond_boots":1,"minecraft:hay_block":6,"minecraft:red_tulip":7,"minecraft:rail":164,"minecraft:cobblestone":372,"minecraft:stripped_oak_log":1,"minecraft:birch_log":17,"minecraft:andesite":28,"minecraft:beacon":1,"minecraft:potato":14,"minecraft:birch_planks":12,"minecraft:flint":2,"minecraft:oak_log":67,"lucky:lucky_block":1,"minecraft:lapis_lazuli":149,"minecraft:dirt":531,"minecraft:bone":6,"minecraft:wheat_seeds":200,"minecraft:orange_tulip":23,"minecraft:raw_gold":17,"minecraft:iron_ingot":8,"minecraft:cobweb":40,"minecraft:diamond_helmet":1,"minecraft:prismarine":23,"minecraft:oak_planks":62,"minecraft:honeycomb":9,"minecraft:dark_oak_stairs":2,"minecraft:oak_slab":16,"minecraft:smooth_basalt":1,"minecraft:pumpkin":33,"minecraft:poisonous_potato":3,"minecraft:gravel":13,"minecraft:sand":45,"minecraft:jungle_planks":2,"minecraft:white_bed":15,"minecraft:sea_lantern":4,"minecraft:spider_eye":1,"minecraft:bundle":1,"travelersbackpack:standard":2,"minecraft:pumpkin_seeds":12,"minecraft:stone_axe":1,"minecraft:granite":11,"minecraft:painting":4,"minecraft:bone_meal":6,"minecraft:bread":1,"minecraft:baked_potato":8,"minecraft:oak_sapling":9,"minecraft:melon_seeds":6,"minecraft:coal":95,"minecraft:diamond_pickaxe":1},"minecraft:killed_by":{"minecraft:creeper":1,"minecraft:bee":1,"minecraft:cave_spider":6,"minecraft:skeleton":3,"minecraft:zombie":6},"minecraft:mined":{"minecraft:attached_pumpkin_stem":4,"minecraft:white_bed":13,"minecraft:attached_melon_stem":2,"minecraft:farmland":5,"minecraft:oak_door":1,"minecraft:granite":8,"minecraft:grass_block":205,"minecraft:jungle_planks":2,"minecraft:composter":1,"travelersbackpack:bat":3,"minecraft:hay_block":6,"minecraft:redstone_ore":16,"minecraft:furnace":2,"minecraft:carrots":68,"minecraft:iron_ore":68,"minecraft:andesite":24,"minecraft:pumpkin":26,"minecraft:deepslate_lapis_ore":9,"minecraft:dark_oak_stairs":2,"minecraft:potatoes":1,"minecraft:red_tulip":7,"minecraft:deepslate_iron_ore":66,"minecraft:rail":165,"minecraft:oak_stairs":17,"minecraft:stripped_oak_log":1,"lucky:lucky_block":7,"minecraft:white_tulip":21,"minecraft:stone":291,"minecraft:deepslate_redstone_ore":6,"minecraft:oak_slab":12,"minecraft:melon_stem":1,"minecraft:medium_amethyst_bud":1,"travelersbackpack:standard":2,"minecraft:oak_fence":3,"minecraft:crafting_table":3,"minecraft:torch":13,"minecraft:calcite":1,"minecraft:melon":4,"minecraft:chest":2,"minecraft:copper_ore":3,"minecraft:tall_grass":11,"minecraft:deepslate_gold_ore":16,"minecraft:lapis_ore":13,"minecraft:oak_planks":31,"minecraft:sugar_cane":4,"minecraft:diorite":14,"minecraft:wall_torch":9,"minecraft:amethyst_block":11,"minecraft:deepslate_copper_ore":5,"minecraft:chain":3,"minecraft:birch_log":17,"minecraft:wheat":68,"minecraft:birch_leaves":1,"minecraft:pumpkin_stem":3,"minecraft:birch_door":3,"minecraft:orange_tulip":23,"minecraft:grass":152,"minecraft:oak_log":64,"minecraft:coal_ore":73,"minecraft:beetroots":56,"minecraft:gravel":11,"minecraft:sand":29,"minecraft:dirt":271,"minecraft:cobweb":256,"minecraft:smooth_basalt":1,"minecraft:red_mushroom_block":4,"minecraft:gold_ore":2,"minecraft:oak_leaves":14,"minecraft:deepslate":44},"minecraft:broken":{"minecraft:stone_hoe":2,"minecraft:stone_pickaxe":2,"minecraft:stone_axe":1,"minecraft:iron_sword":2,"minecraft:iron_pickaxe":2,"minecraft:stone_shovel":1},"minecraft:used":{"minecraft:beetroot":10,"minecraft:white_tulip":18,"minecraft:stone_shovel":145,"minecraft:ladder":7,"minecraft:chest":8,"minecraft:iron_sword":292,"minecraft:stone_hoe":372,"travelersbackpack:bat":19,"minecraft:torch":230,"minecraft:dirt":40,"minecraft:carrot":234,"minecraft:beehive":3,"minecraft:granite":1,"minecraft:glass":22,"minecraft:birch_door":6,"minecraft:sea_lantern":4,"minecraft:red_tulip":7,"lucky:lucky_block":6,"minecraft:oak_stairs":49,"minecraft:melon_seeds":11,"minecraft:smooth_basalt":1,"minecraft:oak_sapling":5,"minecraft:furnace":4,"minecraft:beetroot_seeds":139,"tombstone:gift":8,"minecraft:egg":1,"minecraft:potato":17,"minecraft:cobbled_deepslate":5,"minecraft:enchanted_golden_apple":6,"minecraft:wheat_seeds":193,"minecraft:water_bucket":57,"minecraft:diorite":7,"minecraft:stone_pickaxe":205,"minecraft:oak_planks":230,"minecraft:orange_tulip":22,"minecraft:composter":2,"minecraft:sugar_cane":9,"minecraft:oak_slab":107,"minecraft:crafting_table":5,"minecraft:white_bed":11,"minecraft:pumpkin_seeds":43,"minecraft:shears":45,"minecraft:oak_log":15,"minecraft:diamond_pickaxe":195,"minecraft:diamond_shovel":244,"minecraft:iron_pickaxe":456,"minecraft:melon_slice":17,"minecraft:bread":19,"minecraft:cyan_bed":3,"minecraft:string":1,"minecraft:gravel":8,"minecraft:stone_axe":124,"minecraft:diamond_sword":90,"minecraft:cobblestone":11,"travelersbackpack:standard":7,"minecraft:andesite":15,"minecraft:bucket":57,"minecraft:glass_pane":36,"minecraft:bone_meal":6},"minecraft:custom":{"minecraft:mob_kills":17,"minecraft:animals_bred":1,"minecraft:interact_with_crafting_table":51,"minecraft:bell_ring":15,"minecraft:leave_game":6,"minecraft:time_since_death":6652,"minecraft:climb_one_cm":26399,"minecraft:damage_resisted":456,"minecraft:sprint_one_cm":171094,"minecraft:walk_one_cm":1720690,"minecraft:drop":19,"minecraft:talked_to_villager":2,"minecraft:play_time":423085,"minecraft:sneak_time":1378,"minecraft:deaths":17,"minecraft:walk_under_water_one_cm":31746,"minecraft:jump":1505,"minecraft:walk_on_water_one_cm":121056,"minecraft:total_world_time":423085,"minecraft:interact_with_furnace":27,"minecraft:interact_with_loom":1,"minecraft:sleep_in_bed":37,"minecraft:time_since_rest":6059,"minecraft:damage_taken":6225,"minecraft:damage_absorbed":640,"minecraft:damage_dealt":2771,"minecraft:fly_one_cm":74119,"minecraft:open_chest":131,"minecraft:crouch_one_cm":1470,"tombstone:undead_killed":7,"minecraft:fall_one_cm":12004},"minecraft:killed":{"minecraft:cave_spider":7,"minecraft:spider":2,"minecraft:skeleton":3,"minecraft:zombie":4},"minecraft:dropped":{"minecraft:bread":1,"minecraft:cobblestone":30,"minecraft:dirt":1,"minecraft:sand":25,"minecraft:string":121,"minecraft:bucket":1,"minecraft:stone_axe":1,"minecraft:wheat":2,"minecraft:oak_planks":65,"minecraft:white_bed":3,"minecraft:shears":1,"minecraft:carrot":40,"minecraft:diamond_sword":1,"minecraft:chest":1}},"DataVersion":3120}