{"stats":{"minecraft:broken":{"minecraft:leather_chestplate":1,"minecraft:stone_pickaxe":1,"minecraft:stone_axe":1,"minecraft:iron_sword":1,"minecraft:iron_pickaxe":1,"minecraft:stone_shovel":1},"minecraft:killed_by":{"minecraft:creeper":2,"minecraft:skeleton":1,"minecraft:zombie":1},"minecraft:picked_up":{"minecraft:magenta_glazed_terracotta":1,"minecraft:crafting_table":5,"minecraft:wheat":7,"minecraft:chicken":3,"minecraft:clay_ball":200,"minecraft:brown_mushroom":14,"minecraft:enchanted_book":1,"minecraft:shield":1,"minecraft:amethyst_block":4,"minecraft:lapis_block":1,"minecraft:string":26,"minecraft:red_bed":4,"minecraft:moss_carpet":2,"minecraft:raw_copper":63,"minecraft:iron_axe":1,"minecraft:orange_glazed_terracotta":1,"minecraft:cobbled_deepslate":3,"minecraft:bucket":1,"delightful:acorn":7,"minecraft:beef":3,"minecraft:rose_bush":1,"minecraft:iron_pickaxe":2,"minecraft:birch_sapling":2,"minecraft:sugar_cane":28,"minecraft:chest":1,"minecraft:furnace":1,"minecraft:egg":10,"minecraft:dark_oak_sapling":50,"minecraft:stick":26,"minecraft:raw_iron":88,"minecraft:copper_ingot":2,"minecraft:torch":135,"tombstone:grave_dust":13,"minecraft:diorite":1,"minecraft:carrot":16,"minecraft:arrow":38,"minecraft:rotten_flesh":104,"minecraft:blue_glazed_terracotta":1,"minecraft:pink_glazed_terracotta":1,"minecraft:hay_block":15,"farmersdelight:rope":10,"tombstone:essence_of_undeath":1,"minecraft:glow_berries":1,"minecraft:mutton":2,"minecraft:rail":1,"minecraft:cobblestone":382,"minecraft:leather_chestplate":1,"minecraft:feather":8,"minecraft:andesite":20,"minecraft:leather":1,"minecraft:red_glazed_terracotta":1,"minecraft:red_mushroom":23,"minecraft:potato":18,"minecraft:flint":9,"minecraft:oak_log":76,"minecraft:yellow_glazed_terracotta":1,"lucky:lucky_block":1,"minecraft:gunpowder":25,"minecraft:lapis_lazuli":12,"minecraft:dirt":171,"minecraft:white_banner":1,"minecraft:bone":24,"minecraft:apple":7,"minecraft:bow":4,"minecraft:wheat_seeds":21,"minecraft:raw_gold":30,"minecraft:iron_ingot":33,"tombstone:bag_of_seeds":2,"minecraft:iron_sword":2,"minecraft:oak_planks":13,"minecraft:lime_glazed_terracotta":1,"minecraft:dandelion":1,"minecraft:light_blue_glazed_terracotta":1,"minecraft:gravel":192,"minecraft:sand":391,"minecraft:amethyst_shard":5,"minecraft:white_bed":2,"minecraft:diamond_block":1,"minecraft:dark_oak_log":464,"minecraft:spider_eye":6,"minecraft:mossy_cobblestone":3,"travelersbackpack:wolf":8,"minecraft:bundle":5,"minecraft:diamond":14,"minecraft:purple_glazed_terracotta":1,"minecraft:crossbow":1,"minecraft:granite":1,"minecraft:gray_wool":1,"minecraft:bread":28,"tombstone:magic_scroll":4,"minecraft:oak_sapling":5,"minecraft:coal":126,"minecraft:ender_pearl":1},"minecraft:dropped":{"minecraft:bread":1,"minecraft:wheat_seeds":1,"minecraft:mossy_cobblestone":3,"minecraft:feather":4,"minecraft:cobblestone":8,"minecraft:granite":1,"minecraft:coal":6,"tombstone:grave_dust":3,"minecraft:red_dye":1,"minecraft:iron_pickaxe":1,"minecraft:gravel":4,"minecraft:moss_carpet":1,"minecraft:cobbled_deepslate":1,"minecraft:wheat":1,"minecraft:rotten_flesh":14,"minecraft:clay_ball":8,"minecraft:oak_planks":16,"minecraft:potato":1,"minecraft:gunpowder":1,"minecraft:bundle":2,"minecraft:andesite":8,"minecraft:spider_eye":4,"minecraft:bow":2,"minecraft:wooden_pickaxe":1,"minecraft:egg":4},"minecraft:mined":{"minecraft:purple_glazed_terracotta":1,"minecraft:white_bed":2,"minecraft:deepslate_diamond_ore":4,"minecraft:dark_oak_log":1,"minecraft:cave_vines_plant":1,"minecraft:granite":3,"minecraft:grass_block":54,"minecraft:light_blue_glazed_terracotta":1,"minecraft:brown_mushroom_block":4,"travelersbackpack:wolf":7,"minecraft:hay_block":15,"minecraft:furnace":1,"minecraft:carrots":4,"minecraft:iron_ore":61,"minecraft:fire":1,"minecraft:andesite":19,"minecraft:diamond_block":1,"treechop:chopped_log":10,"minecraft:deepslate_lapis_ore":2,"minecraft:potatoes":5,"minecraft:cave_vines":1,"minecraft:deepslate_iron_ore":31,"lucky:lucky_block":6,"minecraft:blue_glazed_terracotta":1,"minecraft:stone":361,"minecraft:pink_glazed_terracotta":1,"minecraft:orange_glazed_terracotta":1,"minecraft:red_bed":3,"minecraft:amethyst_cluster":1,"minecraft:clay":43,"minecraft:crafting_table":5,"minecraft:torch":125,"minecraft:rose_bush":1,"minecraft:mushroom_stem":12,"minecraft:copper_ore":15,"minecraft:glass":1,"minecraft:tall_grass":1,"minecraft:cobblestone":20,"minecraft:red_glazed_terracotta":1,"minecraft:deepslate_gold_ore":29,"minecraft:oak_planks":1,"minecraft:sugar_cane":12,"minecraft:wall_torch":4,"minecraft:amethyst_block":4,"minecraft:diorite":7,"minecraft:lapis_block":1,"minecraft:lime_glazed_terracotta":1,"minecraft:wheat":5,"minecraft:magenta_glazed_terracotta":1,"minecraft:yellow_glazed_terracotta":1,"minecraft:grass":92,"minecraft:oak_log":71,"minecraft:coal_ore":124,"minecraft:gravel":90,"minecraft:dirt":16,"minecraft:sand":111,"minecraft:cobweb":5,"minecraft:red_mushroom_block":36,"minecraft:gold_ore":2,"minecraft:oak_leaves":5,"minecraft:deepslate":3},"minecraft:crafted":{"minecraft:oak_planks":208,"minecraft:stone_shovel":1,"minecraft:cooked_chicken":3,"minecraft:furnace":3,"minecraft:bone_meal":60,"minecraft:glass":126,"minecraft:diamond":9,"minecraft:dark_oak_fence":48,"minecraft:white_concrete_powder":312,"minecraft:iron_axe":1,"minecraft:iron_hoe":1,"minecraft:stone_pickaxe":1,"minecraft:chest":6,"minecraft:dark_oak_planks":316,"minecraft:wheat":135,"minecraft:cooked_beef":3,"minecraft:red_dye":2,"minecraft:crafting_table":4,"minecraft:wooden_pickaxe":1,"minecraft:baked_potato":2,"minecraft:red_bed":1,"minecraft:bucket":1,"minecraft:stone_axe":1,"minecraft:bread":45,"minecraft:air":0,"farmersdelight:fried_egg":2,"minecraft:white_dye":39,"minecraft:stick":184,"minecraft:iron_ingot":58,"minecraft:iron_pickaxe":2,"minecraft:iron_shovel":1,"minecraft:dark_oak_fence_gate":8,"minecraft:torch":40,"minecraft:shears":1},"minecraft:used":{"minecraft:moss_carpet":1,"minecraft:iron_shovel":113,"minecraft:stone_shovel":176,"minecraft:chest":6,"minecraft:shield":70,"minecraft:iron_sword":457,"minecraft:cooked_chicken":3,"minecraft:rotten_flesh":13,"minecraft:torch":171,"minecraft:dirt":160,"minecraft:carrot":12,"minecraft:iron_hoe":44,"lucky:lucky_block":1,"minecraft:iron_axe":202,"minecraft:grass_block":1,"minecraft:chicken_spawn_egg":3,"minecraft:bow":6,"minecraft:oak_sapling":3,"minecraft:furnace":4,"tombstone:gift":3,"minecraft:egg":3,"minecraft:potato":12,"minecraft:cooked_beef":3,"minecraft:cobbled_deepslate":1,"farmersdelight:fried_egg":2,"minecraft:wheat_seeds":16,"minecraft:water_bucket":6,"minecraft:cow_spawn_egg":4,"minecraft:stone_pickaxe":131,"minecraft:baked_potato":2,"minecraft:wooden_pickaxe":15,"minecraft:sugar_cane":4,"minecraft:sheep_spawn_egg":3,"minecraft:golden_apple":2,"minecraft:sand":1,"minecraft:rail":1,"minecraft:red_bed":5,"minecraft:crafting_table":9,"minecraft:white_bed":1,"minecraft:crossbow":19,"minecraft:dark_oak_fence_gate":8,"travelersbackpack:wolf":10,"minecraft:apple":7,"minecraft:dark_oak_log":1,"minecraft:bread":72,"minecraft:iron_pickaxe":563,"minecraft:pig_spawn_egg":4,"minecraft:stone_axe":129,"minecraft:cobblestone":59,"minecraft:dark_oak_fence":60,"minecraft:bucket":11,"minecraft:dandelion":1,"minecraft:bone_meal":17,"delightful:acorn":5},"minecraft:killed":{"minecraft:spider":22,"minecraft:skeleton":28,"minecraft:chicken":2,"minecraft:zombie_villager":1,"minecraft:creeper":14,"minecraft:sheep":1,"minecraft:pillager":1,"tinyskeletons:baby_skeleton":2,"minecraft:zombie":76,"minecraft:enderman":1,"minecraft:cow":1},"minecraft:custom":{"minecraft:mob_kills":150,"minecraft:animals_bred":5,"minecraft:interact_with_crafting_table":39,"minecraft:leave_game":6,"minecraft:time_since_death":27215,"minecraft:climb_one_cm":2342,"minecraft:sprint_one_cm":764545,"minecraft:walk_one_cm":726476,"minecraft:damage_blocked_by_shield":2600,"minecraft:drop":35,"minecraft:talked_to_villager":7,"minecraft:play_time":281547,"minecraft:deaths":5,"minecraft:sneak_time":3195,"minecraft:walk_under_water_one_cm":14974,"minecraft:jump":5119,"minecraft:walk_on_water_one_cm":23485,"minecraft:total_world_time":281547,"minecraft:interact_with_furnace":69,"tombstone:raider_killed":1,"minecraft:sleep_in_bed":15,"minecraft:time_since_rest":1994,"minecraft:damage_absorbed":80,"minecraft:damage_taken":5698,"minecraft:damage_dealt":26284,"minecraft:swim_one_cm":116480,"minecraft:fly_one_cm":1124160,"minecraft:open_chest":170,"minecraft:crouch_one_cm":4782,"tombstone:undead_killed":107,"minecraft:fall_one_cm":142306}},"DataVersion":3120}