{"stats":{"minecraft:picked_up":{"minecraft:wheat":89,"minecraft:redstone_block":6,"minecraft:smithing_table":1,"minecraft:potion":1,"minecraft:enchanted_book":1,"minecraft:amethyst_block":4,"minecraft:lapis_block":1,"minecraft:string":28,"minecraft:raw_copper":63,"travelersbackpack:diamond":1,"minecraft:orange_glazed_terracotta":1,"minecraft:beetroot":7,"minecraft:cobbled_deepslate":3,"farmersdelight:cabbage":5,"minecraft:bucket":2,"minecraft:dark_oak_leaves":6,"delightful:acorn":20,"minecraft:rose_bush":1,"minecraft:iron_pickaxe":2,"minecraft:melon_slice":42,"farmersdelight:cabbage_seeds":15,"minecraft:furnace":1,"minecraft:stick":73,"farmersdelight:rotten_tomato":1,"decoration_delight:dark_oak_countertop":2,"minecraft:torch":299,"travelersbackpack:iron_tier_upgrade":1,"tombstone:grave_dust":16,"minecraft:diorite":1,"minecraft:golden_chestplate":1,"culturaldelights:avocado":47,"minecraft:rotten_flesh":152,"minecraft:blue_glazed_terracotta":1,"farmersdelight:rope":10,"minecraft:cobblestone":498,"minecraft:birch_log":18,"minecraft:cooked_beef":19,"minecraft:leather_chestplate":1,"minecraft:feather":9,"minecraft:andesite":20,"minecraft:potato":236,"minecraft:flint":19,"lucky:lucky_block":1,"travelersbackpack:gold_tier_upgrade":1,"minecraft:lapis_lazuli":12,"farmersdelight:tomato":13,"minecraft:dirt":1323,"minecraft:bone":38,"minecraft:bow":5,"minecraft:wheat_seeds":258,"minecraft:raw_gold":30,"minecraft:glowstone_dust":3,"minecraft:oak_planks":14,"minecraft:lime_glazed_terracotta":1,"minecraft:poisonous_potato":1,"minecraft:sand":641,"minecraft:diamond_block":1,"minecraft:dark_oak_log":726,"minecraft:barrel":1,"minecraft:mossy_cobblestone":3,"minecraft:bundle":8,"minecraft:diamond":14,"minecraft:crossbow":1,"minecraft:granite":1,"minecraft:white_concrete":584,"minecraft:bread":28,"minecraft:emerald":4,"minecraft:oak_sapling":24,"minecraft:dark_oak_fence":105,"minecraft:oak_leaves":107,"minecraft:magenta_glazed_terracotta":1,"minecraft:crafting_table":8,"minecraft:coarse_dirt":31,"minecraft:chicken":4,"minecraft:ladder":2,"minecraft:clay_ball":200,"minecraft:brown_mushroom":17,"minecraft:shield":1,"minecraft:red_bed":6,"minecraft:moss_carpet":2,"minecraft:iron_axe":3,"minecraft:beef":3,"minecraft:sugar_cane":81,"minecraft:chest":1,"minecraft:birch_sapling":14,"minecraft:egg":59,"minecraft:dark_oak_sapling":89,"minecraft:raw_iron":88,"minecraft:copper_ingot":2,"minecraft:carrot":178,"minecraft:redstone":1,"minecraft:dark_oak_planks":46,"minecraft:arrow":55,"minecraft:beetroot_seeds":19,"minecraft:pink_glazed_terracotta":1,"minecraft:hay_block":15,"stalwart_dungeons:tungsten_axe":1,"minecraft:totem_of_undying":2,"tombstone:essence_of_undeath":2,"minecraft:saddle":1,"minecraft:glow_berries":1,"minecraft:mutton":2,"minecraft:white_wool":77,"minecraft:rail":1,"minecraft:red_glazed_terracotta":1,"minecraft:leather":9,"minecraft:red_mushroom":26,"minecraft:oak_log":112,"minecraft:yellow_glazed_terracotta":1,"minecraft:gunpowder":41,"farmersdelight:skillet":1,"minecraft:white_banner":2,"minecraft:apple":12,"minecraft:iron_ingot":33,"tombstone:bag_of_seeds":2,"minecraft:iron_sword":2,"minecraft:dark_oak_stairs":56,"minecraft:dark_oak_slab":74,"minecraft:pumpkin":13,"minecraft:dandelion":1,"minecraft:light_blue_glazed_terracotta":1,"minecraft:gravel":459,"minecraft:amethyst_shard":5,"minecraft:white_bed":2,"minecraft:dark_oak_fence_gate":6,"minecraft:spider_eye":10,"travelersbackpack:wolf":12,"minecraft:purple_glazed_terracotta":1,"minecraft:gray_wool":1,"tombstone:magic_scroll":5,"minecraft:stripped_dark_oak_log":1,"minecraft:coal":153,"minecraft:ender_pearl":2},"minecraft:crafted":{"minecraft:oak_planks":340,"minecraft:barrel":2,"travelersbackpack:crafting_upgrade":1,"minecraft:dark_oak_wood":18,"minecraft:cooked_chicken":4,"minecraft:cooked_mutton":2,"minecraft:glass":304,"minecraft:dark_oak_door":12,"minecraft:iron_boots":1,"minecraft:bow":1,"minecraft:chest":8,"minecraft:smoker":2,"farmersdelight:tomato_seeds":11,"minecraft:diamond_axe":1,"minecraft:crafting_table":12,"minecraft:iron_helmet":1,"minecraft:baked_potato":92,"minecraft:wooden_pickaxe":1,"minecraft:smithing_table":1,"farmersdelight:fried_egg":9,"minecraft:dark_oak_slab":824,"travelersbackpack:wolf":3,"minecraft:iron_chestplate":1,"minecraft:shield":1,"minecraft:stick":516,"minecraft:iron_ingot":88,"minecraft:iron_pickaxe":5,"minecraft:composter":1,"minecraft:dark_oak_fence_gate":16,"minecraft:shears":1,"minecraft:stone_shovel":1,"minecraft:furnace":5,"minecraft:dark_oak_trapdoor":6,"minecraft:bone_meal":135,"travelersbackpack:blank_upgrade":4,"minecraft:glass_pane":176,"minecraft:diamond":9,"minecraft:dark_oak_fence":462,"minecraft:white_concrete_powder":560,"minecraft:iron_axe":4,"minecraft:ladder":33,"minecraft:iron_hoe":3,"minecraft:stone_pickaxe":1,"decoration_delight:dark_oak_countertop":2,"minecraft:dark_oak_planks":2052,"minecraft:wheat":135,"minecraft:cooked_beef":3,"minecraft:red_dye":2,"minecraft:dark_oak_stairs":244,"travelersbackpack:backpack_tank":2,"minecraft:iron_sword":2,"minecraft:red_bed":1,"minecraft:bucket":1,"culturaldelights:avocado_pit":1,"minecraft:stone_axe":1,"minecraft:bread":46,"minecraft:air":0,"minecraft:white_dye":70,"minecraft:iron_shovel":6,"minecraft:iron_leggings":1,"minecraft:torch":160},"minecraft:mined":{"minecraft:dark_oak_planks":46,"minecraft:white_bed":2,"minecraft:farmland":84,"minecraft:cave_vines_plant":1,"minecraft:granite":3,"minecraft:grass_block":477,"minecraft:white_concrete":584,"travelersbackpack:wolf":11,"minecraft:iron_ore":61,"minecraft:barrel":1,"minecraft:fire":1,"minecraft:pumpkin":13,"minecraft:deepslate_lapis_ore":2,"minecraft:dark_oak_stairs":56,"minecraft:cave_vines":1,"minecraft:dirt_path":3,"decoration_delight:dark_oak_countertop":2,"minecraft:red_bed":5,"minecraft:amethyst_cluster":1,"minecraft:clay":43,"minecraft:torch":269,"minecraft:melon":8,"minecraft:mushroom_stem":12,"farmersdelight:cabbages":7,"minecraft:glass":3,"minecraft:cobblestone":20,"minecraft:sugar_cane":45,"minecraft:oak_planks":3,"minecraft:wall_torch":16,"minecraft:amethyst_block":4,"minecraft:dark_oak_slab":59,"minecraft:lapis_block":1,"minecraft:wheat":97,"minecraft:pumpkin_stem":1,"minecraft:magenta_glazed_terracotta":1,"minecraft:yellow_glazed_terracotta":1,"minecraft:grass":147,"minecraft:oak_log":73,"minecraft:beetroots":7,"minecraft:sand":163,"minecraft:dirt":473,"minecraft:red_mushroom_block":36,"culturaldelights:avocado_leaves":6,"minecraft:oak_leaves":132,"minecraft:deepslate":3,"minecraft:purple_glazed_terracotta":1,"minecraft:dark_oak_leaves":13,"minecraft:deepslate_diamond_ore":4,"minecraft:dark_oak_log":20,"minecraft:ladder":2,"minecraft:dark_oak_fence":105,"minecraft:light_blue_glazed_terracotta":1,"minecraft:brown_mushroom_block":4,"minecraft:large_fern":1,"minecraft:hay_block":15,"culturaldelights:fruiting_avocado_leaves":1,"minecraft:furnace":1,"minecraft:carrots":53,"minecraft:dark_oak_fence_gate":6,"minecraft:andesite":19,"minecraft:diamond_block":1,"treechop:chopped_log":26,"minecraft:potatoes":68,"minecraft:deepslate_iron_ore":31,"minecraft:blue_glazed_terracotta":1,"lucky:lucky_block":6,"minecraft:stone":470,"minecraft:pink_glazed_terracotta":1,"minecraft:orange_glazed_terracotta":1,"minecraft:smithing_table":1,"minecraft:podzol":166,"minecraft:glass_pane":10,"minecraft:stripped_dark_oak_log":1,"minecraft:crafting_table":8,"minecraft:rose_bush":1,"minecraft:tall_grass":2,"minecraft:copper_ore":15,"minecraft:deepslate_gold_ore":29,"minecraft:red_glazed_terracotta":1,"minecraft:diorite":7,"minecraft:coarse_dirt":32,"minecraft:lime_glazed_terracotta":1,"minecraft:birch_leaves":1,"minecraft:coal_ore":151,"minecraft:gravel":205,"minecraft:cobweb":5,"minecraft:gold_ore":2,"minecraft:fern":2},"minecraft:dropped":{"minecraft:diamond":4,"minecraft:dark_oak_sapling":52,"minecraft:iron_pickaxe":1,"minecraft:gravel":4,"minecraft:cobbled_deepslate":1,"minecraft:wheat":1,"minecraft:rotten_flesh":14,"minecraft:oak_planks":16,"minecraft:gunpowder":1,"minecraft:egg":4,"minecraft:bread":1,"minecraft:wheat_seeds":1,"farmersdelight:skillet":1,"minecraft:mossy_cobblestone":3,"minecraft:feather":4,"minecraft:cobblestone":8,"minecraft:granite":1,"minecraft:coal":6,"tombstone:grave_dust":3,"minecraft:red_dye":1,"minecraft:bucket":1,"minecraft:moss_carpet":1,"travelersbackpack:diamond":1,"minecraft:clay_ball":8,"minecraft:potato":1,"minecraft:bundle":3,"minecraft:andesite":8,"minecraft:spider_eye":4,"minecraft:bow":3,"minecraft:wooden_pickaxe":1},"minecraft:custom":{"minecraft:animals_bred":48,"minecraft:interact_with_crafting_table":151,"minecraft:open_barrel":1,"minecraft:leave_game":8,"minecraft:time_since_death":429044,"minecraft:sprint_one_cm":1886058,"minecraft:damage_blocked_by_shield":3170,"minecraft:drop":43,"minecraft:talked_to_villager":19,"minecraft:play_time":724223,"minecraft:deaths":9,"minecraft:jump":9701,"minecraft:walk_on_water_one_cm":33551,"minecraft:interact_with_furnace":157,"minecraft:traded_with_villager":1,"minecraft:sleep_in_bed":18,"minecraft:damage_dealt":47112,"minecraft:crouch_one_cm":31812,"tombstone:undead_killed":176,"minecraft:interact_with_smoker":13,"minecraft:interact_with_smithing_table":6,"minecraft:mob_kills":268,"minecraft:climb_one_cm":18718,"minecraft:walk_one_cm":2212379,"minecraft:raid_win":1,"minecraft:sneak_time":13078,"minecraft:walk_under_water_one_cm":26651,"minecraft:total_world_time":724223,"tombstone:raider_killed":25,"minecraft:time_since_rest":66728,"minecraft:damage_taken":8781,"minecraft:damage_absorbed":80,"minecraft:swim_one_cm":136878,"minecraft:fly_one_cm":2133075,"minecraft:open_chest":535,"minecraft:fall_one_cm":252807},"minecraft:used":{"minecraft:moss_carpet":1,"minecraft:iron_shovel":1491,"farmersdelight:cabbage_seeds":17,"minecraft:ladder":25,"minecraft:white_concrete_powder":560,"minecraft:chest":8,"minecraft:shield":85,"minecraft:iron_sword":797,"minecraft:rotten_flesh":29,"minecraft:carrot":137,"minecraft:glass":202,"lucky:lucky_block":1,"minecraft:grass_block":1,"minecraft:dark_oak_wood":18,"minecraft:dark_oak_slab":841,"minecraft:bow":27,"minecraft:oak_sapling":3,"minecraft:furnace":4,"minecraft:beetroot_seeds":18,"culturaldelights:avocado":1,"minecraft:egg":3,"minecraft:potato":125,"minecraft:dark_oak_sapling":4,"minecraft:dark_oak_stairs":261,"minecraft:cow_spawn_egg":4,"minecraft:stone_pickaxe":131,"minecraft:wooden_pickaxe":15,"minecraft:composter":1,"minecraft:sugar_cane":15,"minecraft:diamond_axe":33,"minecraft:oak_leaves":1,"minecraft:golden_apple":2,"minecraft:glow_berries":6,"minecraft:dark_oak_trapdoor":3,"minecraft:sand":1,"minecraft:crossbow":19,"minecraft:shears":119,"minecraft:pumpkin_seeds":5,"minecraft:dark_oak_log":69,"minecraft:bread":73,"minecraft:dark_oak_fence":576,"minecraft:smithing_table":2,"minecraft:coarse_dirt":2,"minecraft:white_concrete":584,"minecraft:bone_meal":65,"delightful:acorn":8,"minecraft:stone_shovel":176,"minecraft:cooked_chicken":4,"minecraft:torch":471,"minecraft:dirt":1258,"minecraft:iron_hoe":598,"minecraft:dark_oak_planks":501,"minecraft:iron_axe":686,"minecraft:chicken_spawn_egg":3,"minecraft:melon_seeds":3,"minecraft:barrel":3,"tombstone:gift":3,"minecraft:cooked_beef":3,"farmersdelight:tomato_seeds":15,"minecraft:cobbled_deepslate":1,"farmersdelight:fried_egg":9,"minecraft:wheat_seeds":192,"minecraft:water_bucket":45,"decoration_delight:dark_oak_countertop":2,"farmersdelight:skillet":1,"minecraft:baked_potato":53,"minecraft:sheep_spawn_egg":3,"minecraft:rail":1,"minecraft:crafting_table":19,"minecraft:red_bed":7,"culturaldelights:avocado_pit":2,"minecraft:white_bed":1,"minecraft:dark_oak_fence_gate":18,"travelersbackpack:wolf":14,"minecraft:dark_oak_door":7,"minecraft:smoker":2,"tombstone:bag_of_seeds":2,"minecraft:apple":7,"minecraft:iron_pickaxe":1283,"minecraft:pig_spawn_egg":4,"minecraft:stone_axe":129,"minecraft:cobblestone":93,"minecraft:bucket":52,"minecraft:glass_pane":175,"minecraft:dandelion":1},"minecraft:killed":{"minecraft:witch":4,"minecraft:spider":26,"minecraft:skeleton":44,"minecraft:chicken":3,"minecraft:zombie_villager":1,"minecraft:creeper":25,"minecraft:sheep":1,"minecraft:pillager":11,"tinyskeletons:baby_skeleton":4,"minecraft:zombie":125,"minecraft:cow":6,"minecraft:evoker":2,"minecraft:vindicator":6,"minecraft:drowned":2,"minecraft:ravager":2,"minecraft:enderman":2},"minecraft:broken":{"minecraft:iron_shovel":5,"minecraft:stone_pickaxe":1,"minecraft:stone_axe":1,"minecraft:iron_sword":3,"minecraft:stone_shovel":1,"minecraft:iron_hoe":2,"minecraft:leather_chestplate":1,"minecraft:shield":1,"minecraft:iron_axe":2,"minecraft:iron_pickaxe":4},"minecraft:killed_by":{"minecraft:creeper":2,"minecraft:vindicator":4,"minecraft:zombie":1,"minecraft:skeleton":1}},"DataVersion":3120}