{"stats":{"minecraft:killed_by":{"minecraft:creeper":2,"minecraft:vindicator":4,"minecraft:zombie":1,"minecraft:skeleton":1},"minecraft:broken":{"minecraft:iron_shovel":6,"minecraft:stone_pickaxe":1,"minecraft:stone_axe":1,"minecraft:iron_sword":3,"minecraft:stone_shovel":1,"minecraft:iron_hoe":2,"minecraft:leather_chestplate":1,"minecraft:shield":1,"minecraft:iron_axe":4,"minecraft:iron_pickaxe":4},"minecraft:picked_up":{"minecraft:seagrass":6,"minecraft:wheat":198,"minecraft:redstone_block":6,"minecraft:smithing_table":1,"minecraft:potion":1,"minecraft:enchanted_book":1,"minecraft:amethyst_block":4,"minecraft:lapis_block":2,"minecraft:string":31,"minecraft:raw_copper":63,"travelersbackpack:diamond":1,"minecraft:orange_glazed_terracotta":1,"minecraft:beetroot":7,"minecraft:cobbled_deepslate":3,"minecraft:bucket":2,"farmersdelight:cabbage":13,"minecraft:dark_oak_leaves":6,"delightful:acorn":30,"minecraft:rose_bush":1,"cfm:dark_oak_chair":1,"minecraft:iron_pickaxe":2,"minecraft:melon_slice":54,"farmersdelight:cabbage_seeds":41,"minecraft:furnace":4,"minecraft:stick":119,"miners_delight:tentacles":8,"cfm:dark_oak_park_bench":1,"farmersdelight:rotten_tomato":5,"decoration_delight:dark_oak_countertop":2,"minecraft:torch":329,"cfm:dark_oak_coffee_table":13,"travelersbackpack:iron_tier_upgrade":1,"minecraft:porkchop":53,"tombstone:grave_dust":22,"minecraft:diorite":1,"minecraft:golden_chestplate":1,"culturaldelights:avocado":47,"minecraft:rotten_flesh":202,"minecraft:blue_glazed_terracotta":1,"farmersdelight:rope":10,"minecraft:cobblestone":670,"minecraft:birch_log":18,"minecraft:leather_chestplate":1,"minecraft:feather":13,"minecraft:cooked_beef":89,"farmersdelight:rice":1,"delightful:animal_fat":27,"minecraft:andesite":20,"minecraft:smoker":2,"minecraft:potato":393,"culturaldelights:eggplant":6,"minecraft:flint":19,"culturaldelights:eggplant_seeds":20,"lucky:lucky_block":1,"travelersbackpack:gold_tier_upgrade":1,"minecraft:lapis_lazuli":12,"farmersdelight:tomato":36,"minecraft:dirt":1553,"minecraft:lantern":2,"minecraft:bone":51,"minecraft:bow":6,"minecraft:wheat_seeds":551,"minecraft:raw_gold":30,"minecraft:glowstone_dust":3,"minecraft:oak_planks":14,"minecraft:lime_glazed_terracotta":1,"minecraft:cooked_porkchop":14,"travelersbackpack:squid":1,"cfm:dark_oak_desk":1,"minecraft:poisonous_potato":3,"minecraft:sand":641,"cfm:oak_hedge":1,"minecraft:ink_sac":2,"minecraft:diamond_block":1,"farmersdelight:ham":7,"minecraft:dark_oak_log":1144,"minecraft:barrel":1,"minecraft:mossy_cobblestone":3,"minecraft:bundle":8,"minecraft:diamond":14,"minecraft:crossbow":1,"minecraft:granite":1,"minecraft:white_concrete":584,"minecraft:emerald":4,"minecraft:bread":28,"minecraft:oak_sapling":27,"minecraft:dark_oak_fence":139,"culturaldelights:raw_calamari":2,"minecraft:oak_leaves":107,"minecraft:magenta_glazed_terracotta":1,"minecraft:crafting_table":10,"minecraft:cocoa_beans":10,"minecraft:coarse_dirt":41,"minecraft:chicken":4,"minecraft:ladder":7,"minecraft:clay_ball":200,"minecraft:brown_mushroom":17,"minecraft:shield":1,"decoration_delight:dark_oak_stool":1,"minecraft:red_bed":7,"minecraft:moss_carpet":2,"minecraft:iron_axe":3,"cfm:dark_oak_table":1,"minecraft:beef":3,"minecraft:poppy":4,"minecraft:sugar_cane":103,"minecraft:chest":2,"minecraft:birch_sapling":14,"minecraft:phantom_membrane":5,"minecraft:egg":137,"cfm:white_sofa":6,"minecraft:dark_oak_sapling":144,"minecraft:raw_iron":88,"minecraft:copper_ingot":2,"minecraft:carrot":326,"minecraft:redstone":1,"minecraft:dark_oak_planks":69,"minecraft:arrow":70,"minecraft:beetroot_seeds":19,"minecraft:pink_glazed_terracotta":1,"minecraft:hay_block":15,"stalwart_dungeons:tungsten_axe":1,"culturaldelights:squid":16,"tombstone:essence_of_undeath":2,"minecraft:saddle":1,"minecraft:totem_of_undying":2,"minecraft:glow_berries":1,"minecraft:mutton":2,"minecraft:rail":1,"minecraft:white_wool":199,"cfm:dark_oak_upgraded_fence":4,"minecraft:red_glazed_terracotta":1,"minecraft:leather":53,"minecraft:red_mushroom":26,"minecraft:oak_log":116,"minecraft:yellow_glazed_terracotta":1,"minecraft:gunpowder":61,"farmersdelight:skillet":1,"minecraft:white_banner":2,"minecraft:apple":13,"minecraft:kelp":42,"minecraft:iron_ingot":86,"minecraft:cooked_chicken":3,"tombstone:bag_of_seeds":3,"minecraft:iron_sword":2,"minecraft:dark_oak_stairs":56,"minecraft:dark_oak_slab":94,"minecraft:pumpkin":17,"minecraft:dandelion":2,"minecraft:light_blue_glazed_terracotta":1,"minecraft:gravel":459,"minecraft:amethyst_shard":5,"minecraft:spruce_sapling":2,"minecraft:white_bed":2,"minecraft:spruce_log":7,"minecraft:dark_oak_fence_gate":6,"minecraft:spider_eye":11,"travelersbackpack:wolf":13,"minecraft:purple_glazed_terracotta":1,"minecraft:iron_helmet":1,"minecraft:painting":9,"minecraft:gray_wool":1,"tombstone:magic_scroll":5,"minecraft:melon_seeds":1,"minecraft:black_wool":10,"minecraft:stripped_dark_oak_log":25,"minecraft:coal":161,"minecraft:ender_pearl":2},"minecraft:dropped":{"minecraft:diamond":5,"minecraft:dark_oak_sapling":52,"minecraft:flint":9,"minecraft:iron_pickaxe":1,"minecraft:dark_oak_planks":13,"minecraft:white_wool":31,"minecraft:gravel":4,"minecraft:cobbled_deepslate":1,"minecraft:wheat":1,"minecraft:rotten_flesh":14,"minecraft:oak_planks":16,"minecraft:gunpowder":1,"minecraft:egg":4,"minecraft:iron_ingot":35,"minecraft:bread":1,"minecraft:wheat_seeds":1,"farmersdelight:skillet":1,"minecraft:mossy_cobblestone":3,"minecraft:feather":4,"minecraft:cobblestone":8,"minecraft:granite":1,"minecraft:coal":6,"tombstone:grave_dust":3,"minecraft:red_dye":1,"minecraft:bucket":1,"minecraft:lapis_block":1,"minecraft:moss_carpet":1,"travelersbackpack:diamond":1,"minecraft:coarse_dirt":10,"minecraft:cocoa_beans":2,"minecraft:clay_ball":8,"minecraft:potato":1,"minecraft:bundle":3,"minecraft:andesite":8,"minecraft:spider_eye":4,"minecraft:bow":3,"minecraft:wooden_pickaxe":1},"minecraft:mined":{"minecraft:dark_oak_planks":56,"minecraft:attached_melon_stem":1,"minecraft:white_bed":2,"minecraft:farmland":85,"minecraft:cave_vines_plant":1,"minecraft:granite":3,"minecraft:grass_block":484,"minecraft:white_concrete":584,"travelersbackpack:wolf":12,"minecraft:tall_seagrass":2,"farmersdelight:rice":1,"minecraft:iron_ore":61,"minecraft:barrel":1,"minecraft:fire":1,"cfm:dark_oak_chair":1,"minecraft:pumpkin":17,"minecraft:deepslate_lapis_ore":2,"minecraft:dark_oak_stairs":56,"minecraft:cave_vines":1,"minecraft:dirt_path":3,"decoration_delight:dark_oak_countertop":2,"cfm:dark_oak_park_bench":1,"minecraft:red_bed":6,"minecraft:melon_stem":2,"minecraft:kelp_plant":5,"cfm:oak_hedge":1,"minecraft:smoker":2,"minecraft:amethyst_cluster":1,"minecraft:clay":43,"minecraft:torch":275,"minecraft:poppy":4,"minecraft:melon":10,"minecraft:chest":1,"minecraft:mushroom_stem":12,"farmersdelight:cabbages":16,"minecraft:glass":3,"minecraft:cobblestone":22,"minecraft:oak_planks":3,"minecraft:sugar_cane":56,"minecraft:wall_torch":40,"minecraft:amethyst_block":4,"minecraft:seagrass":2,"minecraft:dark_oak_slab":76,"minecraft:lapis_block":1,"cfm:dark_oak_table":1,"minecraft:wheat":211,"minecraft:pumpkin_stem":1,"minecraft:magenta_glazed_terracotta":1,"minecraft:yellow_glazed_terracotta":1,"culturaldelights:eggplants":6,"minecraft:grass":169,"minecraft:oak_log":73,"minecraft:beetroots":7,"minecraft:dark_oak_sapling":1,"minecraft:sand":163,"minecraft:dirt":622,"minecraft:red_mushroom_block":36,"decoration_delight:dark_oak_stool":1,"culturaldelights:avocado_leaves":6,"minecraft:oak_leaves":132,"minecraft:deepslate":3,"minecraft:purple_glazed_terracotta":1,"minecraft:deepslate_diamond_ore":4,"minecraft:dark_oak_leaves":13,"minecraft:dark_oak_log":20,"minecraft:ladder":7,"minecraft:dark_oak_fence":139,"minecraft:light_blue_glazed_terracotta":1,"minecraft:brown_mushroom_block":4,"cfm:dark_oak_desk":1,"minecraft:large_fern":1,"minecraft:hay_block":15,"culturaldelights:fruiting_avocado_leaves":1,"minecraft:furnace":4,"minecraft:carrots":96,"cfm:dark_oak_upgraded_fence":4,"minecraft:andesite":19,"minecraft:dark_oak_fence_gate":6,"minecraft:diamond_block":1,"treechop:chopped_log":38,"minecraft:potatoes":109,"minecraft:deepslate_iron_ore":31,"minecraft:lantern":2,"cfm:white_sofa":6,"minecraft:blue_glazed_terracotta":1,"lucky:lucky_block":6,"minecraft:stone":641,"minecraft:pink_glazed_terracotta":1,"minecraft:orange_glazed_terracotta":1,"minecraft:podzol":167,"minecraft:smithing_table":1,"minecraft:glass_pane":10,"minecraft:stripped_dark_oak_log":25,"minecraft:dandelion":1,"minecraft:crafting_table":10,"minecraft:rose_bush":1,"cfm:dark_oak_coffee_table":8,"minecraft:copper_ore":15,"minecraft:tall_grass":16,"minecraft:red_glazed_terracotta":1,"minecraft:deepslate_gold_ore":29,"minecraft:diorite":7,"minecraft:coarse_dirt":42,"minecraft:lime_glazed_terracotta":1,"minecraft:birch_leaves":1,"minecraft:black_wool":1,"minecraft:coal_ore":151,"minecraft:cocoa":2,"minecraft:gravel":205,"minecraft:cobweb":5,"minecraft:gold_ore":2,"minecraft:fern":3},"minecraft:used":{"cfm:stripped_dark_oak_park_bench":8,"minecraft:moss_carpet":1,"minecraft:iron_shovel":1654,"decoration_delight:sink":1,"farmersdelight:cabbage_seeds":27,"minecraft:ladder":29,"minecraft:poppy":3,"minecraft:shield":85,"minecraft:white_concrete_powder":560,"farmersdelight:stove":2,"minecraft:chest":16,"minecraft:iron_sword":827,"minecraft:rotten_flesh":29,"cfm:dark_oak_desk":5,"cfm:dark_oak_upgraded_gate":1,"minecraft:cocoa_beans":8,"minecraft:carrot":181,"minecraft:jungle_sapling":1,"minecraft:glass":202,"cfm:door_mat":2,"cfm:dark_oak_upgraded_fence":115,"lucky:lucky_block":1,"cfm:stripped_dark_oak_table":12,"minecraft:grass_block":1,"minecraft:lantern":37,"minecraft:dark_oak_wood":18,"minecraft:dark_oak_slab":1144,"cfm:dark_oak_desk_cabinet":2,"farmersdelight:cutting_board":1,"minecraft:bow":47,"minecraft:dark_oak_boat":1,"minecraft:oak_sapling":3,"minecraft:furnace":6,"minecraft:beetroot_seeds":18,"cfm:dark_oak_coffee_table":38,"culturaldelights:avocado":1,"minecraft:egg":5,"minecraft:potato":166,"minecraft:dark_oak_sapling":49,"culturaldelights:eggplant_seeds":20,"minecraft:dark_oak_stairs":261,"minecraft:cow_spawn_egg":4,"minecraft:stone_pickaxe":131,"minecraft:sugar_cane":16,"minecraft:diamond_axe":147,"minecraft:wooden_pickaxe":15,"minecraft:composter":1,"minecraft:oak_leaves":1,"minecraft:glow_berries":6,"minecraft:golden_apple":2,"minecraft:dark_oak_trapdoor":3,"decoration_delight:dark_oak_stool":5,"minecraft:sand":1,"minecraft:crossbow":19,"farmersdelight:rice":3,"minecraft:pumpkin_seeds":5,"minecraft:shears":119,"minecraft:dark_oak_log":95,"minecraft:bread":73,"cfm:dark_oak_park_bench":5,"minecraft:dark_oak_fence":650,"minecraft:smithing_table":2,"cfm:dark_oak_chair":12,"minecraft:coarse_dirt":2,"minecraft:white_concrete":584,"delightful:acorn":8,"minecraft:bone_meal":195,"minecraft:stone_shovel":176,"minecraft:cooked_chicken":4,"minecraft:torch":504,"minecraft:dirt":1467,"minecraft:iron_hoe":599,"minecraft:dark_oak_planks":663,"cfm:black_sofa":1,"minecraft:iron_axe":999,"minecraft:chicken_spawn_egg":3,"minecraft:barrel":6,"minecraft:melon_seeds":8,"cfm:dark_oak_table":4,"farmersdelight:cooking_pot":1,"tombstone:gift":11,"minecraft:cooked_beef":16,"farmersdelight:tomato_seeds":31,"minecraft:cobbled_deepslate":1,"farmersdelight:fried_egg":9,"minecraft:wheat_seeds":307,"farmersdelight:iron_knife":62,"minecraft:water_bucket":57,"decoration_delight:dark_oak_countertop":2,"farmersdelight:skillet":1,"cfm:dark_oak_bedside_cabinet":1,"minecraft:baked_potato":67,"minecraft:sheep_spawn_egg":3,"minecraft:rail":1,"minecraft:crafting_table":20,"minecraft:red_bed":8,"culturaldelights:avocado_pit":2,"cfm:oak_hedge":17,"minecraft:dark_oak_fence_gate":18,"minecraft:white_bed":1,"minecraft:painting":15,"minecraft:spruce_log":7,"travelersbackpack:wolf":16,"minecraft:dark_oak_door":7,"minecraft:smoker":3,"tombstone:bag_of_seeds":4,"minecraft:flower_pot":2,"minecraft:black_wool":1,"minecraft:apple":7,"cfm:white_sofa":51,"minecraft:iron_pickaxe":1464,"minecraft:pig_spawn_egg":4,"minecraft:spruce_sapling":1,"minecraft:stone_axe":143,"minecraft:cobblestone":115,"minecraft:cooked_porkchop":6,"minecraft:bucket":65,"minecraft:glass_pane":175,"minecraft:dandelion":2},"minecraft:crafted":{"minecraft:brick":64,"cfm:dark_oak_coffee_table":32,"minecraft:black_dye":2,"minecraft:oak_planks":396,"cfm:dark_oak_upgraded_fence":128,"minecraft:barrel":5,"travelersbackpack:crafting_upgrade":1,"minecraft:dark_oak_boat":1,"minecraft:dark_oak_wood":18,"minecraft:cooked_chicken":4,"cfm:dark_oak_bedside_cabinet":2,"cfm:stripped_dark_oak_park_bench":8,"minecraft:cooked_mutton":2,"cfm:stripped_dark_oak_table":12,"minecraft:dark_oak_door":12,"minecraft:glass":304,"minecraft:bow":1,"minecraft:iron_boots":1,"cfm:white_sofa":48,"minecraft:melon_seeds":7,"minecraft:chest":15,"cfm:dark_oak_desk_cabinet":2,"minecraft:bricks":13,"minecraft:flower_pot":2,"minecraft:smoker":2,"farmersdelight:stove":2,"farmersdelight:tomato_seeds":28,"minecraft:wooden_shovel":1,"minecraft:cauldron":1,"minecraft:diamond_axe":1,"cfm:dark_oak_upgraded_gate":2,"minecraft:crafting_table":12,"farmersdelight:iron_knife":2,"minecraft:iron_helmet":1,"minecraft:baked_potato":144,"minecraft:wooden_pickaxe":1,"decoration_delight:sink":1,"minecraft:smithing_table":1,"minecraft:campfire":2,"minecraft:painting":6,"cfm:black_sofa":2,"farmersdelight:cutting_board":1,"farmersdelight:fried_egg":9,"minecraft:dark_oak_slab":1106,"travelersbackpack:wolf":3,"minecraft:iron_chestplate":1,"minecraft:charcoal":7,"minecraft:shield":1,"minecraft:stick":628,"minecraft:iron_ingot":88,"minecraft:iron_pickaxe":5,"minecraft:composter":1,"minecraft:dark_oak_fence_gate":16,"minecraft:shears":1,"minecraft:redstone":27,"minecraft:stone_shovel":1,"decoration_delight:dark_oak_stool":4,"minecraft:iron_nugget":288,"minecraft:furnace":5,"minecraft:dark_oak_trapdoor":6,"minecraft:bone_meal":276,"travelersbackpack:blank_upgrade":4,"cfm:dark_oak_desk":8,"minecraft:glass_pane":176,"cfm:dark_oak_park_bench":4,"minecraft:lantern":36,"cfm:dark_oak_table":12,"minecraft:diamond":9,"minecraft:dark_oak_fence":504,"minecraft:white_concrete_powder":560,"minecraft:iron_axe":5,"minecraft:ladder":33,"minecraft:iron_hoe":4,"minecraft:stone_pickaxe":1,"decoration_delight:dark_oak_countertop":2,"minecraft:dark_oak_planks":2592,"minecraft:wheat":135,"cfm:door_mat":2,"minecraft:cooked_beef":3,"minecraft:red_dye":2,"cfm:oak_hedge":24,"minecraft:dark_oak_stairs":244,"travelersbackpack:backpack_tank":2,"minecraft:iron_sword":2,"minecraft:red_bed":1,"farmersdelight:cooking_pot":1,"minecraft:bucket":1,"culturaldelights:avocado_pit":1,"minecraft:stone_axe":2,"minecraft:bread":46,"minecraft:air":0,"cfm:dark_oak_chair":16,"minecraft:white_dye":70,"minecraft:iron_shovel":7,"minecraft:iron_leggings":1,"minecraft:torch":216,"minecraft:lapis_block":2,"minecraft:lapis_lazuli":9},"minecraft:killed":{"minecraft:witch":4,"minecraft:spider":27,"minecraft:skeleton":49,"minecraft:chicken":4,"minecraft:pig":31,"minecraft:zombie_villager":1,"minecraft:creeper":32,"minecraft:sheep":1,"minecraft:pillager":11,"tinyskeletons:baby_skeleton":4,"minecraft:zombie":145,"minecraft:cow":25,"minecraft:evoker":2,"minecraft:vindicator":6,"minecraft:phantom":5,"minecraft:drowned":6,"minecraft:ravager":2,"minecraft:squid":4,"minecraft:enderman":2},"minecraft:custom":{"minecraft:animals_bred":148,"minecraft:interact_with_crafting_table":170,"minecraft:open_barrel":34,"minecraft:leave_game":8,"minecraft:time_since_death":682339,"minecraft:sprint_one_cm":2552584,"minecraft:damage_blocked_by_shield":3170,"minecraft:drop":54,"minecraft:talked_to_villager":24,"minecraft:play_time":977518,"minecraft:deaths":9,"minecraft:jump":12026,"minecraft:walk_on_water_one_cm":63206,"minecraft:interact_with_furnace":200,"minecraft:traded_with_villager":1,"minecraft:sleep_in_bed":25,"minecraft:damage_dealt":61068,"minecraft:crouch_one_cm":36795,"tombstone:undead_killed":210,"minecraft:interact_with_smoker":22,"minecraft:interact_with_smithing_table":6,"minecraft:mob_kills":372,"minecraft:climb_one_cm":31653,"minecraft:walk_one_cm":2942516,"minecraft:raid_win":1,"minecraft:sneak_time":17500,"minecraft:walk_under_water_one_cm":62936,"minecraft:boat_one_cm":24340,"minecraft:total_world_time":977518,"tombstone:raider_killed":30,"minecraft:pot_flower":2,"minecraft:time_since_rest":83137,"minecraft:damage_absorbed":80,"minecraft:damage_taken":9778,"minecraft:swim_one_cm":273974,"minecraft:fly_one_cm":2655236,"minecraft:open_chest":856,"minecraft:fall_one_cm":298467}},"DataVersion":3120}