{"stats":{"minecraft:killed":{"minecraft:skeleton":4,"minecraft:zombie":4,"minecraft:spider":1,"minecraft:enderman":1},"minecraft:picked_up":{"minecraft:crafting_table":2,"minecraft:leather_chestplate":1,"minecraft:oak_log":69,"tombstone:grave_dust":2,"minecraft:white_bed":2,"minecraft:shield":1,"minecraft:dirt":27,"minecraft:string":2,"minecraft:arrow":5,"minecraft:bone":6,"minecraft:rotten_flesh":5,"minecraft:bow":1,"minecraft:wheat_seeds":1,"minecraft:hay_block":15,"minecraft:crossbow":1,"minecraft:rose_bush":1,"minecraft:oak_sapling":3,"tombstone:magic_scroll":2,"minecraft:oak_planks":7,"minecraft:sugar_cane":15,"minecraft:iron_sword":1,"minecraft:coal":24,"minecraft:ender_pearl":1,"minecraft:cobblestone":87,"minecraft:egg":5},"minecraft:mined":{"minecraft:hay_block":15,"minecraft:white_bed":2,"minecraft:crafting_table":2,"minecraft:grass":5,"minecraft:grass_block":4,"minecraft:oak_log":65,"minecraft:coal_ore":24,"minecraft:rose_bush":1,"minecraft:dirt":5,"minecraft:tall_grass":1,"minecraft:stone":87,"minecraft:sugar_cane":6,"minecraft:oak_leaves":4},"minecraft:crafted":{"minecraft:red_dye":2,"minecraft:oak_planks":32,"minecraft:crafting_table":2,"minecraft:stick":16,"minecraft:wooden_pickaxe":1,"minecraft:stone_pickaxe":1,"minecraft:red_bed":1,"minecraft:stone_axe":1,"minecraft:bread":20,"minecraft:wheat":63},"minecraft:custom":{"minecraft:time_since_rest":10495,"minecraft:interact_with_furnace":2,"minecraft:sprint_one_cm":168569,"minecraft:damage_taken":630,"minecraft:walk_one_cm":124873,"minecraft:damage_blocked_by_shield":320,"minecraft:mob_kills":10,"minecraft:drop":3,"minecraft:animals_bred":1,"minecraft:damage_dealt":1799,"minecraft:interact_with_crafting_table":5,"minecraft:swim_one_cm":8352,"minecraft:talked_to_villager":7,"minecraft:fly_one_cm":277483,"minecraft:play_time":47436,"minecraft:crouch_one_cm":1356,"tombstone:undead_killed":8,"minecraft:sneak_time":618,"minecraft:walk_under_water_one_cm":1067,"minecraft:jump":1064,"minecraft:leave_game":2,"minecraft:time_since_death":47436,"minecraft:walk_on_water_one_cm":2351,"minecraft:sleep_in_bed":4,"minecraft:climb_one_cm":972,"minecraft:total_world_time":47436,"minecraft:fall_one_cm":40024},"minecraft:dropped":{"minecraft:oak_planks":9,"minecraft:red_dye":1,"minecraft:coal":6},"minecraft:used":{"minecraft:bread":20,"minecraft:stone_pickaxe":105,"minecraft:shield":8,"minecraft:wooden_pickaxe":15,"minecraft:iron_sword":35,"minecraft:stone_axe":64,"minecraft:cobblestone":9,"minecraft:crafting_table":3,"minecraft:oak_sapling":3,"minecraft:white_bed":1,"minecraft:egg":2}},"DataVersion":3120}