{"stats":{"minecraft:picked_up":{"minecraft:oak_log":3,"minecraft:cobblestone":6,"minecraft:dirt":9},"minecraft:mined":{"minecraft:grass":2,"minecraft:grass_block":4,"minecraft:oak_log":3,"minecraft:dirt":5,"minecraft:stone":6},"minecraft:crafted":{"minecraft:oak_planks":12,"minecraft:crafting_table":1,"minecraft:stick":8,"minecraft:wooden_pickaxe":1,"minecraft:stone_pickaxe":1},"minecraft:custom":{"minecraft:time_since_rest":4487,"minecraft:play_time":4487,"minecraft:sprint_one_cm":5919,"minecraft:walk_one_cm":5270,"minecraft:sneak_time":7,"minecraft:jump":53,"minecraft:leave_game":1,"minecraft:time_since_death":4487,"minecraft:total_world_time":4487,"minecraft:interact_with_crafting_table":2,"minecraft:fall_one_cm":1963,"minecraft:fly_one_cm":9469},"minecraft:used":{"minecraft:crafting_table":1,"minecraft:wooden_pickaxe":15}},"DataVersion":3120}