{"stats":{"minecraft:picked_up":{"minecraft:wheat":198,"minecraft:redstone_block":6,"minecraft:smithing_table":1,"minecraft:potion":1,"minecraft:enchanted_book":1,"minecraft:amethyst_block":4,"minecraft:lapis_block":1,"minecraft:string":28,"minecraft:raw_copper":63,"travelersbackpack:diamond":1,"minecraft:orange_glazed_terracotta":1,"minecraft:beetroot":7,"minecraft:cobbled_deepslate":3,"farmersdelight:cabbage":13,"minecraft:bucket":2,"minecraft:dark_oak_leaves":6,"delightful:acorn":26,"minecraft:rose_bush":1,"minecraft:iron_pickaxe":2,"minecraft:melon_slice":54,"farmersdelight:cabbage_seeds":41,"minecraft:furnace":1,"minecraft:stick":102,"farmersdelight:rotten_tomato":5,"decoration_delight:dark_oak_countertop":2,"cfm:dark_oak_coffee_table":2,"minecraft:torch":313,"travelersbackpack:iron_tier_upgrade":1,"tombstone:grave_dust":18,"minecraft:diorite":1,"minecraft:golden_chestplate":1,"culturaldelights:avocado":47,"minecraft:rotten_flesh":161,"minecraft:blue_glazed_terracotta":1,"farmersdelight:rope":10,"minecraft:cobblestone":498,"minecraft:birch_log":18,"minecraft:cooked_beef":19,"minecraft:leather_chestplate":1,"minecraft:feather":9,"minecraft:andesite":20,"minecraft:potato":393,"culturaldelights:eggplant":6,"minecraft:flint":19,"culturaldelights:eggplant_seeds":20,"lucky:lucky_block":1,"travelersbackpack:gold_tier_upgrade":1,"minecraft:lapis_lazuli":12,"farmersdelight:tomato":36,"minecraft:dirt":1336,"minecraft:lantern":2,"minecraft:bone":38,"minecraft:bow":5,"minecraft:wheat_seeds":549,"minecraft:raw_gold":30,"minecraft:glowstone_dust":3,"minecraft:oak_planks":14,"minecraft:lime_glazed_terracotta":1,"minecraft:poisonous_potato":3,"minecraft:sand":641,"cfm:oak_hedge":1,"minecraft:diamond_block":1,"minecraft:dark_oak_log":978,"minecraft:barrel":1,"minecraft:mossy_cobblestone":3,"minecraft:bundle":8,"minecraft:diamond":14,"minecraft:crossbow":1,"minecraft:granite":1,"minecraft:white_concrete":584,"minecraft:bread":28,"minecraft:emerald":4,"minecraft:oak_sapling":24,"minecraft:dark_oak_fence":105,"minecraft:oak_leaves":107,"minecraft:magenta_glazed_terracotta":1,"minecraft:cocoa_beans":4,"minecraft:crafting_table":8,"minecraft:coarse_dirt":31,"minecraft:chicken":4,"minecraft:ladder":2,"minecraft:clay_ball":200,"minecraft:brown_mushroom":17,"minecraft:shield":1,"minecraft:red_bed":6,"minecraft:moss_carpet":2,"minecraft:iron_axe":3,"minecraft:beef":3,"minecraft:poppy":2,"minecraft:sugar_cane":103,"minecraft:chest":1,"minecraft:birch_sapling":14,"minecraft:phantom_membrane":5,"minecraft:egg":72,"minecraft:dark_oak_sapling":124,"minecraft:raw_iron":88,"minecraft:copper_ingot":2,"minecraft:carrot":322,"minecraft:redstone":1,"minecraft:dark_oak_planks":54,"minecraft:arrow":55,"minecraft:beetroot_seeds":19,"minecraft:pink_glazed_terracotta":1,"minecraft:hay_block":15,"stalwart_dungeons:tungsten_axe":1,"minecraft:totem_of_undying":2,"tombstone:essence_of_undeath":2,"minecraft:saddle":1,"minecraft:glow_berries":1,"minecraft:mutton":2,"minecraft:white_wool":139,"minecraft:rail":1,"minecraft:red_glazed_terracotta":1,"minecraft:leather":9,"minecraft:red_mushroom":26,"minecraft:oak_log":112,"minecraft:yellow_glazed_terracotta":1,"minecraft:gunpowder":50,"farmersdelight:skillet":1,"minecraft:white_banner":2,"minecraft:apple":13,"minecraft:iron_ingot":86,"tombstone:bag_of_seeds":3,"minecraft:iron_sword":2,"minecraft:dark_oak_stairs":56,"minecraft:dark_oak_slab":80,"minecraft:pumpkin":17,"minecraft:dandelion":2,"minecraft:light_blue_glazed_terracotta":1,"minecraft:gravel":459,"minecraft:amethyst_shard":5,"minecraft:white_bed":2,"minecraft:dark_oak_fence_gate":6,"minecraft:spider_eye":10,"travelersbackpack:wolf":13,"minecraft:purple_glazed_terracotta":1,"minecraft:gray_wool":1,"tombstone:magic_scroll":5,"minecraft:melon_seeds":1,"minecraft:stripped_dark_oak_log":25,"minecraft:coal":153,"minecraft:ender_pearl":2},"minecraft:crafted":{"cfm:dark_oak_coffee_table":16,"minecraft:oak_planks":340,"minecraft:barrel":2,"travelersbackpack:crafting_upgrade":1,"minecraft:dark_oak_wood":18,"minecraft:cooked_chicken":4,"cfm:stripped_dark_oak_park_bench":8,"minecraft:cooked_mutton":2,"cfm:stripped_dark_oak_table":12,"minecraft:glass":304,"minecraft:dark_oak_door":12,"minecraft:iron_boots":1,"minecraft:bow":1,"cfm:white_sofa":32,"minecraft:melon_seeds":7,"minecraft:chest":8,"minecraft:smoker":2,"farmersdelight:tomato_seeds":27,"minecraft:diamond_axe":1,"minecraft:crafting_table":12,"minecraft:iron_helmet":1,"minecraft:baked_potato":92,"minecraft:wooden_pickaxe":1,"minecraft:smithing_table":1,"farmersdelight:fried_egg":9,"minecraft:dark_oak_slab":824,"travelersbackpack:wolf":3,"minecraft:iron_chestplate":1,"minecraft:shield":1,"minecraft:stick":516,"minecraft:iron_ingot":88,"minecraft:iron_pickaxe":5,"minecraft:composter":1,"minecraft:dark_oak_fence_gate":16,"minecraft:shears":1,"minecraft:stone_shovel":1,"minecraft:iron_nugget":126,"minecraft:furnace":5,"minecraft:dark_oak_trapdoor":6,"minecraft:bone_meal":204,"travelersbackpack:blank_upgrade":4,"minecraft:glass_pane":176,"minecraft:lantern":15,"minecraft:diamond":9,"minecraft:dark_oak_fence":462,"minecraft:white_concrete_powder":560,"minecraft:iron_axe":5,"minecraft:ladder":33,"minecraft:iron_hoe":4,"minecraft:stone_pickaxe":1,"decoration_delight:dark_oak_countertop":2,"minecraft:dark_oak_planks":2132,"cfm:door_mat":2,"minecraft:wheat":135,"minecraft:cooked_beef":3,"minecraft:red_dye":2,"cfm:oak_hedge":24,"minecraft:dark_oak_stairs":244,"travelersbackpack:backpack_tank":2,"minecraft:iron_sword":2,"minecraft:red_bed":1,"minecraft:bucket":1,"culturaldelights:avocado_pit":1,"minecraft:stone_axe":1,"minecraft:bread":46,"minecraft:air":0,"cfm:dark_oak_chair":16,"minecraft:white_dye":70,"minecraft:iron_shovel":6,"minecraft:iron_leggings":1,"minecraft:torch":216},"minecraft:mined":{"minecraft:dark_oak_planks":46,"minecraft:attached_melon_stem":1,"minecraft:white_bed":2,"minecraft:farmland":85,"minecraft:cave_vines_plant":1,"minecraft:granite":3,"minecraft:grass_block":481,"minecraft:white_concrete":584,"travelersbackpack:wolf":12,"minecraft:iron_ore":61,"minecraft:barrel":1,"minecraft:fire":1,"minecraft:pumpkin":17,"minecraft:deepslate_lapis_ore":2,"minecraft:dark_oak_stairs":56,"minecraft:cave_vines":1,"minecraft:dirt_path":3,"decoration_delight:dark_oak_countertop":2,"minecraft:red_bed":5,"cfm:oak_hedge":1,"minecraft:melon_stem":2,"minecraft:amethyst_cluster":1,"minecraft:clay":43,"minecraft:torch":275,"minecraft:poppy":2,"minecraft:melon":10,"minecraft:mushroom_stem":12,"farmersdelight:cabbages":16,"minecraft:glass":3,"minecraft:cobblestone":20,"minecraft:sugar_cane":56,"minecraft:oak_planks":3,"minecraft:wall_torch":25,"minecraft:amethyst_block":4,"minecraft:dark_oak_slab":62,"minecraft:lapis_block":1,"minecraft:wheat":211,"minecraft:pumpkin_stem":1,"minecraft:magenta_glazed_terracotta":1,"minecraft:yellow_glazed_terracotta":1,"culturaldelights:eggplants":6,"minecraft:grass":156,"minecraft:oak_log":73,"minecraft:beetroots":7,"minecraft:dark_oak_sapling":1,"minecraft:sand":163,"minecraft:dirt":474,"minecraft:red_mushroom_block":36,"culturaldelights:avocado_leaves":6,"minecraft:oak_leaves":132,"minecraft:deepslate":3,"minecraft:purple_glazed_terracotta":1,"minecraft:dark_oak_leaves":13,"minecraft:deepslate_diamond_ore":4,"minecraft:dark_oak_log":20,"minecraft:ladder":2,"minecraft:dark_oak_fence":105,"minecraft:light_blue_glazed_terracotta":1,"minecraft:brown_mushroom_block":4,"minecraft:large_fern":1,"minecraft:hay_block":15,"culturaldelights:fruiting_avocado_leaves":1,"minecraft:furnace":1,"minecraft:carrots":95,"minecraft:dark_oak_fence_gate":6,"minecraft:andesite":19,"minecraft:diamond_block":1,"treechop:chopped_log":33,"minecraft:potatoes":109,"minecraft:deepslate_iron_ore":31,"minecraft:lantern":2,"minecraft:blue_glazed_terracotta":1,"lucky:lucky_block":6,"minecraft:stone":470,"minecraft:pink_glazed_terracotta":1,"minecraft:orange_glazed_terracotta":1,"minecraft:smithing_table":1,"minecraft:podzol":166,"minecraft:glass_pane":10,"minecraft:stripped_dark_oak_log":25,"minecraft:dandelion":1,"minecraft:crafting_table":8,"minecraft:rose_bush":1,"cfm:dark_oak_coffee_table":1,"minecraft:tall_grass":14,"minecraft:copper_ore":15,"minecraft:deepslate_gold_ore":29,"minecraft:red_glazed_terracotta":1,"minecraft:diorite":7,"minecraft:coarse_dirt":32,"minecraft:lime_glazed_terracotta":1,"minecraft:birch_leaves":1,"minecraft:coal_ore":151,"minecraft:gravel":205,"minecraft:cobweb":5,"minecraft:gold_ore":2,"minecraft:fern":2},"minecraft:dropped":{"minecraft:diamond":4,"minecraft:dark_oak_sapling":52,"minecraft:iron_pickaxe":1,"minecraft:dark_oak_planks":8,"minecraft:white_wool":31,"minecraft:gravel":4,"minecraft:cobbled_deepslate":1,"minecraft:wheat":1,"minecraft:rotten_flesh":14,"minecraft:oak_planks":16,"minecraft:gunpowder":1,"minecraft:egg":4,"minecraft:iron_ingot":27,"minecraft:bread":1,"minecraft:wheat_seeds":1,"farmersdelight:skillet":1,"minecraft:mossy_cobblestone":3,"minecraft:feather":4,"minecraft:cobblestone":8,"minecraft:granite":1,"minecraft:coal":6,"tombstone:grave_dust":3,"minecraft:red_dye":1,"minecraft:bucket":1,"minecraft:moss_carpet":1,"travelersbackpack:diamond":1,"minecraft:cocoa_beans":2,"minecraft:clay_ball":8,"minecraft:potato":1,"minecraft:bundle":3,"minecraft:andesite":8,"minecraft:spider_eye":4,"minecraft:bow":3,"minecraft:wooden_pickaxe":1},"minecraft:custom":{"minecraft:animals_bred":74,"minecraft:interact_with_crafting_table":154,"minecraft:open_barrel":5,"minecraft:leave_game":8,"minecraft:time_since_death":501044,"minecraft:sprint_one_cm":2048445,"minecraft:damage_blocked_by_shield":3170,"minecraft:drop":48,"minecraft:talked_to_villager":19,"minecraft:play_time":796223,"minecraft:deaths":9,"minecraft:jump":10206,"minecraft:walk_on_water_one_cm":35038,"minecraft:interact_with_furnace":157,"minecraft:traded_with_villager":1,"minecraft:sleep_in_bed":19,"minecraft:damage_dealt":48826,"minecraft:crouch_one_cm":32082,"tombstone:undead_killed":187,"minecraft:interact_with_smoker":13,"minecraft:interact_with_smithing_table":6,"minecraft:mob_kills":280,"minecraft:climb_one_cm":19775,"minecraft:walk_one_cm":2417184,"minecraft:raid_win":1,"minecraft:sneak_time":13761,"minecraft:walk_under_water_one_cm":26990,"minecraft:total_world_time":796223,"tombstone:raider_killed":30,"minecraft:time_since_rest":1834,"minecraft:damage_taken":8943,"minecraft:damage_absorbed":80,"minecraft:swim_one_cm":137422,"minecraft:fly_one_cm":2257134,"minecraft:open_chest":560,"minecraft:fall_one_cm":261977},"minecraft:used":{"cfm:stripped_dark_oak_park_bench":8,"minecraft:moss_carpet":1,"minecraft:iron_shovel":1496,"minecraft:poppy":2,"farmersdelight:cabbage_seeds":27,"minecraft:ladder":25,"minecraft:white_concrete_powder":560,"minecraft:chest":8,"minecraft:shield":85,"minecraft:iron_sword":826,"minecraft:rotten_flesh":29,"minecraft:cocoa_beans":2,"minecraft:carrot":179,"minecraft:jungle_sapling":1,"minecraft:glass":202,"cfm:door_mat":2,"minecraft:lantern":13,"lucky:lucky_block":1,"minecraft:grass_block":1,"cfm:stripped_dark_oak_table":10,"minecraft:dark_oak_wood":18,"minecraft:dark_oak_slab":860,"minecraft:bow":39,"minecraft:oak_sapling":3,"minecraft:furnace":4,"cfm:dark_oak_coffee_table":11,"minecraft:beetroot_seeds":18,"culturaldelights:avocado":1,"minecraft:egg":3,"minecraft:potato":166,"minecraft:dark_oak_sapling":37,"culturaldelights:eggplant_seeds":20,"minecraft:dark_oak_stairs":261,"minecraft:cow_spawn_egg":4,"minecraft:stone_pickaxe":131,"minecraft:wooden_pickaxe":15,"minecraft:composter":1,"minecraft:sugar_cane":16,"minecraft:diamond_axe":37,"minecraft:oak_leaves":1,"minecraft:golden_apple":2,"minecraft:glow_berries":6,"minecraft:dark_oak_trapdoor":3,"minecraft:sand":1,"minecraft:crossbow":19,"minecraft:shears":119,"minecraft:pumpkin_seeds":5,"minecraft:dark_oak_log":93,"minecraft:bread":73,"minecraft:dark_oak_fence":576,"minecraft:smithing_table":2,"cfm:dark_oak_chair":10,"minecraft:coarse_dirt":2,"minecraft:white_concrete":584,"minecraft:bone_meal":125,"delightful:acorn":8,"minecraft:stone_shovel":176,"minecraft:cooked_chicken":4,"minecraft:torch":478,"minecraft:dirt":1296,"minecraft:iron_hoe":599,"minecraft:dark_oak_planks":501,"minecraft:iron_axe":855,"minecraft:chicken_spawn_egg":3,"minecraft:melon_seeds":8,"minecraft:barrel":3,"tombstone:gift":3,"minecraft:cooked_beef":3,"farmersdelight:tomato_seeds":31,"minecraft:cobbled_deepslate":1,"farmersdelight:fried_egg":9,"minecraft:wheat_seeds":307,"minecraft:water_bucket":48,"decoration_delight:dark_oak_countertop":2,"farmersdelight:skillet":1,"minecraft:baked_potato":63,"minecraft:sheep_spawn_egg":3,"minecraft:rail":1,"minecraft:crafting_table":19,"minecraft:red_bed":7,"cfm:oak_hedge":17,"culturaldelights:avocado_pit":2,"minecraft:white_bed":1,"minecraft:dark_oak_fence_gate":18,"travelersbackpack:wolf":16,"minecraft:dark_oak_door":7,"minecraft:smoker":2,"tombstone:bag_of_seeds":4,"minecraft:apple":7,"cfm:white_sofa":13,"minecraft:iron_pickaxe":1285,"minecraft:pig_spawn_egg":4,"minecraft:stone_axe":129,"minecraft:cobblestone":93,"minecraft:bucket":55,"minecraft:glass_pane":175,"minecraft:dandelion":2},"minecraft:killed":{"minecraft:witch":4,"minecraft:spider":26,"minecraft:skeleton":44,"minecraft:chicken":3,"minecraft:zombie_villager":1,"minecraft:creeper":26,"minecraft:sheep":1,"minecraft:pillager":11,"tinyskeletons:baby_skeleton":4,"minecraft:zombie":131,"minecraft:cow":6,"minecraft:evoker":2,"minecraft:vindicator":6,"minecraft:phantom":5,"minecraft:drowned":2,"minecraft:ravager":2,"minecraft:enderman":2},"minecraft:broken":{"minecraft:iron_shovel":5,"minecraft:stone_pickaxe":1,"minecraft:stone_axe":1,"minecraft:iron_sword":3,"minecraft:stone_shovel":1,"minecraft:iron_hoe":2,"minecraft:leather_chestplate":1,"minecraft:shield":1,"minecraft:iron_axe":3,"minecraft:iron_pickaxe":4},"minecraft:killed_by":{"minecraft:creeper":2,"minecraft:vindicator":4,"minecraft:zombie":1,"minecraft:skeleton":1}},"DataVersion":3120}