{"stats":{"minecraft:killed":{"minecraft:spider":7,"minecraft:creeper":3,"minecraft:skeleton":12,"minecraft:zombie":15,"minecraft:enderman":1},"minecraft:mined":{"minecraft:white_bed":2,"minecraft:deepslate_diamond_ore":4,"minecraft:amethyst_cluster":1,"minecraft:crafting_table":4,"minecraft:granite":1,"minecraft:grass_block":4,"minecraft:rose_bush":1,"minecraft:tall_grass":1,"minecraft:cobblestone":1,"minecraft:deepslate_gold_ore":24,"minecraft:sugar_cane":6,"minecraft:amethyst_block":4,"minecraft:hay_block":15,"minecraft:furnace":1,"minecraft:iron_ore":48,"minecraft:grass":5,"minecraft:coal_ore":24,"minecraft:oak_log":65,"minecraft:deepslate_iron_ore":21,"minecraft:dirt":5,"minecraft:cobweb":1,"minecraft:stone":97,"minecraft:gold_ore":2,"minecraft:oak_leaves":4,"minecraft:deepslate":2},"minecraft:picked_up":{"minecraft:crafting_table":4,"minecraft:leather_chestplate":1,"minecraft:andesite":6,"minecraft:flint":1,"minecraft:oak_log":70,"minecraft:shield":1,"minecraft:gunpowder":1,"minecraft:amethyst_block":4,"minecraft:string":8,"minecraft:dirt":27,"minecraft:bone":9,"minecraft:bow":2,"minecraft:wheat_seeds":1,"minecraft:cobbled_deepslate":1,"minecraft:raw_gold":25,"minecraft:rose_bush":1,"minecraft:iron_pickaxe":1,"minecraft:sugar_cane":15,"minecraft:iron_sword":1,"minecraft:oak_planks":12,"minecraft:furnace":1,"minecraft:egg":6,"minecraft:raw_iron":66,"minecraft:gravel":4,"minecraft:amethyst_shard":4,"tombstone:grave_dust":4,"minecraft:white_bed":2,"minecraft:spider_eye":2,"travelersbackpack:wolf":1,"minecraft:arrow":13,"minecraft:rotten_flesh":19,"minecraft:diamond":4,"minecraft:hay_block":15,"minecraft:crossbow":1,"tombstone:magic_scroll":3,"minecraft:oak_sapling":3,"minecraft:coal":24,"minecraft:rail":1,"minecraft:cobblestone":99,"minecraft:ender_pearl":1},"minecraft:broken":{"minecraft:stone_pickaxe":1},"minecraft:crafted":{"minecraft:red_dye":2,"minecraft:oak_planks":32,"minecraft:crafting_table":2,"minecraft:wooden_pickaxe":1,"minecraft:red_bed":1,"minecraft:furnace":1,"minecraft:stone_axe":1,"minecraft:bread":32,"minecraft:air":0,"minecraft:stick":16,"minecraft:iron_ingot":18,"minecraft:iron_pickaxe":1,"minecraft:stone_pickaxe":1,"minecraft:torch":4,"minecraft:wheat":99},"minecraft:custom":{"minecraft:interact_with_furnace":5,"minecraft:mob_kills":38,"minecraft:animals_bred":1,"minecraft:interact_with_crafting_table":9,"minecraft:leave_game":2,"minecraft:time_since_death":0,"minecraft:sleep_in_bed":4,"minecraft:climb_one_cm":1039,"minecraft:time_since_rest":2097,"minecraft:sprint_one_cm":274238,"minecraft:damage_absorbed":40,"minecraft:damage_taken":2130,"minecraft:walk_one_cm":197250,"minecraft:damage_blocked_by_shield":1010,"minecraft:drop":15,"minecraft:damage_dealt":6918,"minecraft:swim_one_cm":22368,"minecraft:talked_to_villager":7,"minecraft:fly_one_cm":457311,"minecraft:crouch_one_cm":1956,"minecraft:play_time":83436,"tombstone:undead_killed":27,"minecraft:deaths":3,"minecraft:sneak_time":1233,"minecraft:walk_under_water_one_cm":3471,"minecraft:jump":1954,"minecraft:walk_on_water_one_cm":11082,"minecraft:total_world_time":83436,"minecraft:fall_one_cm":69699},"minecraft:killed_by":{"minecraft:creeper":1,"minecraft:zombie":1},"minecraft:dropped":{"minecraft:gravel":4,"minecraft:wheat_seeds":1,"minecraft:wheat":1,"minecraft:cobblestone":8,"minecraft:oak_planks":9,"minecraft:coal":6,"minecraft:gunpowder":1,"minecraft:andesite":6,"minecraft:spider_eye":2,"minecraft:bow":2,"minecraft:red_dye":1,"minecraft:wooden_pickaxe":1,"minecraft:iron_pickaxe":1,"minecraft:egg":4},"minecraft:used":{"minecraft:stone_pickaxe":131,"minecraft:wooden_pickaxe":15,"minecraft:shield":24,"minecraft:iron_sword":121,"minecraft:torch":8,"minecraft:golden_apple":1,"minecraft:rail":1,"minecraft:crafting_table":5,"minecraft:crossbow":5,"minecraft:white_bed":1,"travelersbackpack:wolf":1,"minecraft:bread":30,"minecraft:iron_pickaxe":93,"minecraft:stone_axe":69,"minecraft:cobblestone":13,"minecraft:furnace":1,"minecraft:oak_sapling":3,"tombstone:gift":2,"minecraft:egg":2}},"DataVersion":3120}