{"stats":{"minecraft:killed_by":{"minecraft:creeper":2,"minecraft:vindicator":4,"minecraft:skeleton":1,"minecraft:zombie":1},"minecraft:broken":{"minecraft:iron_shovel":2,"minecraft:leather_chestplate":1,"minecraft:stone_pickaxe":1,"minecraft:shield":1,"minecraft:iron_axe":1,"minecraft:stone_axe":1,"minecraft:iron_sword":2,"minecraft:iron_pickaxe":1,"minecraft:stone_shovel":1},"minecraft:picked_up":{"minecraft:magenta_glazed_terracotta":1,"minecraft:coarse_dirt":29,"minecraft:crafting_table":5,"minecraft:wheat":16,"minecraft:chicken":4,"minecraft:clay_ball":200,"minecraft:brown_mushroom":17,"minecraft:potion":1,"minecraft:enchanted_book":1,"minecraft:shield":1,"travelersbackpack:diamond":1,"minecraft:amethyst_block":4,"minecraft:lapis_block":1,"minecraft:string":28,"minecraft:red_bed":5,"minecraft:moss_carpet":2,"minecraft:raw_copper":63,"minecraft:iron_axe":3,"minecraft:orange_glazed_terracotta":1,"minecraft:cobbled_deepslate":3,"minecraft:bucket":1,"delightful:acorn":7,"minecraft:beef":3,"minecraft:rose_bush":1,"minecraft:iron_pickaxe":2,"minecraft:birch_sapling":8,"minecraft:sugar_cane":28,"minecraft:chest":1,"minecraft:furnace":1,"minecraft:egg":24,"minecraft:dark_oak_sapling":61,"minecraft:stick":40,"minecraft:raw_iron":88,"minecraft:copper_ingot":2,"minecraft:torch":146,"tombstone:grave_dust":14,"minecraft:diorite":1,"minecraft:carrot":42,"minecraft:redstone":1,"minecraft:dark_oak_planks":13,"minecraft:arrow":47,"minecraft:rotten_flesh":129,"minecraft:blue_glazed_terracotta":1,"minecraft:pink_glazed_terracotta":1,"minecraft:hay_block":15,"minecraft:saddle":1,"minecraft:totem_of_undying":2,"farmersdelight:rope":10,"tombstone:essence_of_undeath":2,"minecraft:glow_berries":1,"minecraft:mutton":2,"minecraft:white_wool":11,"minecraft:birch_log":11,"minecraft:rail":1,"minecraft:cobblestone":382,"minecraft:leather_chestplate":1,"minecraft:feather":9,"minecraft:andesite":20,"minecraft:leather":1,"minecraft:red_glazed_terracotta":1,"minecraft:red_mushroom":23,"minecraft:potato":63,"minecraft:flint":9,"minecraft:oak_log":76,"minecraft:yellow_glazed_terracotta":1,"lucky:lucky_block":1,"minecraft:gunpowder":33,"minecraft:lapis_lazuli":12,"minecraft:dirt":532,"minecraft:white_banner":2,"minecraft:bone":31,"minecraft:apple":7,"minecraft:bow":4,"minecraft:wheat_seeds":61,"minecraft:raw_gold":30,"minecraft:iron_ingot":33,"tombstone:bag_of_seeds":2,"minecraft:dark_oak_stairs":2,"minecraft:iron_sword":2,"minecraft:oak_planks":14,"minecraft:lime_glazed_terracotta":1,"minecraft:dandelion":1,"minecraft:light_blue_glazed_terracotta":1,"minecraft:gravel":192,"minecraft:sand":391,"minecraft:amethyst_shard":5,"minecraft:white_bed":2,"minecraft:diamond_block":1,"minecraft:dark_oak_fence_gate":6,"minecraft:dark_oak_log":557,"minecraft:spider_eye":10,"minecraft:mossy_cobblestone":3,"travelersbackpack:wolf":11,"minecraft:bundle":6,"minecraft:diamond":14,"minecraft:purple_glazed_terracotta":1,"minecraft:crossbow":1,"minecraft:granite":1,"minecraft:stripped_dark_oak_log":1,"minecraft:oak_leaves":9,"minecraft:gray_wool":1,"minecraft:dark_oak_fence":89,"minecraft:emerald":4,"minecraft:bread":28,"tombstone:magic_scroll":5,"minecraft:oak_sapling":5,"minecraft:coal":126,"minecraft:ender_pearl":1},"minecraft:dropped":{"minecraft:bread":1,"minecraft:wheat_seeds":1,"minecraft:mossy_cobblestone":3,"minecraft:dark_oak_sapling":28,"minecraft:feather":4,"minecraft:cobblestone":8,"minecraft:granite":1,"minecraft:coal":6,"tombstone:grave_dust":3,"minecraft:red_dye":1,"minecraft:iron_pickaxe":1,"minecraft:gravel":4,"minecraft:moss_carpet":1,"travelersbackpack:diamond":1,"minecraft:cobbled_deepslate":1,"minecraft:wheat":1,"minecraft:rotten_flesh":14,"minecraft:clay_ball":8,"minecraft:oak_planks":16,"minecraft:potato":1,"minecraft:gunpowder":1,"minecraft:bundle":2,"minecraft:andesite":8,"minecraft:spider_eye":4,"minecraft:bow":3,"minecraft:wooden_pickaxe":1,"minecraft:egg":4},"minecraft:mined":{"minecraft:dark_oak_planks":13,"minecraft:purple_glazed_terracotta":1,"minecraft:white_bed":2,"minecraft:deepslate_diamond_ore":4,"minecraft:dark_oak_log":16,"minecraft:dark_oak_fence":89,"minecraft:cave_vines_plant":1,"minecraft:granite":3,"minecraft:grass_block":102,"minecraft:light_blue_glazed_terracotta":1,"minecraft:brown_mushroom_block":4,"travelersbackpack:wolf":10,"minecraft:hay_block":15,"minecraft:furnace":1,"minecraft:carrots":16,"minecraft:iron_ore":61,"minecraft:fire":1,"minecraft:dark_oak_fence_gate":6,"minecraft:andesite":19,"minecraft:diamond_block":1,"treechop:chopped_log":14,"minecraft:deepslate_lapis_ore":2,"minecraft:dark_oak_stairs":2,"minecraft:potatoes":18,"minecraft:cave_vines":1,"minecraft:deepslate_iron_ore":31,"lucky:lucky_block":6,"minecraft:blue_glazed_terracotta":1,"minecraft:stone":361,"minecraft:pink_glazed_terracotta":1,"minecraft:orange_glazed_terracotta":1,"minecraft:podzol":153,"minecraft:red_bed":4,"minecraft:stripped_dark_oak_log":1,"minecraft:amethyst_cluster":1,"minecraft:clay":43,"minecraft:crafting_table":5,"minecraft:torch":133,"minecraft:rose_bush":1,"minecraft:mushroom_stem":12,"minecraft:copper_ore":15,"minecraft:glass":1,"minecraft:tall_grass":2,"minecraft:cobblestone":20,"minecraft:red_glazed_terracotta":1,"minecraft:deepslate_gold_ore":29,"minecraft:oak_planks":3,"minecraft:sugar_cane":12,"minecraft:wall_torch":6,"minecraft:amethyst_block":4,"minecraft:diorite":7,"minecraft:coarse_dirt":30,"minecraft:lapis_block":1,"minecraft:lime_glazed_terracotta":1,"minecraft:wheat":24,"minecraft:magenta_glazed_terracotta":1,"minecraft:yellow_glazed_terracotta":1,"minecraft:grass":118,"minecraft:oak_log":71,"minecraft:coal_ore":124,"minecraft:gravel":90,"minecraft:dirt":176,"minecraft:sand":111,"minecraft:cobweb":5,"minecraft:red_mushroom_block":36,"minecraft:fern":2,"minecraft:gold_ore":2,"minecraft:oak_leaves":16,"minecraft:deepslate":3},"minecraft:crafted":{"minecraft:oak_planks":304,"minecraft:stone_shovel":1,"minecraft:cooked_chicken":4,"minecraft:furnace":3,"minecraft:dark_oak_trapdoor":2,"minecraft:bone_meal":72,"minecraft:glass":126,"minecraft:diamond":9,"minecraft:dark_oak_fence":345,"minecraft:bow":1,"minecraft:iron_boots":1,"minecraft:white_concrete_powder":312,"minecraft:iron_axe":2,"minecraft:iron_hoe":1,"minecraft:stone_pickaxe":1,"minecraft:chest":6,"minecraft:dark_oak_planks":1012,"minecraft:wheat":135,"minecraft:cooked_beef":3,"minecraft:red_dye":2,"minecraft:dark_oak_stairs":80,"minecraft:diamond_axe":1,"minecraft:crafting_table":5,"minecraft:iron_helmet":1,"minecraft:wooden_pickaxe":1,"minecraft:baked_potato":17,"minecraft:iron_sword":1,"minecraft:red_bed":1,"minecraft:bucket":1,"minecraft:stone_axe":1,"minecraft:bread":46,"minecraft:air":0,"farmersdelight:fried_egg":9,"minecraft:shield":1,"minecraft:iron_chestplate":1,"minecraft:white_dye":39,"minecraft:stick":408,"minecraft:iron_ingot":58,"minecraft:iron_pickaxe":2,"minecraft:iron_shovel":2,"minecraft:iron_leggings":1,"minecraft:dark_oak_fence_gate":16,"minecraft:torch":72,"minecraft:shears":1},"minecraft:used":{"minecraft:moss_carpet":1,"minecraft:iron_shovel":502,"minecraft:stone_shovel":176,"minecraft:chest":7,"minecraft:shield":82,"minecraft:iron_sword":682,"minecraft:cooked_chicken":4,"minecraft:rotten_flesh":29,"minecraft:torch":228,"minecraft:dirt":459,"minecraft:carrot":33,"minecraft:iron_hoe":44,"minecraft:dark_oak_planks":297,"lucky:lucky_block":1,"minecraft:iron_axe":376,"minecraft:grass_block":1,"minecraft:chicken_spawn_egg":3,"minecraft:bow":14,"minecraft:oak_sapling":3,"minecraft:furnace":4,"tombstone:gift":3,"minecraft:egg":3,"minecraft:potato":33,"minecraft:cooked_beef":3,"minecraft:cobbled_deepslate":1,"minecraft:dark_oak_sapling":4,"farmersdelight:fried_egg":9,"minecraft:wheat_seeds":24,"minecraft:dark_oak_stairs":82,"minecraft:water_bucket":10,"minecraft:cow_spawn_egg":4,"minecraft:stone_pickaxe":131,"minecraft:baked_potato":17,"minecraft:wooden_pickaxe":15,"minecraft:sugar_cane":4,"minecraft:sheep_spawn_egg":3,"minecraft:oak_leaves":1,"minecraft:golden_apple":2,"minecraft:dark_oak_trapdoor":1,"minecraft:sand":1,"minecraft:rail":1,"minecraft:shears":9,"minecraft:red_bed":6,"minecraft:crafting_table":10,"minecraft:white_bed":1,"minecraft:crossbow":19,"minecraft:dark_oak_fence_gate":18,"travelersbackpack:wolf":11,"minecraft:apple":7,"minecraft:dark_oak_log":1,"minecraft:bread":72,"minecraft:iron_pickaxe":563,"minecraft:pig_spawn_egg":4,"minecraft:stone_axe":129,"minecraft:cobblestone":59,"minecraft:dark_oak_fence":384,"minecraft:bucket":14,"minecraft:dandelion":1,"minecraft:bone_meal":27,"delightful:acorn":5},"minecraft:custom":{"minecraft:mob_kills":224,"minecraft:animals_bred":13,"minecraft:interact_with_crafting_table":62,"minecraft:leave_game":6,"minecraft:time_since_death":70368,"minecraft:climb_one_cm":6265,"minecraft:sprint_one_cm":1077411,"minecraft:walk_one_cm":1118712,"minecraft:damage_blocked_by_shield":3060,"minecraft:drop":38,"minecraft:talked_to_villager":17,"minecraft:raid_win":1,"minecraft:play_time":365547,"minecraft:deaths":9,"minecraft:sneak_time":6378,"minecraft:walk_under_water_one_cm":16247,"minecraft:jump":6868,"minecraft:walk_on_water_one_cm":23746,"minecraft:total_world_time":365547,"minecraft:interact_with_furnace":99,"tombstone:raider_killed":24,"minecraft:traded_with_villager":1,"minecraft:sleep_in_bed":16,"minecraft:time_since_rest":16983,"minecraft:damage_absorbed":80,"minecraft:damage_taken":7994,"minecraft:damage_dealt":40019,"minecraft:swim_one_cm":116480,"minecraft:fly_one_cm":1557442,"minecraft:open_chest":257,"minecraft:crouch_one_cm":15264,"tombstone:undead_killed":145,"minecraft:fall_one_cm":190655},"minecraft:killed":{"minecraft:evoker":2,"minecraft:witch":3,"minecraft:vindicator":6,"minecraft:spider":26,"minecraft:skeleton":36,"minecraft:chicken":3,"minecraft:zombie_villager":1,"minecraft:ravager":2,"minecraft:creeper":19,"minecraft:sheep":1,"minecraft:pillager":11,"tinyskeletons:baby_skeleton":4,"minecraft:zombie":104,"minecraft:enderman":1,"minecraft:cow":1}},"DataVersion":3120}