{"stats":{"minecraft:killed_by":{"minecraft:creeper":2,"minecraft:vindicator":4,"minecraft:zombie":1,"minecraft:skeleton":1},"minecraft:broken":{"minecraft:iron_shovel":4,"minecraft:stone_pickaxe":1,"minecraft:stone_axe":1,"minecraft:iron_sword":3,"minecraft:stone_shovel":1,"minecraft:iron_hoe":2,"minecraft:leather_chestplate":1,"minecraft:shield":1,"minecraft:iron_axe":2,"minecraft:iron_pickaxe":3},"minecraft:picked_up":{"minecraft:wheat":18,"minecraft:redstone_block":6,"minecraft:enchanted_book":1,"minecraft:potion":1,"minecraft:amethyst_block":4,"minecraft:lapis_block":1,"minecraft:string":28,"minecraft:raw_copper":63,"travelersbackpack:diamond":1,"minecraft:orange_glazed_terracotta":1,"minecraft:cobbled_deepslate":3,"minecraft:bucket":2,"minecraft:dark_oak_leaves":6,"delightful:acorn":20,"minecraft:rose_bush":1,"minecraft:iron_pickaxe":2,"farmersdelight:cabbage_seeds":2,"minecraft:furnace":1,"minecraft:stick":71,"minecraft:torch":226,"tombstone:grave_dust":16,"minecraft:diorite":1,"culturaldelights:avocado":47,"minecraft:rotten_flesh":146,"minecraft:blue_glazed_terracotta":1,"farmersdelight:rope":10,"minecraft:cobblestone":442,"minecraft:birch_log":18,"minecraft:leather_chestplate":1,"minecraft:feather":9,"minecraft:andesite":20,"minecraft:potato":98,"minecraft:flint":10,"lucky:lucky_block":1,"minecraft:dirt":1087,"minecraft:lapis_lazuli":12,"minecraft:bone":32,"minecraft:bow":4,"minecraft:wheat_seeds":67,"minecraft:raw_gold":30,"minecraft:oak_planks":14,"minecraft:lime_glazed_terracotta":1,"minecraft:sand":641,"minecraft:diamond_block":1,"minecraft:dark_oak_log":723,"minecraft:mossy_cobblestone":3,"minecraft:bundle":8,"minecraft:diamond":14,"minecraft:crossbow":1,"minecraft:granite":1,"minecraft:white_concrete":386,"minecraft:bread":28,"minecraft:emerald":4,"minecraft:oak_sapling":24,"minecraft:dark_oak_fence":102,"minecraft:oak_leaves":72,"minecraft:magenta_glazed_terracotta":1,"minecraft:crafting_table":7,"minecraft:coarse_dirt":30,"minecraft:chicken":4,"minecraft:clay_ball":200,"minecraft:brown_mushroom":17,"minecraft:shield":1,"minecraft:iron_axe":3,"minecraft:red_bed":5,"minecraft:moss_carpet":2,"minecraft:beef":3,"minecraft:sugar_cane":28,"minecraft:chest":1,"minecraft:birch_sapling":14,"minecraft:egg":27,"minecraft:dark_oak_sapling":89,"minecraft:raw_iron":88,"minecraft:copper_ingot":2,"minecraft:carrot":65,"minecraft:redstone":1,"minecraft:dark_oak_planks":38,"minecraft:arrow":48,"minecraft:pink_glazed_terracotta":1,"minecraft:hay_block":15,"stalwart_dungeons:tungsten_axe":1,"minecraft:saddle":1,"tombstone:essence_of_undeath":2,"minecraft:totem_of_undying":2,"minecraft:glow_berries":1,"minecraft:mutton":2,"minecraft:rail":1,"minecraft:white_wool":21,"minecraft:red_glazed_terracotta":1,"minecraft:leather":1,"minecraft:red_mushroom":26,"minecraft:oak_log":112,"minecraft:yellow_glazed_terracotta":1,"minecraft:gunpowder":35,"farmersdelight:skillet":1,"minecraft:white_banner":2,"minecraft:apple":12,"minecraft:iron_ingot":33,"tombstone:bag_of_seeds":2,"minecraft:iron_sword":2,"minecraft:dark_oak_stairs":38,"minecraft:dark_oak_slab":33,"minecraft:dandelion":1,"minecraft:light_blue_glazed_terracotta":1,"minecraft:gravel":261,"minecraft:amethyst_shard":5,"minecraft:white_bed":2,"minecraft:dark_oak_fence_gate":6,"minecraft:spider_eye":10,"travelersbackpack:wolf":12,"minecraft:purple_glazed_terracotta":1,"minecraft:gray_wool":1,"tombstone:magic_scroll":5,"minecraft:stripped_dark_oak_log":1,"minecraft:coal":133,"minecraft:ender_pearl":1},"minecraft:dropped":{"minecraft:diamond":4,"minecraft:dark_oak_sapling":52,"minecraft:iron_pickaxe":1,"minecraft:gravel":4,"minecraft:cobbled_deepslate":1,"minecraft:wheat":1,"minecraft:rotten_flesh":14,"minecraft:oak_planks":16,"minecraft:gunpowder":1,"minecraft:egg":4,"minecraft:bread":1,"minecraft:wheat_seeds":1,"farmersdelight:skillet":1,"minecraft:mossy_cobblestone":3,"minecraft:feather":4,"minecraft:cobblestone":8,"minecraft:granite":1,"minecraft:coal":6,"tombstone:grave_dust":3,"minecraft:red_dye":1,"minecraft:bucket":1,"minecraft:moss_carpet":1,"travelersbackpack:diamond":1,"minecraft:clay_ball":8,"minecraft:potato":1,"minecraft:bundle":3,"minecraft:andesite":8,"minecraft:spider_eye":4,"minecraft:bow":3,"minecraft:wooden_pickaxe":1},"minecraft:mined":{"minecraft:dark_oak_planks":38,"minecraft:white_bed":2,"minecraft:farmland":84,"minecraft:cave_vines_plant":1,"minecraft:granite":3,"minecraft:grass_block":447,"minecraft:white_concrete":386,"travelersbackpack:wolf":11,"minecraft:iron_ore":61,"minecraft:fire":1,"minecraft:deepslate_lapis_ore":2,"minecraft:dark_oak_stairs":38,"minecraft:cave_vines":1,"minecraft:dirt_path":2,"minecraft:red_bed":4,"minecraft:amethyst_cluster":1,"minecraft:clay":43,"minecraft:torch":207,"minecraft:mushroom_stem":12,"farmersdelight:cabbages":2,"minecraft:glass":1,"minecraft:cobblestone":20,"minecraft:sugar_cane":12,"minecraft:oak_planks":3,"minecraft:wall_torch":11,"minecraft:amethyst_block":4,"minecraft:dark_oak_slab":28,"minecraft:lapis_block":1,"minecraft:wheat":26,"minecraft:pumpkin_stem":1,"minecraft:magenta_glazed_terracotta":1,"minecraft:yellow_glazed_terracotta":1,"minecraft:grass":144,"minecraft:oak_log":73,"minecraft:sand":163,"minecraft:dirt":300,"minecraft:red_mushroom_block":36,"culturaldelights:avocado_leaves":6,"minecraft:oak_leaves":84,"minecraft:deepslate":3,"minecraft:purple_glazed_terracotta":1,"minecraft:dark_oak_leaves":13,"minecraft:deepslate_diamond_ore":4,"minecraft:dark_oak_log":18,"minecraft:dark_oak_fence":102,"minecraft:light_blue_glazed_terracotta":1,"minecraft:brown_mushroom_block":4,"minecraft:hay_block":15,"culturaldelights:fruiting_avocado_leaves":1,"minecraft:furnace":1,"minecraft:carrots":23,"minecraft:andesite":19,"minecraft:dark_oak_fence_gate":6,"minecraft:diamond_block":1,"treechop:chopped_log":25,"minecraft:potatoes":27,"minecraft:deepslate_iron_ore":31,"minecraft:blue_glazed_terracotta":1,"lucky:lucky_block":6,"minecraft:stone":414,"minecraft:pink_glazed_terracotta":1,"minecraft:orange_glazed_terracotta":1,"minecraft:podzol":154,"minecraft:glass_pane":1,"minecraft:stripped_dark_oak_log":1,"minecraft:crafting_table":7,"minecraft:rose_bush":1,"minecraft:tall_grass":2,"minecraft:copper_ore":15,"minecraft:deepslate_gold_ore":29,"minecraft:red_glazed_terracotta":1,"minecraft:diorite":7,"minecraft:coarse_dirt":31,"minecraft:lime_glazed_terracotta":1,"minecraft:birch_leaves":1,"minecraft:coal_ore":131,"minecraft:gravel":120,"minecraft:cobweb":5,"minecraft:gold_ore":2,"minecraft:fern":2},"minecraft:crafted":{"minecraft:oak_planks":336,"minecraft:dark_oak_wood":18,"minecraft:cooked_chicken":4,"minecraft:cooked_mutton":2,"minecraft:dark_oak_door":3,"minecraft:glass":126,"minecraft:bow":1,"minecraft:iron_boots":1,"minecraft:chest":6,"minecraft:diamond_axe":1,"minecraft:crafting_table":9,"minecraft:baked_potato":37,"minecraft:wooden_pickaxe":1,"minecraft:iron_helmet":1,"farmersdelight:fried_egg":9,"minecraft:dark_oak_slab":350,"minecraft:iron_chestplate":1,"minecraft:shield":1,"minecraft:stick":516,"minecraft:iron_ingot":58,"minecraft:iron_pickaxe":4,"minecraft:dark_oak_fence_gate":16,"minecraft:shears":1,"minecraft:stone_shovel":1,"minecraft:furnace":3,"minecraft:dark_oak_trapdoor":2,"minecraft:bone_meal":120,"minecraft:glass_pane":32,"minecraft:diamond":9,"minecraft:dark_oak_fence":447,"minecraft:white_concrete_powder":376,"minecraft:iron_axe":4,"minecraft:ladder":12,"minecraft:iron_hoe":3,"minecraft:stone_pickaxe":1,"minecraft:dark_oak_planks":1672,"minecraft:wheat":135,"minecraft:cooked_beef":3,"minecraft:red_dye":2,"minecraft:dark_oak_stairs":212,"minecraft:iron_sword":2,"minecraft:red_bed":1,"minecraft:bucket":1,"culturaldelights:avocado_pit":1,"minecraft:stone_axe":1,"minecraft:bread":46,"minecraft:air":0,"minecraft:white_dye":47,"minecraft:iron_shovel":5,"minecraft:iron_leggings":1,"minecraft:torch":160},"minecraft:used":{"minecraft:moss_carpet":1,"minecraft:iron_shovel":1161,"minecraft:ladder":11,"farmersdelight:cabbage_seeds":4,"minecraft:white_concrete_powder":376,"minecraft:shield":85,"minecraft:chest":7,"minecraft:iron_sword":756,"minecraft:rotten_flesh":29,"minecraft:carrot":70,"minecraft:glass":96,"minecraft:grass_block":1,"lucky:lucky_block":1,"minecraft:dark_oak_wood":18,"minecraft:dark_oak_slab":332,"minecraft:bow":20,"minecraft:furnace":4,"minecraft:oak_sapling":3,"culturaldelights:avocado":1,"minecraft:beetroot_seeds":3,"minecraft:egg":3,"minecraft:potato":69,"minecraft:dark_oak_sapling":4,"minecraft:dark_oak_stairs":228,"minecraft:cow_spawn_egg":4,"minecraft:stone_pickaxe":131,"minecraft:wooden_pickaxe":15,"minecraft:sugar_cane":15,"minecraft:oak_leaves":1,"minecraft:golden_apple":2,"minecraft:glow_berries":6,"minecraft:dark_oak_trapdoor":1,"minecraft:sand":1,"minecraft:crossbow":19,"minecraft:shears":82,"minecraft:pumpkin_seeds":5,"minecraft:dark_oak_log":69,"minecraft:bread":72,"minecraft:dark_oak_fence":555,"minecraft:white_concrete":386,"minecraft:coarse_dirt":2,"minecraft:bone_meal":65,"delightful:acorn":5,"minecraft:stone_shovel":176,"minecraft:cooked_chicken":4,"minecraft:torch":373,"minecraft:dirt":831,"minecraft:iron_hoe":598,"minecraft:dark_oak_planks":440,"minecraft:iron_axe":599,"minecraft:chicken_spawn_egg":3,"minecraft:melon_seeds":3,"tombstone:gift":3,"minecraft:cooked_beef":3,"farmersdelight:tomato_seeds":4,"minecraft:cobbled_deepslate":1,"farmersdelight:fried_egg":9,"minecraft:wheat_seeds":58,"minecraft:water_bucket":35,"farmersdelight:skillet":1,"minecraft:baked_potato":35,"minecraft:sheep_spawn_egg":3,"minecraft:rail":1,"minecraft:crafting_table":16,"minecraft:red_bed":6,"culturaldelights:avocado_pit":2,"minecraft:white_bed":1,"minecraft:dark_oak_fence_gate":18,"travelersbackpack:wolf":13,"minecraft:dark_oak_door":2,"tombstone:bag_of_seeds":2,"minecraft:apple":7,"minecraft:pig_spawn_egg":4,"minecraft:iron_pickaxe":1009,"minecraft:stone_axe":129,"minecraft:cobblestone":59,"minecraft:bucket":40,"minecraft:glass_pane":13,"minecraft:dandelion":1},"minecraft:killed":{"minecraft:witch":3,"minecraft:spider":26,"minecraft:skeleton":39,"minecraft:chicken":3,"minecraft:zombie_villager":1,"minecraft:creeper":21,"minecraft:sheep":1,"minecraft:pillager":11,"tinyskeletons:baby_skeleton":4,"minecraft:zombie":118,"minecraft:cow":1,"minecraft:evoker":2,"minecraft:vindicator":6,"minecraft:drowned":2,"minecraft:ravager":2,"minecraft:enderman":1},"minecraft:custom":{"minecraft:animals_bred":14,"minecraft:interact_with_crafting_table":104,"minecraft:leave_game":6,"minecraft:time_since_death":196368,"minecraft:sprint_one_cm":1477678,"minecraft:damage_blocked_by_shield":3170,"minecraft:drop":43,"minecraft:talked_to_villager":19,"minecraft:play_time":491547,"minecraft:deaths":9,"minecraft:jump":8292,"minecraft:walk_on_water_one_cm":28011,"minecraft:interact_with_furnace":116,"minecraft:traded_with_villager":1,"minecraft:sleep_in_bed":17,"minecraft:damage_dealt":43940,"minecraft:crouch_one_cm":28543,"tombstone:undead_killed":164,"minecraft:mob_kills":245,"minecraft:climb_one_cm":11137,"minecraft:walk_one_cm":1698891,"minecraft:raid_win":1,"minecraft:sneak_time":10666,"minecraft:walk_under_water_one_cm":17268,"minecraft:total_world_time":491547,"tombstone:raider_killed":24,"minecraft:time_since_rest":79733,"minecraft:damage_taken":8362,"minecraft:damage_absorbed":80,"minecraft:swim_one_cm":125959,"minecraft:fly_one_cm":1840586,"minecraft:open_chest":367,"minecraft:fall_one_cm":226895}},"DataVersion":3120}