{"stats":{"minecraft:killed":{"minecraft:spider":8,"minecraft:skeleton":16,"minecraft:creeper":5,"minecraft:zombie":20,"minecraft:enderman":1},"minecraft:broken":{"minecraft:stone_pickaxe":1,"minecraft:iron_pickaxe":1,"minecraft:stone_shovel":1},"minecraft:mined":{"minecraft:purple_glazed_terracotta":1,"minecraft:white_bed":2,"minecraft:deepslate_diamond_ore":4,"minecraft:granite":1,"minecraft:grass_block":4,"minecraft:light_blue_glazed_terracotta":1,"travelersbackpack:wolf":5,"minecraft:hay_block":15,"minecraft:furnace":1,"minecraft:iron_ore":55,"minecraft:fire":1,"minecraft:andesite":12,"minecraft:diamond_block":1,"minecraft:deepslate_lapis_ore":2,"minecraft:deepslate_iron_ore":31,"lucky:lucky_block":5,"minecraft:blue_glazed_terracotta":1,"minecraft:stone":248,"minecraft:pink_glazed_terracotta":1,"minecraft:orange_glazed_terracotta":1,"minecraft:red_bed":2,"minecraft:amethyst_cluster":1,"minecraft:crafting_table":5,"minecraft:torch":98,"minecraft:rose_bush":1,"minecraft:glass":1,"minecraft:tall_grass":1,"minecraft:cobblestone":15,"minecraft:red_glazed_terracotta":1,"minecraft:deepslate_gold_ore":29,"minecraft:sugar_cane":12,"minecraft:oak_planks":1,"minecraft:wall_torch":3,"minecraft:amethyst_block":4,"minecraft:lime_glazed_terracotta":1,"minecraft:magenta_glazed_terracotta":1,"minecraft:yellow_glazed_terracotta":1,"minecraft:grass":5,"minecraft:coal_ore":24,"minecraft:oak_log":71,"minecraft:sand":111,"minecraft:gravel":46,"minecraft:dirt":10,"minecraft:cobweb":5,"minecraft:gold_ore":2,"minecraft:oak_leaves":4,"minecraft:deepslate":3},"minecraft:picked_up":{"minecraft:magenta_glazed_terracotta":1,"minecraft:crafting_table":5,"minecraft:chicken":1,"minecraft:shield":1,"minecraft:amethyst_block":4,"minecraft:string":12,"minecraft:red_bed":3,"minecraft:orange_glazed_terracotta":1,"minecraft:cobbled_deepslate":3,"minecraft:rose_bush":1,"minecraft:iron_pickaxe":1,"minecraft:sugar_cane":28,"minecraft:egg":7,"minecraft:furnace":1,"minecraft:raw_iron":82,"minecraft:torch":106,"tombstone:grave_dust":5,"minecraft:arrow":19,"minecraft:rotten_flesh":25,"minecraft:blue_glazed_terracotta":1,"minecraft:pink_glazed_terracotta":1,"minecraft:hay_block":15,"minecraft:cobblestone":261,"minecraft:rail":1,"minecraft:leather_chestplate":1,"minecraft:andesite":18,"minecraft:red_glazed_terracotta":1,"minecraft:red_mushroom":5,"minecraft:flint":6,"minecraft:oak_log":76,"minecraft:yellow_glazed_terracotta":1,"minecraft:gunpowder":4,"minecraft:lapis_lazuli":12,"minecraft:dirt":45,"minecraft:bone":13,"minecraft:bow":2,"minecraft:wheat_seeds":1,"minecraft:raw_gold":30,"minecraft:iron_ingot":32,"minecraft:oak_planks":13,"minecraft:iron_sword":1,"minecraft:lime_glazed_terracotta":1,"minecraft:dandelion":1,"minecraft:light_blue_glazed_terracotta":1,"minecraft:gravel":97,"minecraft:sand":391,"minecraft:amethyst_shard":4,"minecraft:white_bed":2,"minecraft:diamond_block":1,"minecraft:dark_oak_log":1,"minecraft:spider_eye":2,"travelersbackpack:wolf":6,"minecraft:diamond":14,"minecraft:purple_glazed_terracotta":1,"minecraft:crossbow":1,"minecraft:bread":26,"minecraft:oak_sapling":3,"tombstone:magic_scroll":3,"minecraft:coal":24,"minecraft:ender_pearl":1},"minecraft:crafted":{"minecraft:oak_planks":108,"minecraft:stone_shovel":1,"minecraft:furnace":1,"minecraft:diamond":9,"minecraft:stone_pickaxe":1,"minecraft:chest":2,"minecraft:wheat":135,"minecraft:red_dye":2,"minecraft:crafting_table":4,"minecraft:wooden_pickaxe":1,"minecraft:red_bed":1,"minecraft:stone_axe":1,"minecraft:bread":44,"minecraft:air":0,"minecraft:stick":56,"minecraft:iron_ingot":58,"minecraft:iron_pickaxe":2,"minecraft:iron_shovel":1,"minecraft:torch":40},"minecraft:custom":{"minecraft:mob_kills":50,"minecraft:animals_bred":1,"minecraft:interact_with_crafting_table":15,"minecraft:leave_game":3,"minecraft:time_since_death":20753,"minecraft:climb_one_cm":1137,"minecraft:sprint_one_cm":454452,"minecraft:walk_one_cm":358008,"minecraft:damage_blocked_by_shield":1530,"minecraft:drop":16,"minecraft:talked_to_villager":7,"minecraft:play_time":159728,"minecraft:deaths":4,"minecraft:sneak_time":2230,"minecraft:walk_under_water_one_cm":12647,"minecraft:jump":3200,"minecraft:walk_on_water_one_cm":21084,"minecraft:total_world_time":159728,"minecraft:interact_with_furnace":8,"minecraft:sleep_in_bed":11,"minecraft:time_since_rest":10721,"minecraft:damage_taken":3854,"minecraft:damage_absorbed":40,"minecraft:damage_dealt":9090,"minecraft:swim_one_cm":95917,"minecraft:fly_one_cm":739748,"minecraft:open_chest":11,"minecraft:crouch_one_cm":3528,"tombstone:undead_killed":36,"minecraft:fall_one_cm":96189},"minecraft:killed_by":{"minecraft:creeper":2,"minecraft:zombie":1},"minecraft:dropped":{"minecraft:wheat_seeds":1,"minecraft:cobblestone":8,"minecraft:coal":6,"minecraft:red_dye":1,"minecraft:iron_pickaxe":1,"minecraft:gravel":4,"minecraft:cobbled_deepslate":1,"minecraft:wheat":1,"minecraft:oak_planks":9,"minecraft:gunpowder":1,"minecraft:andesite":6,"minecraft:spider_eye":2,"minecraft:bow":2,"minecraft:wooden_pickaxe":1,"minecraft:egg":4},"minecraft:used":{"minecraft:iron_shovel":4,"minecraft:stone_shovel":176,"minecraft:chest":2,"minecraft:shield":39,"minecraft:iron_sword":163,"minecraft:torch":123,"minecraft:dirt":14,"minecraft:oak_sapling":3,"minecraft:furnace":2,"tombstone:gift":2,"minecraft:egg":2,"minecraft:cobbled_deepslate":1,"minecraft:stone_pickaxe":131,"minecraft:wooden_pickaxe":15,"minecraft:sugar_cane":4,"minecraft:golden_apple":1,"minecraft:sand":1,"minecraft:rail":1,"minecraft:crafting_table":9,"minecraft:red_bed":4,"minecraft:crossbow":7,"minecraft:white_bed":1,"travelersbackpack:wolf":7,"minecraft:dark_oak_log":1,"minecraft:bread":59,"minecraft:iron_pickaxe":306,"minecraft:stone_axe":76,"minecraft:cobblestone":55,"minecraft:dandelion":1}},"DataVersion":3120}