{"stats":{"minecraft:killed":{"minecraft:pig":2,"minecraft:spider":1,"minecraft:skeleton":1,"minecraft:chicken":3,"minecraft:cow":5},"minecraft:mined":{"minecraft:cobblestone_stairs":8,"minecraft:oak_fence":2,"minecraft:crafting_table":1,"minecraft:torch":15,"minecraft:granite":9,"minecraft:grass_block":5,"minecraft:cobblestone":16,"minecraft:oak_planks":1,"minecraft:diorite":96,"minecraft:wall_torch":7,"minecraft:iron_ore":15,"minecraft:andesite":1,"minecraft:grass":9,"minecraft:oak_log":60,"minecraft:coal_ore":3,"minecraft:gravel":50,"minecraft:dirt":20,"minecraft:cobweb":9,"minecraft:stonecutter":1,"minecraft:stone":520,"minecraft:deepslate":31,"minecraft:oak_leaves":56},"minecraft:picked_up":{"minecraft:crafting_table":1,"minecraft:feather":2,"minecraft:chicken":3,"minecraft:salmon":1,"minecraft:andesite":1,"minecraft:chest_minecart":1,"minecraft:leather":6,"minecraft:flint":3,"minecraft:oak_log":60,"minecraft:cobblestone_stairs":8,"minecraft:string":9,"minecraft:dirt":25,"tombstone:familiar_receptacle":1,"minecraft:bone":4,"minecraft:stonecutter":1,"minecraft:cobbled_deepslate":31,"minecraft:beef":12,"minecraft:light_gray_wool":3,"minecraft:oak_planks":1,"minecraft:stick":2,"minecraft:raw_iron":15,"minecraft:oak_fence":2,"minecraft:torch":26,"minecraft:gravel":87,"minecraft:porkchop":3,"minecraft:diorite":96,"minecraft:spider_eye":1,"minecraft:arrow":2,"minecraft:rotten_flesh":1,"minecraft:granite":9,"minecraft:oak_sapling":5,"minecraft:cod":2,"minecraft:coal":3,"minecraft:rail":16,"minecraft:white_wool":6,"minecraft:cobblestone":531},"minecraft:broken":{"minecraft:stone_pickaxe":4,"minecraft:wooden_pickaxe":1},"minecraft:crafted":{"minecraft:cooked_beef":9,"minecraft:oak_door":3,"minecraft:oak_planks":84,"minecraft:oak_sign":3,"minecraft:fishing_rod":1,"minecraft:cooked_porkchop":2,"minecraft:crafting_table":1,"minecraft:wooden_pickaxe":1,"minecraft:furnace":1,"minecraft:stone":3,"minecraft:stone_axe":1,"minecraft:air":0,"minecraft:oak_boat":1,"minecraft:charcoal":12,"minecraft:shield":1,"minecraft:stick":36,"minecraft:iron_ingot":7,"minecraft:iron_pickaxe":1,"minecraft:stone_pickaxe":6,"minecraft:stone_sword":1,"minecraft:chest":3,"minecraft:stonecutter":1,"minecraft:white_bed":2,"minecraft:torch":56,"minecraft:shears":1},"minecraft:custom":{"minecraft:interact_with_furnace":37,"minecraft:mob_kills":12,"minecraft:interact_with_crafting_table":29,"minecraft:interact_with_stonecutter":3,"minecraft:leave_game":2,"minecraft:time_since_death":90512,"minecraft:sleep_in_bed":3,"minecraft:climb_one_cm":477,"minecraft:time_since_rest":2799,"minecraft:sprint_one_cm":58437,"minecraft:damage_taken":345,"minecraft:walk_one_cm":430405,"minecraft:drop":10,"minecraft:damage_dealt":1181,"minecraft:swim_one_cm":2421,"minecraft:fly_one_cm":31112,"minecraft:open_chest":64,"minecraft:crouch_one_cm":140,"tombstone:undead_killed":1,"minecraft:play_time":92655,"minecraft:deaths":1,"minecraft:sneak_time":539,"minecraft:walk_under_water_one_cm":9851,"minecraft:boat_one_cm":69423,"minecraft:jump":515,"minecraft:walk_on_water_one_cm":10202,"minecraft:total_world_time":92655,"minecraft:fish_caught":3,"minecraft:fall_one_cm":5427},"minecraft:killed_by":{"minecraft:zombie":1},"minecraft:dropped":{"minecraft:gravel":3,"minecraft:diorite":5,"minecraft:andesite":1,"minecraft:stone_pickaxe":1},"minecraft:used":{"minecraft:diorite":7,"minecraft:stone_sword":53,"minecraft:cobblestone_stairs":136,"minecraft:stone_pickaxe":654,"minecraft:oak_sign":1,"minecraft:chest":3,"minecraft:wooden_pickaxe":59,"minecraft:stonecutter":2,"minecraft:oak_door":3,"minecraft:torch":89,"minecraft:dirt":14,"minecraft:crafting_table":2,"minecraft:white_bed":1,"minecraft:gravel":22,"minecraft:fishing_rod":6,"minecraft:stone_axe":56,"minecraft:cobblestone":58,"minecraft:furnace":1,"minecraft:oak_sapling":5,"minecraft:cooked_porkchop":2,"tombstone:gift":2,"minecraft:oak_boat":1}},"DataVersion":3120}