{"stats":{"minecraft:killed":{"minecraft:pig":1,"minecraft:spider":1,"minecraft:chicken":3,"minecraft:cow":4},"minecraft:mined":{"minecraft:cobblestone_stairs":4,"minecraft:oak_fence":2,"minecraft:crafting_table":1,"minecraft:torch":8,"minecraft:grass_block":5,"minecraft:cobblestone":13,"minecraft:oak_planks":1,"minecraft:diorite":46,"minecraft:wall_torch":1,"minecraft:iron_ore":9,"minecraft:grass":8,"minecraft:oak_log":60,"minecraft:coal_ore":2,"minecraft:gravel":20,"minecraft:dirt":5,"minecraft:cobweb":2,"minecraft:stonecutter":1,"minecraft:stone":288,"minecraft:oak_leaves":56},"minecraft:picked_up":{"minecraft:crafting_table":1,"minecraft:feather":2,"minecraft:chicken":3,"minecraft:leather":6,"minecraft:flint":1,"minecraft:oak_log":60,"minecraft:cobblestone_stairs":4,"minecraft:string":2,"minecraft:dirt":10,"minecraft:bone":2,"minecraft:stonecutter":1,"minecraft:beef":9,"minecraft:light_gray_wool":3,"minecraft:oak_planks":1,"minecraft:stick":2,"minecraft:raw_iron":9,"minecraft:oak_fence":2,"minecraft:torch":12,"minecraft:gravel":42,"minecraft:porkchop":2,"minecraft:diorite":46,"minecraft:spider_eye":1,"minecraft:oak_sapling":5,"minecraft:coal":2,"minecraft:white_wool":6,"minecraft:cobblestone":299},"minecraft:broken":{"minecraft:stone_pickaxe":2,"minecraft:wooden_pickaxe":1},"minecraft:crafted":{"minecraft:cooked_beef":9,"minecraft:oak_door":3,"minecraft:oak_planks":64,"minecraft:oak_sign":3,"minecraft:fishing_rod":1,"minecraft:cooked_porkchop":2,"minecraft:crafting_table":1,"minecraft:wooden_pickaxe":1,"minecraft:furnace":1,"minecraft:stone":3,"minecraft:stone_axe":1,"minecraft:air":0,"minecraft:charcoal":12,"minecraft:stick":28,"minecraft:iron_ingot":6,"minecraft:iron_pickaxe":1,"minecraft:stone_pickaxe":3,"minecraft:stone_sword":1,"minecraft:chest":3,"minecraft:stonecutter":1,"minecraft:white_bed":2,"minecraft:torch":52,"minecraft:shears":1},"minecraft:custom":{"minecraft:interact_with_furnace":34,"minecraft:mob_kills":9,"minecraft:interact_with_crafting_table":20,"minecraft:interact_with_stonecutter":2,"minecraft:leave_game":2,"minecraft:time_since_death":54512,"minecraft:sleep_in_bed":1,"minecraft:climb_one_cm":280,"minecraft:time_since_rest":12606,"minecraft:sprint_one_cm":52616,"minecraft:damage_taken":315,"minecraft:walk_one_cm":260494,"minecraft:damage_dealt":791,"minecraft:swim_one_cm":2421,"minecraft:fly_one_cm":26820,"minecraft:open_chest":37,"minecraft:crouch_one_cm":1,"minecraft:play_time":56655,"minecraft:deaths":1,"minecraft:sneak_time":510,"minecraft:walk_under_water_one_cm":8571,"minecraft:jump":352,"minecraft:walk_on_water_one_cm":5682,"minecraft:total_world_time":56655,"minecraft:fall_one_cm":3993},"minecraft:killed_by":{"minecraft:zombie":1},"minecraft:used":{"minecraft:stone_sword":34,"minecraft:cobblestone_stairs":60,"minecraft:stone_pickaxe":314,"minecraft:oak_sign":1,"minecraft:chest":3,"minecraft:wooden_pickaxe":59,"minecraft:stonecutter":2,"minecraft:oak_door":3,"minecraft:torch":44,"minecraft:dirt":8,"minecraft:crafting_table":2,"minecraft:white_bed":1,"minecraft:stone_axe":56,"minecraft:cobblestone":50,"minecraft:furnace":1,"minecraft:oak_sapling":5,"minecraft:cooked_porkchop":2,"tombstone:gift":2}},"DataVersion":3120}