{"stats":{"minecraft:killed":{"minecraft:pig":1,"minecraft:chicken":3},"minecraft:mined":{"minecraft:iron_ore":8,"minecraft:torch":6,"minecraft:crafting_table":1,"minecraft:grass":4,"minecraft:coal_ore":2,"minecraft:oak_log":54,"minecraft:grass_block":5,"minecraft:gravel":17,"minecraft:dirt":5,"minecraft:cobblestone":11,"minecraft:stone":223,"minecraft:diorite":33,"minecraft:oak_leaves":27},"minecraft:picked_up":{"minecraft:stick":2,"minecraft:raw_iron":8,"minecraft:crafting_table":1,"minecraft:feather":2,"minecraft:chicken":3,"minecraft:torch":6,"minecraft:gravel":33,"minecraft:porkchop":2,"minecraft:flint":1,"minecraft:oak_log":54,"minecraft:diorite":33,"minecraft:dirt":10,"minecraft:oak_sapling":2,"minecraft:coal":2,"minecraft:cobblestone":232},"minecraft:broken":{"minecraft:stone_pickaxe":1,"minecraft:wooden_pickaxe":1},"minecraft:crafted":{"minecraft:oak_door":3,"minecraft:oak_planks":36,"minecraft:oak_sign":3,"minecraft:charcoal":2,"minecraft:crafting_table":1,"minecraft:stick":16,"minecraft:iron_pickaxe":1,"minecraft:iron_ingot":6,"minecraft:wooden_pickaxe":1,"minecraft:stone_pickaxe":2,"minecraft:stone_sword":1,"minecraft:chest":1,"minecraft:furnace":1,"minecraft:torch":16,"minecraft:stone_axe":1,"minecraft:air":0},"minecraft:custom":{"minecraft:time_since_rest":30066,"minecraft:interact_with_furnace":9,"minecraft:sprint_one_cm":45110,"minecraft:damage_taken":255,"minecraft:walk_one_cm":127100,"minecraft:mob_kills":4,"minecraft:damage_dealt":230,"minecraft:swim_one_cm":2421,"minecraft:interact_with_crafting_table":7,"minecraft:fly_one_cm":20334,"minecraft:open_chest":2,"minecraft:play_time":32655,"minecraft:deaths":1,"minecraft:sneak_time":493,"minecraft:walk_under_water_one_cm":8104,"minecraft:jump":240,"minecraft:leave_game":2,"minecraft:time_since_death":30512,"minecraft:walk_on_water_one_cm":3067,"minecraft:climb_one_cm":232,"minecraft:total_world_time":32655,"minecraft:fall_one_cm":1314},"minecraft:killed_by":{"minecraft:zombie":1},"minecraft:used":{"minecraft:stone_sword":11,"minecraft:stone_pickaxe":228,"minecraft:oak_sign":1,"minecraft:chest":1,"minecraft:wooden_pickaxe":59,"minecraft:stone_axe":46,"minecraft:oak_door":2,"minecraft:torch":22,"minecraft:dirt":8,"minecraft:cobblestone":49,"minecraft:crafting_table":2,"minecraft:furnace":1,"tombstone:gift":2}},"DataVersion":3120}