{"stats":{"minecraft:picked_up":{"minecraft:fishing_rod":3,"minecraft:cocoa_beans":63,"minecraft:crafting_table":1,"minecraft:chicken":3,"minecraft:chest_minecart":1,"minecraft:rabbit_stew":5,"minecraft:potion":12,"minecraft:string":12,"minecraft:pufferfish":36,"minecraft:oak_sign":1,"minecraft:cobbled_deepslate":31,"minecraft:beef":12,"minecraft:oak_boat":1,"minecraft:light_gray_wool":3,"minecraft:melon_slice":14,"tombstone:tablet_of_assistance":1,"minecraft:dark_oak_sapling":4,"minecraft:stick":12,"minecraft:raw_iron":15,"minecraft:oak_fence":2,"minecraft:torch":28,"minecraft:bowl":9,"minecraft:porkchop":3,"minecraft:diorite":96,"minecraft:carrot":5,"tombstone:tablet_of_cupidity":1,"minecraft:dark_oak_planks":2,"tombstone:lost_tablet":12,"minecraft:arrow":2,"minecraft:rotten_flesh":19,"minecraft:tropical_fish":8,"tombstone:fishing_rod_of_misadventure":2,"tombstone:essence_of_undeath":1,"minecraft:gold_ingot":1,"minecraft:cod":104,"minecraft:rail":16,"minecraft:white_wool":9,"minecraft:cobblestone":531,"minecraft:feather":2,"minecraft:tripwire_hook":15,"minecraft:andesite":1,"minecraft:salmon":51,"minecraft:jungle_log":16,"minecraft:leather":24,"minecraft:flint":3,"minecraft:oak_log":60,"minecraft:lily_pad":15,"minecraft:cobblestone_stairs":8,"travelersbackpack:gold_tier_upgrade":1,"minecraft:dirt":29,"tombstone:familiar_receptacle":1,"minecraft:name_tag":1,"minecraft:leather_boots":11,"minecraft:bone":10,"minecraft:apple":3,"minecraft:stonecutter":1,"minecraft:wheat_seeds":1,"tombstone:bag_of_seeds":3,"minecraft:bamboo":8,"travelersbackpack:blank_upgrade":1,"minecraft:oak_planks":1,"minecraft:dark_oak_stairs":1,"minecraft:dandelion":1,"minecraft:gravel":87,"minecraft:sand":16,"minecraft:dark_oak_log":41,"minecraft:spider_eye":1,"minecraft:bundle":5,"travelersbackpack:standard":1,"tombstone:scroll_of_knowledge":3,"minecraft:granite":9,"minecraft:bread":1,"minecraft:oak_sapling":5,"tombstone:magic_scroll":2,"minecraft:coal":16},"minecraft:crafted":{"minecraft:oak_door":3,"minecraft:oak_planks":96,"minecraft:oak_sign":3,"minecraft:fishing_rod":1,"travelersbackpack:crafting_upgrade":1,"minecraft:furnace":1,"minecraft:stone":3,"minecraft:glass":16,"travelersbackpack:white_sleeping_bag":1,"minecraft:stone_pickaxe":6,"minecraft:chest":4,"minecraft:cooked_beef":9,"minecraft:cooked_porkchop":2,"minecraft:crafting_table":2,"travelersbackpack:backpack_tank":2,"minecraft:wooden_pickaxe":1,"travelersbackpack:standard":4,"minecraft:smithing_table":1,"minecraft:stone_axe":1,"minecraft:air":0,"minecraft:jungle_planks":8,"minecraft:oak_boat":1,"minecraft:charcoal":12,"minecraft:shield":1,"minecraft:stick":52,"minecraft:iron_ingot":13,"minecraft:iron_pickaxe":1,"minecraft:stone_sword":1,"minecraft:stonecutter":1,"minecraft:white_bed":2,"minecraft:torch":56,"minecraft:shears":1},"minecraft:mined":{"minecraft:dark_oak_planks":2,"minecraft:dark_oak_leaves":13,"minecraft:cobblestone_stairs":8,"minecraft:jungle_leaves":112,"minecraft:dark_oak_log":41,"minecraft:granite":9,"minecraft:grass_block":8,"minecraft:jungle_log":17,"minecraft:carrots":1,"minecraft:iron_ore":15,"minecraft:andesite":1,"minecraft:dark_oak_stairs":1,"minecraft:vine":7,"minecraft:bamboo":1,"lucky:lucky_block":2,"minecraft:stone":520,"minecraft:dandelion":1,"travelersbackpack:standard":1,"minecraft:oak_fence":2,"minecraft:crafting_table":1,"minecraft:torch":15,"minecraft:melon":3,"minecraft:cobblestone":16,"minecraft:tall_grass":3,"minecraft:oak_planks":1,"minecraft:diorite":96,"minecraft:wall_torch":9,"minecraft:quartz_pillar":4,"minecraft:grass":11,"minecraft:oak_log":60,"minecraft:coal_ore":16,"minecraft:cocoa":21,"minecraft:gravel":50,"minecraft:sand":17,"minecraft:dirt":22,"minecraft:cobweb":9,"minecraft:stonecutter":1,"minecraft:oak_leaves":56,"minecraft:deepslate":31},"minecraft:dropped":{"minecraft:bread":1,"minecraft:dark_oak_stairs":1,"minecraft:tropical_fish":3,"minecraft:dirt":2,"minecraft:diorite":5,"minecraft:potion":12,"minecraft:dark_oak_planks":2,"minecraft:fishing_rod":1,"minecraft:gravel":3,"minecraft:andesite":1,"minecraft:leather_boots":10,"minecraft:stone_pickaxe":1},"minecraft:custom":{"minecraft:interact_with_smithing_table":6,"minecraft:mob_kills":14,"minecraft:interact_with_crafting_table":41,"minecraft:leave_game":5,"minecraft:time_since_death":205778,"minecraft:climb_one_cm":2772,"minecraft:sprint_one_cm":106703,"minecraft:walk_one_cm":601686,"minecraft:drop":39,"minecraft:play_time":207921,"minecraft:deaths":1,"minecraft:sneak_time":734,"minecraft:walk_under_water_one_cm":12888,"minecraft:boat_one_cm":2487193,"minecraft:jump":762,"minecraft:walk_on_water_one_cm":18990,"minecraft:total_world_time":207921,"minecraft:interact_with_furnace":61,"minecraft:interact_with_stonecutter":3,"minecraft:sleep_in_bed":5,"minecraft:time_since_rest":1613,"minecraft:damage_taken":440,"minecraft:damage_dealt":1680,"minecraft:swim_one_cm":7841,"minecraft:fly_one_cm":59648,"minecraft:open_chest":131,"minecraft:crouch_one_cm":140,"tombstone:undead_killed":2,"minecraft:fish_caught":180,"minecraft:fall_one_cm":8891},"minecraft:used":{"minecraft:stone_sword":67,"minecraft:oak_sign":2,"minecraft:chest":3,"tombstone:fishing_rod_of_misadventure":256,"minecraft:oak_door":3,"minecraft:torch":91,"minecraft:dirt":16,"minecraft:cocoa_beans":61,"minecraft:carrot":1,"minecraft:glass":4,"minecraft:jungle_log":14,"minecraft:rabbit_stew":2,"minecraft:oak_sapling":5,"minecraft:furnace":1,"tombstone:gift":2,"minecraft:dark_oak_sapling":4,"minecraft:diorite":7,"minecraft:cobblestone_stairs":136,"minecraft:stone_pickaxe":673,"minecraft:wooden_pickaxe":59,"minecraft:stonecutter":2,"minecraft:crafting_table":2,"minecraft:white_bed":1,"minecraft:cod":2,"minecraft:dark_oak_log":11,"minecraft:gravel":22,"minecraft:stone_axe":132,"minecraft:fishing_rod":66,"minecraft:cobblestone":58,"travelersbackpack:standard":7,"minecraft:cooked_porkchop":2,"minecraft:smithing_table":1,"minecraft:oak_boat":2,"minecraft:dandelion":1},"minecraft:killed":{"minecraft:spider":1,"minecraft:skeleton":1,"minecraft:chicken":3,"minecraft:pig":2,"minecraft:creeper":1,"minecraft:zombie":1,"minecraft:cow":5},"minecraft:broken":{"minecraft:wooden_pickaxe":1,"minecraft:stone_pickaxe":4,"minecraft:stone_axe":1},"minecraft:killed_by":{"minecraft:zombie":1}},"DataVersion":3120}