{"stats":{"minecraft:mined":{"minecraft:oak_log":16,"minecraft:crafting_table":1},"minecraft:picked_up":{"minecraft:crafting_table":1,"minecraft:oak_log":16},"minecraft:crafted":{"minecraft:oak_planks":20,"minecraft:crafting_table":1,"minecraft:stick":12,"minecraft:wooden_pickaxe":1},"minecraft:custom":{"minecraft:time_since_rest":6066,"minecraft:walk_one_cm":37502,"minecraft:sprint_one_cm":30713,"minecraft:play_time":8655,"minecraft:damage_taken":255,"minecraft:deaths":1,"minecraft:walk_under_water_one_cm":712,"minecraft:jump":72,"minecraft:damage_dealt":10,"minecraft:walk_on_water_one_cm":970,"minecraft:leave_game":2,"minecraft:time_since_death":6512,"minecraft:total_world_time":8655,"minecraft:swim_one_cm":2421,"minecraft:fall_one_cm":478,"minecraft:interact_with_crafting_table":1,"minecraft:fly_one_cm":10367},"minecraft:killed_by":{"minecraft:zombie":1},"minecraft:used":{"minecraft:crafting_table":1,"tombstone:gift":2}},"DataVersion":3120}