{"stats":{"minecraft:killed_by":{"minecraft:zombie":1},"minecraft:broken":{"minecraft:wooden_pickaxe":1,"minecraft:stone_pickaxe":5,"minecraft:stone_axe":1},"minecraft:picked_up":{"minecraft:fishing_rod":4,"minecraft:cocoa_beans":66,"minecraft:crafting_table":1,"minecraft:chicken":3,"minecraft:chest_minecart":1,"minecraft:rabbit_stew":5,"minecraft:potion":12,"minecraft:string":13,"minecraft:pufferfish":37,"minecraft:oak_sign":1,"minecraft:cobbled_deepslate":31,"lucky:lucky_sword":1,"delightful:acorn":4,"minecraft:beef":12,"minecraft:oak_boat":3,"minecraft:light_gray_wool":3,"minecraft:melon_slice":14,"tombstone:tablet_of_assistance":1,"minecraft:dark_oak_sapling":4,"minecraft:stick":16,"minecraft:raw_iron":26,"minecraft:oak_fence":2,"minecraft:torch":38,"minecraft:bowl":10,"minecraft:porkchop":3,"minecraft:diorite":96,"minecraft:carrot":5,"tombstone:tablet_of_cupidity":1,"minecraft:dark_oak_planks":2,"tombstone:lost_tablet":13,"minecraft:arrow":4,"minecraft:rotten_flesh":23,"minecraft:cooked_cod":63,"minecraft:tropical_fish":8,"minecraft:beetroot_seeds":1,"tombstone:fishing_rod_of_misadventure":2,"tombstone:essence_of_undeath":2,"minecraft:gold_ingot":1,"minecraft:iron_bars":1,"minecraft:cod":106,"minecraft:rail":16,"minecraft:white_wool":9,"minecraft:cobblestone":578,"minecraft:enchanting_table":1,"minecraft:feather":2,"minecraft:tripwire_hook":16,"minecraft:andesite":3,"minecraft:salmon":51,"minecraft:jungle_log":16,"minecraft:leather":24,"minecraft:flint":3,"minecraft:lily_pad":17,"minecraft:oak_log":73,"minecraft:cobblestone_stairs":8,"travelersbackpack:gold_tier_upgrade":1,"minecraft:dirt":29,"tombstone:familiar_receptacle":1,"minecraft:name_tag":1,"minecraft:leather_boots":11,"minecraft:bone":11,"minecraft:apple":4,"minecraft:kelp":1,"minecraft:stonecutter":1,"minecraft:wheat_seeds":5,"minecraft:stone_pickaxe":1,"tombstone:bag_of_seeds":3,"minecraft:bamboo":8,"minecraft:oak_planks":1,"travelersbackpack:blank_upgrade":1,"minecraft:dark_oak_stairs":1,"minecraft:dandelion":1,"minecraft:gravel":87,"minecraft:sand":16,"minecraft:blast_furnace":1,"minecraft:ink_sac":10,"minecraft:mossy_stone_brick_slab":1,"minecraft:dark_oak_log":41,"minecraft:spider_eye":1,"minecraft:bundle":6,"travelersbackpack:standard":4,"tombstone:scroll_of_knowledge":3,"minecraft:granite":9,"minecraft:bread":1,"minecraft:oak_sapling":13,"tombstone:magic_scroll":2,"minecraft:netherrack":1,"minecraft:coal":145},"minecraft:dropped":{"minecraft:bread":1,"minecraft:dark_oak_stairs":1,"minecraft:wheat_seeds":4,"minecraft:tropical_fish":3,"travelersbackpack:standard":1,"minecraft:pufferfish":1,"minecraft:dirt":2,"minecraft:diorite":5,"minecraft:wooden_axe":1,"minecraft:potion":12,"minecraft:dark_oak_planks":2,"minecraft:fishing_rod":2,"minecraft:tripwire_hook":1,"minecraft:gravel":3,"minecraft:cocoa_beans":1,"minecraft:bowl":1,"minecraft:rotten_flesh":1,"minecraft:beetroot_seeds":1,"minecraft:andesite":2,"minecraft:leather_boots":10,"minecraft:stone_pickaxe":2,"minecraft:netherrack":1},"minecraft:mined":{"minecraft:dark_oak_planks":2,"minecraft:dark_oak_leaves":13,"minecraft:mossy_stone_brick_slab":1,"minecraft:cobblestone_stairs":8,"minecraft:jungle_leaves":112,"minecraft:dark_oak_log":41,"minecraft:granite":9,"minecraft:grass_block":8,"minecraft:jungle_log":17,"minecraft:kelp":1,"minecraft:carrots":1,"minecraft:iron_ore":26,"minecraft:andesite":2,"treechop:chopped_log":2,"minecraft:dark_oak_stairs":1,"minecraft:vine":7,"minecraft:iron_bars":1,"minecraft:bamboo":1,"lucky:lucky_block":5,"minecraft:stone":569,"minecraft:dandelion":1,"travelersbackpack:standard":3,"minecraft:oak_fence":2,"minecraft:crafting_table":1,"minecraft:torch":20,"minecraft:blast_furnace":1,"minecraft:melon":3,"minecraft:tall_grass":4,"minecraft:cobblestone":16,"minecraft:oak_planks":1,"minecraft:diorite":96,"minecraft:wall_torch":14,"farmersdelight:wild_beetroots":1,"minecraft:birch_leaves":1,"minecraft:quartz_pillar":4,"minecraft:grass":19,"minecraft:oak_log":60,"minecraft:coal_ore":148,"minecraft:cocoa":22,"minecraft:gravel":50,"minecraft:sand":17,"minecraft:dirt":22,"minecraft:cobweb":9,"minecraft:stonecutter":1,"minecraft:netherrack":2,"minecraft:oak_leaves":64,"minecraft:deepslate":31},"minecraft:used":{"minecraft:stone_sword":88,"minecraft:oak_sign":2,"minecraft:chest":3,"tombstone:fishing_rod_of_misadventure":270,"minecraft:mossy_stone_brick_slab":1,"minecraft:oak_door":3,"minecraft:torch":112,"minecraft:dirt":16,"minecraft:cocoa_beans":65,"minecraft:carrot":1,"minecraft:glass":4,"minecraft:wooden_axe":8,"minecraft:jungle_log":14,"minecraft:rabbit_stew":3,"minecraft:oak_sapling":13,"minecraft:furnace":1,"minecraft:cooked_cod":2,"tombstone:gift":4,"minecraft:cooked_beef":2,"minecraft:dark_oak_sapling":4,"minecraft:diorite":7,"minecraft:cobblestone_stairs":136,"minecraft:stone_pickaxe":872,"minecraft:wooden_pickaxe":59,"lucky:lucky_sword":2,"minecraft:stonecutter":2,"minecraft:crafting_table":2,"minecraft:white_bed":1,"minecraft:campfire":4,"minecraft:cod":4,"minecraft:apple":1,"minecraft:dark_oak_log":11,"minecraft:leather_helmet":1,"minecraft:gravel":22,"minecraft:stone_axe":134,"minecraft:fishing_rod":66,"minecraft:cobblestone":59,"travelersbackpack:standard":19,"minecraft:cooked_porkchop":2,"minecraft:smithing_table":1,"minecraft:andesite":1,"minecraft:kelp":1,"minecraft:oak_boat":5,"minecraft:dandelion":1,"delightful:acorn":4},"minecraft:crafted":{"minecraft:oak_door":3,"minecraft:oak_planks":112,"minecraft:oak_sign":3,"minecraft:fishing_rod":1,"travelersbackpack:crafting_upgrade":1,"minecraft:furnace":1,"minecraft:stone":3,"minecraft:glass":16,"travelersbackpack:white_sleeping_bag":1,"minecraft:stone_pickaxe":7,"minecraft:chest":4,"minecraft:dark_oak_planks":8,"minecraft:cooked_beef":9,"minecraft:cooked_cod":1,"minecraft:cooked_porkchop":2,"minecraft:crafting_table":2,"travelersbackpack:backpack_tank":2,"minecraft:wooden_pickaxe":1,"travelersbackpack:standard":4,"minecraft:smithing_table":1,"minecraft:campfire":4,"minecraft:stone_axe":2,"minecraft:air":0,"minecraft:jungle_planks":8,"minecraft:oak_boat":3,"minecraft:charcoal":18,"minecraft:shield":1,"minecraft:stick":72,"minecraft:iron_ingot":13,"minecraft:iron_pickaxe":1,"minecraft:wooden_axe":1,"minecraft:stone_sword":1,"minecraft:stonecutter":1,"minecraft:white_bed":2,"minecraft:torch":108,"minecraft:shears":1},"minecraft:killed":{"minecraft:spider":2,"minecraft:skeleton":2,"minecraft:chicken":3,"minecraft:pig":2,"minecraft:creeper":1,"minecraft:zombie":5,"minecraft:cow":5},"minecraft:custom":{"minecraft:interact_with_smithing_table":6,"minecraft:mob_kills":20,"minecraft:interact_with_crafting_table":43,"minecraft:interact_with_campfire":64,"minecraft:leave_game":6,"minecraft:time_since_death":22698,"minecraft:climb_one_cm":4042,"minecraft:sprint_one_cm":211182,"minecraft:walk_one_cm":900610,"minecraft:drop":55,"minecraft:talked_to_villager":1,"minecraft:play_time":304048,"minecraft:deaths":2,"minecraft:sneak_time":1700,"minecraft:walk_under_water_one_cm":27174,"minecraft:boat_one_cm":2840069,"minecraft:jump":1411,"minecraft:walk_on_water_one_cm":52627,"minecraft:total_world_time":304048,"minecraft:interact_with_furnace":67,"minecraft:interact_with_stonecutter":3,"minecraft:sleep_in_bed":9,"minecraft:time_since_rest":238,"minecraft:damage_taken":1099,"minecraft:damage_dealt":2748,"minecraft:swim_one_cm":16441,"minecraft:fly_one_cm":114751,"minecraft:open_chest":149,"minecraft:crouch_one_cm":932,"tombstone:undead_killed":7,"minecraft:fish_caught":183,"minecraft:fall_one_cm":16775}},"DataVersion":3120}