{"stats":{"minecraft:killed":{"minecraft:spider":2,"minecraft:horse":2,"minecraft:sheep":17,"minecraft:skeleton":2,"minecraft:zombie":7,"minecraft:cow":7},"minecraft:mined":{"minecraft:deepslate_redstone_ore":1,"minecraft:white_bed":4,"minecraft:deepslate_diamond_ore":4,"minecraft:crafting_table":7,"minecraft:torch":1,"minecraft:granite":4,"minecraft:grass_block":6,"minecraft:cobblestone":3,"minecraft:deepslate_gold_ore":4,"minecraft:diorite":1,"minecraft:wall_torch":2,"minecraft:redstone_ore":2,"minecraft:furnace":5,"minecraft:iron_ore":80,"minecraft:cobbled_deepslate":2,"minecraft:andesite":9,"minecraft:grass":26,"minecraft:oak_log":26,"minecraft:coal_ore":94,"minecraft:deepslate_iron_ore":4,"minecraft:sand":16,"minecraft:dirt":2,"lucky:lucky_block":1,"minecraft:stone":120,"minecraft:gold_ore":2,"minecraft:deepslate":42},"minecraft:picked_up":{"minecraft:crafting_table":7,"minecraft:andesite":9,"minecraft:leather":6,"minecraft:oak_log":24,"minecraft:golden_sword":1,"minecraft:dirt":8,"minecraft:string":2,"minecraft:bone":4,"minecraft:wheat_seeds":4,"minecraft:cobbled_deepslate":44,"minecraft:raw_gold":7,"minecraft:beef":18,"minecraft:furnace":5,"minecraft:raw_iron":84,"minecraft:torch":4,"minecraft:sand":32,"tombstone:grave_dust":1,"minecraft:diorite":1,"minecraft:white_bed":4,"minecraft:redstone":13,"minecraft:golden_chestplate":1,"minecraft:arrow":4,"minecraft:rotten_flesh":8,"minecraft:diamond":4,"minecraft:granite":4,"minecraft:gold_ingot":19,"minecraft:black_wool":1,"minecraft:mutton":19,"minecraft:coal":173,"minecraft:white_wool":14,"minecraft:cobblestone":123},"minecraft:broken":{"minecraft:stone_pickaxe":2},"minecraft:crafted":{"minecraft:cooked_beef":9,"minecraft:oak_planks":56,"minecraft:crafting_table":1,"travelersbackpack:backpack_tank":2,"minecraft:wooden_pickaxe":1,"travelersbackpack:standard":1,"minecraft:iron_sword":1,"minecraft:furnace":2,"minecraft:stone_axe":1,"minecraft:cooked_mutton":5,"minecraft:air":0,"minecraft:glass":16,"travelersbackpack:white_sleeping_bag":1,"minecraft:shield":1,"minecraft:iron_axe":1,"minecraft:stick":32,"minecraft:iron_ingot":43,"minecraft:iron_pickaxe":1,"minecraft:stone_pickaxe":2,"minecraft:chest":1,"minecraft:gold_ingot":1,"minecraft:white_bed":1,"minecraft:torch":76},"minecraft:custom":{"minecraft:interact_with_furnace":64,"minecraft:mob_kills":37,"minecraft:interact_with_crafting_table":19,"minecraft:leave_game":1,"minecraft:time_since_death":12749,"minecraft:sleep_in_bed":4,"minecraft:time_since_rest":4340,"minecraft:sprint_one_cm":117364,"minecraft:damage_taken":1291,"minecraft:walk_one_cm":158381,"minecraft:damage_blocked_by_shield":1245,"minecraft:drop":1,"minecraft:damage_dealt":4763,"minecraft:swim_one_cm":13207,"minecraft:fly_one_cm":136654,"minecraft:play_time":63143,"minecraft:crouch_one_cm":2179,"minecraft:sneak_time":641,"tombstone:undead_killed":9,"minecraft:deaths":1,"minecraft:walk_under_water_one_cm":584,"minecraft:jump":884,"minecraft:walk_on_water_one_cm":3549,"minecraft:total_world_time":63143,"minecraft:fall_one_cm":16958},"minecraft:killed_by":{"minecraft:wolf":1},"minecraft:dropped":{"minecraft:wheat_seeds":1},"minecraft:used":{"minecraft:cooked_mutton":5,"minecraft:diorite":1,"minecraft:stone_pickaxe":263,"minecraft:wooden_pickaxe":3,"minecraft:shield":22,"minecraft:iron_sword":79,"minecraft:torch":51,"minecraft:dirt":8,"minecraft:crafting_table":7,"minecraft:white_bed":4,"minecraft:granite":4,"minecraft:iron_pickaxe":114,"minecraft:stone_axe":55,"minecraft:cobblestone":76,"travelersbackpack:standard":1,"minecraft:furnace":5,"minecraft:andesite":9,"minecraft:cooked_beef":8,"minecraft:cobbled_deepslate":44}},"DataVersion":3120}