{"stats":{"minecraft:killed":{"minecraft:spider":3,"minecraft:skeleton":2,"minecraft:sheep":21,"minecraft:horse":2,"minecraft:zombie":9,"minecraft:cow":9},"minecraft:mined":{"minecraft:deepslate_redstone_ore":1,"minecraft:white_bed":4,"minecraft:deepslate_diamond_ore":4,"minecraft:oak_door":1,"travelersbackpack:standard":1,"minecraft:crafting_table":9,"minecraft:torch":3,"minecraft:granite":112,"minecraft:grass_block":6,"minecraft:copper_ore":6,"minecraft:tall_grass":1,"minecraft:cobblestone":3,"minecraft:deepslate_gold_ore":4,"minecraft:diorite":16,"minecraft:wall_torch":3,"minecraft:redstone_ore":2,"minecraft:furnace":8,"minecraft:iron_ore":80,"minecraft:cobbled_deepslate":2,"minecraft:andesite":85,"minecraft:azure_bluet":1,"minecraft:grass":32,"minecraft:oak_log":26,"minecraft:coal_ore":99,"minecraft:deepslate_iron_ore":4,"minecraft:iron_bars":2,"minecraft:sand":16,"minecraft:dirt":37,"lucky:lucky_block":3,"minecraft:stone":262,"minecraft:oak_leaves":2,"minecraft:gold_ore":2,"minecraft:fern":3,"minecraft:deepslate":42},"minecraft:picked_up":{"minecraft:crafting_table":9,"minecraft:anvil":2,"minecraft:andesite":85,"minecraft:leather":8,"minecraft:oak_log":24,"minecraft:golden_sword":1,"minecraft:gunpowder":1,"minecraft:dirt":43,"minecraft:string":4,"minecraft:raw_copper":16,"minecraft:bone":4,"minecraft:wheat_seeds":5,"minecraft:cobbled_deepslate":44,"minecraft:raw_gold":7,"minecraft:beef":23,"minecraft:egg":1,"minecraft:furnace":8,"minecraft:raw_iron":84,"minecraft:oak_door":1,"minecraft:torch":9,"minecraft:sand":32,"tombstone:grave_dust":1,"minecraft:diorite":16,"minecraft:white_bed":4,"minecraft:redstone":13,"minecraft:spider_eye":1,"minecraft:golden_chestplate":1,"travelersbackpack:standard":1,"minecraft:arrow":4,"minecraft:rotten_flesh":9,"minecraft:diamond":4,"minecraft:granite":111,"minecraft:gray_wool":1,"minecraft:gold_ingot":19,"minecraft:iron_bars":2,"minecraft:black_wool":2,"minecraft:mutton":35,"minecraft:coal":268,"minecraft:white_wool":18,"minecraft:cobblestone":266},"minecraft:broken":{"minecraft:stone_pickaxe":2,"minecraft:iron_pickaxe":1},"minecraft:crafted":{"minecraft:cooked_beef":9,"minecraft:oak_door":3,"minecraft:item_frame":1,"minecraft:oak_planks":96,"minecraft:crafting_table":1,"travelersbackpack:backpack_tank":2,"minecraft:wooden_pickaxe":1,"travelersbackpack:standard":1,"minecraft:iron_sword":1,"minecraft:furnace":2,"minecraft:stone_axe":1,"minecraft:cooked_mutton":14,"minecraft:air":0,"minecraft:glass":32,"travelersbackpack:white_sleeping_bag":1,"minecraft:shield":1,"minecraft:iron_axe":1,"minecraft:stick":44,"minecraft:iron_ingot":43,"minecraft:iron_pickaxe":2,"minecraft:stone_pickaxe":2,"minecraft:chest":3,"minecraft:gold_ingot":1,"minecraft:white_bed":1,"minecraft:torch":76},"minecraft:custom":{"minecraft:interact_with_furnace":99,"minecraft:mob_kills":47,"minecraft:interact_with_crafting_table":31,"minecraft:leave_game":4,"minecraft:time_since_death":21803,"minecraft:sleep_in_bed":15,"minecraft:climb_one_cm":1112,"minecraft:time_since_rest":3730,"minecraft:sprint_one_cm":312108,"minecraft:damage_taken":2731,"minecraft:walk_one_cm":250887,"minecraft:damage_blocked_by_shield":1920,"minecraft:drop":18,"minecraft:damage_dealt":5998,"minecraft:swim_one_cm":100909,"minecraft:fly_one_cm":277667,"minecraft:open_chest":6,"minecraft:play_time":109202,"minecraft:crouch_one_cm":2442,"minecraft:sneak_time":811,"tombstone:undead_killed":11,"minecraft:deaths":4,"minecraft:walk_under_water_one_cm":4149,"minecraft:jump":1404,"minecraft:walk_on_water_one_cm":15091,"minecraft:total_world_time":109202,"minecraft:fall_one_cm":27623},"minecraft:killed_by":{"minecraft:wolf":1,"minecraft:skeleton":1,"minecraft:zombie":1},"minecraft:dropped":{"minecraft:wheat_seeds":5,"minecraft:rotten_flesh":8,"minecraft:spider_eye":1,"minecraft:bone":4},"minecraft:used":{"minecraft:cooked_mutton":14,"minecraft:diorite":2,"minecraft:stone_pickaxe":263,"minecraft:chest":2,"minecraft:wooden_pickaxe":3,"minecraft:shield":40,"minecraft:iron_sword":97,"minecraft:oak_door":3,"minecraft:torch":60,"minecraft:dirt":8,"minecraft:mutton":3,"minecraft:crafting_table":10,"minecraft:white_bed":5,"minecraft:granite":5,"minecraft:iron_axe":2,"minecraft:iron_pickaxe":473,"minecraft:item_frame":1,"minecraft:stone_axe":65,"minecraft:cobblestone":77,"travelersbackpack:standard":7,"minecraft:furnace":10,"minecraft:andesite":9,"tombstone:gift":2,"minecraft:cooked_beef":9,"minecraft:cobbled_deepslate":44}},"DataVersion":3120}