{"stats":{"minecraft:killed":{"minecraft:spider":3,"minecraft:skeleton":2,"minecraft:sheep":21,"minecraft:horse":2,"minecraft:zombie":8,"minecraft:cow":9},"minecraft:mined":{"minecraft:deepslate_redstone_ore":1,"minecraft:white_bed":4,"minecraft:deepslate_diamond_ore":4,"minecraft:crafting_table":8,"minecraft:torch":1,"minecraft:granite":4,"minecraft:grass_block":6,"minecraft:tall_grass":1,"minecraft:cobblestone":3,"minecraft:deepslate_gold_ore":4,"minecraft:diorite":1,"minecraft:wall_torch":2,"minecraft:redstone_ore":2,"minecraft:furnace":8,"minecraft:iron_ore":80,"minecraft:cobbled_deepslate":2,"minecraft:andesite":9,"minecraft:azure_bluet":1,"minecraft:grass":31,"minecraft:oak_log":26,"minecraft:coal_ore":94,"minecraft:deepslate_iron_ore":4,"minecraft:sand":16,"minecraft:dirt":2,"lucky:lucky_block":3,"minecraft:stone":120,"minecraft:gold_ore":2,"minecraft:fern":1,"minecraft:deepslate":42},"minecraft:picked_up":{"minecraft:crafting_table":8,"minecraft:andesite":9,"minecraft:leather":8,"minecraft:oak_log":24,"minecraft:golden_sword":1,"minecraft:gunpowder":1,"minecraft:dirt":8,"minecraft:string":4,"minecraft:bone":4,"minecraft:wheat_seeds":5,"minecraft:cobbled_deepslate":44,"minecraft:raw_gold":7,"minecraft:beef":23,"minecraft:egg":1,"minecraft:furnace":8,"minecraft:raw_iron":84,"minecraft:torch":4,"minecraft:sand":32,"tombstone:grave_dust":1,"minecraft:diorite":1,"minecraft:white_bed":4,"minecraft:redstone":13,"minecraft:spider_eye":1,"minecraft:golden_chestplate":1,"minecraft:arrow":4,"minecraft:rotten_flesh":9,"minecraft:diamond":4,"minecraft:granite":4,"minecraft:gray_wool":1,"minecraft:gold_ingot":19,"minecraft:black_wool":2,"minecraft:mutton":35,"minecraft:coal":263,"minecraft:white_wool":18,"minecraft:cobblestone":123},"minecraft:broken":{"minecraft:stone_pickaxe":2},"minecraft:crafted":{"minecraft:cooked_beef":9,"minecraft:oak_planks":56,"minecraft:crafting_table":1,"travelersbackpack:backpack_tank":2,"minecraft:wooden_pickaxe":1,"travelersbackpack:standard":1,"minecraft:iron_sword":1,"minecraft:furnace":2,"minecraft:stone_axe":1,"minecraft:cooked_mutton":14,"minecraft:air":0,"minecraft:glass":32,"travelersbackpack:white_sleeping_bag":1,"minecraft:shield":1,"minecraft:iron_axe":1,"minecraft:stick":32,"minecraft:iron_ingot":43,"minecraft:iron_pickaxe":1,"minecraft:stone_pickaxe":2,"minecraft:chest":1,"minecraft:gold_ingot":1,"minecraft:white_bed":1,"minecraft:torch":76},"minecraft:custom":{"minecraft:interact_with_furnace":90,"minecraft:mob_kills":46,"minecraft:interact_with_crafting_table":21,"minecraft:leave_game":4,"minecraft:time_since_death":2351,"minecraft:sleep_in_bed":4,"minecraft:climb_one_cm":612,"minecraft:time_since_rest":1,"minecraft:sprint_one_cm":264218,"minecraft:damage_taken":2267,"minecraft:walk_one_cm":189311,"minecraft:damage_blocked_by_shield":1335,"minecraft:drop":18,"minecraft:damage_dealt":5718,"minecraft:swim_one_cm":62418,"minecraft:fly_one_cm":240342,"minecraft:play_time":85202,"minecraft:crouch_one_cm":2399,"minecraft:sneak_time":749,"tombstone:undead_killed":10,"minecraft:deaths":3,"minecraft:walk_under_water_one_cm":2273,"minecraft:jump":1264,"minecraft:walk_on_water_one_cm":9682,"minecraft:total_world_time":85202,"minecraft:fall_one_cm":23953},"minecraft:killed_by":{"minecraft:wolf":1,"minecraft:skeleton":1},"minecraft:dropped":{"minecraft:wheat_seeds":5,"minecraft:rotten_flesh":8,"minecraft:spider_eye":1,"minecraft:bone":4},"minecraft:used":{"minecraft:cooked_mutton":10,"minecraft:diorite":1,"minecraft:stone_pickaxe":263,"minecraft:wooden_pickaxe":3,"minecraft:shield":25,"minecraft:iron_sword":89,"minecraft:torch":51,"minecraft:dirt":8,"minecraft:mutton":3,"minecraft:crafting_table":8,"minecraft:white_bed":4,"minecraft:granite":4,"minecraft:iron_axe":1,"minecraft:iron_pickaxe":119,"minecraft:stone_axe":64,"minecraft:cobblestone":76,"travelersbackpack:standard":7,"minecraft:furnace":8,"minecraft:andesite":9,"tombstone:gift":2,"minecraft:cooked_beef":9,"minecraft:cobbled_deepslate":44}},"DataVersion":3120}