{"stats":{"minecraft:killed":{"minecraft:spider":5,"minecraft:horse":2,"minecraft:skeleton":6,"minecraft:pig":5,"minecraft:sheep":23,"minecraft:zombie":18,"minecraft:cow":17},"minecraft:broken":{"minecraft:stone_pickaxe":2,"minecraft:iron_pickaxe":2},"minecraft:picked_up":{"minecraft:crafting_table":10,"minecraft:nether_wart":2,"minecraft:chicken":1,"minecraft:anvil":2,"minecraft:clay_ball":4,"minecraft:lead":3,"minecraft:wooden_pickaxe":1,"minecraft:potion":1,"minecraft:golden_sword":1,"minecraft:string":56,"minecraft:raw_copper":16,"minecraft:item_frame":1,"minecraft:glass_pane":15,"minecraft:diamond_leggings":1,"minecraft:gold_nugget":3,"minecraft:cobbled_deepslate":53,"minecraft:beef":37,"minecraft:ender_eye":3,"minecraft:egg":1,"minecraft:furnace":8,"minecraft:stick":2,"minecraft:raw_iron":95,"minecraft:oak_door":1,"minecraft:torch":17,"minecraft:porkchop":13,"tombstone:grave_dust":1,"minecraft:diorite":36,"minecraft:redstone":13,"minecraft:golden_chestplate":1,"minecraft:rabbit_foot":1,"minecraft:arrow":14,"minecraft:rotten_flesh":21,"minecraft:shears":1,"minecraft:saddle":1,"minecraft:glistering_melon_slice":3,"minecraft:gold_ingot":19,"minecraft:blaze_rod":1,"minecraft:mutton":39,"minecraft:iron_bars":2,"minecraft:blaze_powder":3,"minecraft:white_wool":19,"minecraft:cobblestone":327,"minecraft:clock":1,"minecraft:magma_cream":3,"minecraft:andesite":147,"minecraft:leather":19,"minecraft:birch_planks":2,"minecraft:tuff":2,"minecraft:oak_log":26,"lucky:lucky_block":1,"minecraft:gunpowder":1,"minecraft:dirt":164,"lucky:lucky_bow":1,"minecraft:cooked_mutton":4,"minecraft:glass":19,"minecraft:bone":13,"minecraft:wheat_seeds":5,"minecraft:raw_gold":14,"minecraft:iron_ingot":12,"tombstone:bag_of_seeds":1,"travelersbackpack:blank_upgrade":3,"minecraft:ghast_tear":2,"minecraft:sand":86,"securitycraft:portable_radar":1,"minecraft:white_bed":5,"minecraft:fermented_spider_eye":1,"minecraft:spider_eye":5,"travelersbackpack:standard":3,"minecraft:polished_andesite":2,"minecraft:diamond":10,"minecraft:polished_granite_slab":13,"minecraft:iron_helmet":1,"minecraft:granite":184,"minecraft:gray_wool":2,"minecraft:black_wool":2,"minecraft:coal":271,"minecraft:ender_pearl":2},"minecraft:mined":{"minecraft:polished_granite_slab":7,"minecraft:tuff":1,"minecraft:white_bed":5,"minecraft:deepslate_diamond_ore":9,"minecraft:oak_door":1,"minecraft:granite":185,"minecraft:grass_block":8,"minecraft:redstone_ore":2,"minecraft:furnace":8,"minecraft:iron_ore":80,"minecraft:cobbled_deepslate":2,"minecraft:andesite":147,"minecraft:azure_bluet":1,"minecraft:deepslate_iron_ore":15,"minecraft:iron_bars":2,"lucky:lucky_block":6,"minecraft:stone":322,"minecraft:deepslate_redstone_ore":1,"minecraft:powder_snow":4,"travelersbackpack:standard":1,"minecraft:crafting_table":10,"minecraft:clay":1,"minecraft:torch":6,"minecraft:cobblestone":3,"minecraft:tall_grass":2,"minecraft:copper_ore":6,"minecraft:deepslate_gold_ore":11,"minecraft:diorite":36,"minecraft:wall_torch":4,"minecraft:coal_ore":102,"minecraft:grass":38,"minecraft:oak_log":28,"minecraft:sand":46,"minecraft:dirt":158,"minecraft:polished_andesite":2,"minecraft:gold_ore":2,"minecraft:oak_leaves":2,"minecraft:deepslate":51,"minecraft:fern":3},"minecraft:crafted":{"minecraft:oak_door":3,"minecraft:oak_planks":104,"minecraft:polished_granite_slab":26,"travelersbackpack:crafting_upgrade":1,"minecraft:furnace":3,"minecraft:stone":8,"travelersbackpack:blank_upgrade":4,"travelersbackpack:gold_tier_upgrade":1,"minecraft:cooked_mutton":29,"minecraft:glass":32,"travelersbackpack:white_sleeping_bag":1,"minecraft:iron_axe":1,"minecraft:stone_pickaxe":2,"minecraft:chest":6,"minecraft:cooked_beef":26,"minecraft:item_frame":1,"travelersbackpack:iron_tier_upgrade":1,"minecraft:crafting_table":3,"travelersbackpack:backpack_tank":4,"minecraft:wooden_pickaxe":1,"travelersbackpack:standard":4,"minecraft:iron_sword":1,"minecraft:smithing_table":1,"minecraft:stone_axe":1,"minecraft:air":0,"minecraft:shield":1,"minecraft:stick":48,"minecraft:iron_ingot":84,"minecraft:iron_pickaxe":3,"minecraft:stonecutter":1,"minecraft:iron_shovel":1,"minecraft:gold_ingot":1,"minecraft:white_bed":1,"minecraft:torch":76},"minecraft:custom":{"minecraft:interact_with_smithing_table":8,"minecraft:mob_kills":74,"minecraft:interact_with_anvil":4,"minecraft:interact_with_crafting_table":54,"minecraft:leave_game":6,"minecraft:time_since_death":74972,"minecraft:climb_one_cm":1172,"minecraft:sprint_one_cm":553419,"minecraft:walk_one_cm":472400,"minecraft:damage_blocked_by_shield":2545,"minecraft:drop":51,"minecraft:play_time":195335,"minecraft:deaths":5,"minecraft:sneak_time":2235,"minecraft:walk_under_water_one_cm":24815,"minecraft:jump":2307,"minecraft:walk_on_water_one_cm":39349,"minecraft:total_world_time":195335,"minecraft:interact_with_furnace":133,"minecraft:interact_with_stonecutter":10,"minecraft:sleep_in_bed":21,"minecraft:time_since_rest":27607,"minecraft:damage_taken":3978,"minecraft:damage_dealt":9689,"minecraft:swim_one_cm":163153,"minecraft:fly_one_cm":466530,"minecraft:open_chest":60,"minecraft:crouch_one_cm":8147,"tombstone:undead_killed":24,"minecraft:fall_one_cm":48227,"minecraft:horse_one_cm":311591},"minecraft:killed_by":{"minecraft:player":1,"minecraft:wolf":1,"minecraft:skeleton":1,"minecraft:zombie":1},"minecraft:dropped":{"minecraft:iron_ingot":16,"minecraft:wheat_seeds":5,"minecraft:diamond":2,"minecraft:leather":5,"travelersbackpack:standard":1,"travelersbackpack:blank_upgrade":1,"minecraft:sand":28,"minecraft:gold_ingot":1,"minecraft:bone":4,"minecraft:anvil":1,"minecraft:rotten_flesh":8,"travelersbackpack:gold_tier_upgrade":1,"minecraft:chest":1,"minecraft:spider_eye":1,"minecraft:glass":21},"minecraft:used":{"minecraft:iron_shovel":145,"minecraft:chest":3,"minecraft:shield":49,"minecraft:iron_sword":162,"minecraft:oak_door":3,"minecraft:torch":104,"minecraft:dirt":12,"minecraft:anvil":1,"minecraft:mutton":3,"minecraft:polished_granite_slab":211,"minecraft:granite":5,"lucky:lucky_block":1,"minecraft:iron_axe":26,"minecraft:item_frame":2,"minecraft:furnace":11,"tombstone:gift":2,"minecraft:cooked_beef":16,"minecraft:cobbled_deepslate":46,"minecraft:cooked_mutton":22,"minecraft:diorite":2,"minecraft:polished_andesite":115,"minecraft:stone_pickaxe":263,"minecraft:wooden_pickaxe":3,"minecraft:stonecutter":1,"minecraft:crafting_table":12,"minecraft:white_bed":6,"tombstone:bag_of_seeds":2,"minecraft:iron_pickaxe":737,"minecraft:polished_granite":2,"minecraft:stone_axe":65,"minecraft:cobblestone":77,"travelersbackpack:standard":8,"minecraft:smithing_table":1,"minecraft:andesite":10}},"DataVersion":3120}