{"stats":{"minecraft:killed":{"minecraft:spider":3,"minecraft:horse":2,"minecraft:skeleton":4,"minecraft:sheep":21,"minecraft:zombie":11,"minecraft:cow":9},"minecraft:broken":{"minecraft:stone_pickaxe":2,"minecraft:iron_pickaxe":2},"minecraft:picked_up":{"minecraft:crafting_table":9,"minecraft:chicken":1,"minecraft:anvil":2,"minecraft:clay_ball":4,"minecraft:wooden_pickaxe":1,"minecraft:potion":1,"minecraft:golden_sword":1,"minecraft:string":55,"minecraft:raw_copper":16,"minecraft:item_frame":1,"minecraft:glass_pane":15,"minecraft:cobbled_deepslate":44,"minecraft:beef":23,"minecraft:egg":1,"minecraft:furnace":8,"minecraft:stick":2,"minecraft:raw_iron":84,"minecraft:oak_door":1,"minecraft:torch":17,"tombstone:grave_dust":1,"minecraft:diorite":36,"minecraft:redstone":13,"minecraft:golden_chestplate":1,"minecraft:arrow":12,"minecraft:rotten_flesh":12,"minecraft:shears":1,"minecraft:gold_ingot":19,"minecraft:mutton":35,"minecraft:iron_bars":2,"minecraft:white_wool":18,"minecraft:cobblestone":320,"minecraft:clock":1,"minecraft:andesite":147,"minecraft:leather":8,"minecraft:birch_planks":2,"minecraft:oak_log":24,"lucky:lucky_block":1,"minecraft:gunpowder":1,"minecraft:dirt":153,"lucky:lucky_bow":1,"minecraft:cooked_mutton":4,"minecraft:glass":13,"minecraft:bone":8,"minecraft:wheat_seeds":5,"minecraft:raw_gold":7,"travelersbackpack:blank_upgrade":1,"minecraft:sand":85,"securitycraft:portable_radar":1,"minecraft:white_bed":5,"minecraft:spider_eye":1,"travelersbackpack:standard":2,"minecraft:polished_andesite":2,"minecraft:diamond":4,"minecraft:polished_granite_slab":13,"minecraft:iron_helmet":1,"minecraft:granite":184,"minecraft:gray_wool":1,"minecraft:black_wool":2,"minecraft:coal":271},"minecraft:mined":{"minecraft:polished_granite_slab":7,"minecraft:white_bed":5,"minecraft:deepslate_diamond_ore":4,"minecraft:oak_door":1,"minecraft:granite":185,"minecraft:grass_block":6,"minecraft:redstone_ore":2,"minecraft:furnace":8,"minecraft:iron_ore":80,"minecraft:cobbled_deepslate":2,"minecraft:andesite":147,"minecraft:azure_bluet":1,"minecraft:deepslate_iron_ore":4,"minecraft:iron_bars":2,"lucky:lucky_block":4,"minecraft:stone":315,"minecraft:deepslate_redstone_ore":1,"travelersbackpack:standard":1,"minecraft:crafting_table":9,"minecraft:clay":1,"minecraft:torch":6,"minecraft:cobblestone":3,"minecraft:tall_grass":1,"minecraft:copper_ore":6,"minecraft:deepslate_gold_ore":4,"minecraft:diorite":36,"minecraft:wall_torch":4,"minecraft:coal_ore":102,"minecraft:grass":32,"minecraft:oak_log":26,"minecraft:sand":45,"minecraft:dirt":149,"minecraft:polished_andesite":2,"minecraft:gold_ore":2,"minecraft:oak_leaves":2,"minecraft:deepslate":42,"minecraft:fern":3},"minecraft:crafted":{"minecraft:oak_door":3,"minecraft:oak_planks":96,"minecraft:polished_granite_slab":26,"minecraft:furnace":3,"minecraft:stone":8,"minecraft:cooked_mutton":14,"minecraft:glass":32,"travelersbackpack:white_sleeping_bag":1,"minecraft:iron_axe":1,"minecraft:stone_pickaxe":2,"minecraft:chest":3,"minecraft:cooked_beef":23,"minecraft:item_frame":1,"travelersbackpack:iron_tier_upgrade":1,"minecraft:crafting_table":1,"travelersbackpack:backpack_tank":2,"minecraft:wooden_pickaxe":1,"travelersbackpack:standard":2,"minecraft:iron_sword":1,"minecraft:smithing_table":1,"minecraft:stone_axe":1,"minecraft:air":0,"minecraft:shield":1,"minecraft:stick":48,"minecraft:iron_ingot":84,"minecraft:iron_pickaxe":3,"minecraft:stonecutter":1,"minecraft:iron_shovel":1,"minecraft:gold_ingot":1,"minecraft:white_bed":1,"minecraft:torch":76},"minecraft:custom":{"minecraft:interact_with_smithing_table":2,"minecraft:mob_kills":48,"minecraft:interact_with_anvil":3,"minecraft:interact_with_crafting_table":42,"minecraft:leave_game":5,"minecraft:time_since_death":24673,"minecraft:climb_one_cm":1112,"minecraft:sprint_one_cm":374311,"minecraft:walk_one_cm":356479,"minecraft:damage_blocked_by_shield":1990,"minecraft:drop":22,"minecraft:play_time":145036,"minecraft:deaths":5,"minecraft:sneak_time":1727,"minecraft:walk_under_water_one_cm":7216,"minecraft:jump":1619,"minecraft:walk_on_water_one_cm":32689,"minecraft:total_world_time":145036,"minecraft:interact_with_furnace":123,"minecraft:interact_with_stonecutter":10,"minecraft:sleep_in_bed":19,"minecraft:time_since_rest":8511,"minecraft:damage_taken":3182,"minecraft:damage_dealt":6360,"minecraft:swim_one_cm":126916,"minecraft:fly_one_cm":337249,"minecraft:open_chest":38,"minecraft:crouch_one_cm":6944,"tombstone:undead_killed":15,"minecraft:fall_one_cm":32107,"minecraft:horse_one_cm":1142},"minecraft:killed_by":{"minecraft:player":1,"minecraft:wolf":1,"minecraft:skeleton":1,"minecraft:zombie":1},"minecraft:dropped":{"minecraft:wheat_seeds":5,"minecraft:sand":28,"minecraft:bone":4,"minecraft:anvil":1,"minecraft:rotten_flesh":8,"minecraft:spider_eye":1,"minecraft:glass":20},"minecraft:used":{"minecraft:iron_shovel":129,"minecraft:chest":2,"minecraft:shield":41,"minecraft:iron_sword":106,"minecraft:oak_door":3,"minecraft:torch":70,"minecraft:dirt":10,"minecraft:anvil":1,"minecraft:mutton":3,"minecraft:polished_granite_slab":211,"minecraft:granite":5,"lucky:lucky_block":1,"minecraft:iron_axe":2,"minecraft:item_frame":2,"minecraft:furnace":11,"tombstone:gift":2,"minecraft:cooked_beef":10,"minecraft:cobbled_deepslate":44,"minecraft:cooked_mutton":14,"minecraft:diorite":2,"minecraft:polished_andesite":115,"minecraft:stone_pickaxe":263,"minecraft:wooden_pickaxe":3,"minecraft:stonecutter":1,"minecraft:crafting_table":10,"minecraft:white_bed":6,"minecraft:iron_pickaxe":695,"minecraft:polished_granite":2,"minecraft:stone_axe":65,"minecraft:cobblestone":77,"travelersbackpack:standard":7,"minecraft:smithing_table":1,"minecraft:andesite":10}},"DataVersion":3120}