{"stats":{"minecraft:killed":{"minecraft:spider":1,"minecraft:sheep":6,"minecraft:skeleton":2,"minecraft:zombie":2,"minecraft:cow":3},"minecraft:picked_up":{"minecraft:crafting_table":5,"minecraft:andesite":9,"minecraft:leather":3,"minecraft:oak_log":24,"minecraft:golden_sword":1,"minecraft:string":2,"minecraft:dirt":8,"minecraft:bone":4,"minecraft:wheat_seeds":1,"minecraft:cobbled_deepslate":44,"minecraft:raw_gold":6,"minecraft:beef":9,"minecraft:furnace":3,"minecraft:raw_iron":84,"minecraft:torch":4,"minecraft:sand":16,"minecraft:diorite":1,"minecraft:white_bed":3,"minecraft:redstone":13,"minecraft:golden_chestplate":1,"minecraft:arrow":4,"minecraft:rotten_flesh":1,"minecraft:diamond":4,"minecraft:granite":4,"minecraft:mutton":7,"minecraft:coal":112,"minecraft:white_wool":6,"minecraft:cobblestone":123},"minecraft:mined":{"minecraft:deepslate_redstone_ore":1,"minecraft:white_bed":3,"minecraft:deepslate_diamond_ore":4,"minecraft:crafting_table":5,"minecraft:torch":1,"minecraft:granite":4,"minecraft:grass_block":6,"minecraft:cobblestone":3,"minecraft:deepslate_gold_ore":4,"minecraft:diorite":1,"minecraft:wall_torch":2,"minecraft:redstone_ore":2,"minecraft:furnace":3,"minecraft:iron_ore":80,"minecraft:cobbled_deepslate":2,"minecraft:andesite":9,"minecraft:grass":12,"minecraft:oak_log":26,"minecraft:coal_ore":94,"minecraft:deepslate_iron_ore":4,"minecraft:sand":16,"minecraft:dirt":2,"minecraft:stone":120,"minecraft:gold_ore":2,"minecraft:deepslate":42},"minecraft:broken":{"minecraft:stone_pickaxe":2},"minecraft:crafted":{"minecraft:cooked_beef":9,"minecraft:oak_planks":56,"minecraft:crafting_table":1,"travelersbackpack:backpack_tank":2,"minecraft:wooden_pickaxe":1,"minecraft:iron_sword":1,"minecraft:furnace":2,"minecraft:stone_axe":1,"minecraft:cooked_mutton":5,"minecraft:air":0,"minecraft:glass":16,"travelersbackpack:white_sleeping_bag":1,"minecraft:shield":1,"minecraft:iron_axe":1,"minecraft:stick":32,"minecraft:iron_ingot":43,"minecraft:iron_pickaxe":1,"minecraft:stone_pickaxe":2,"minecraft:white_bed":1,"minecraft:torch":76},"minecraft:custom":{"minecraft:interact_with_furnace":63,"minecraft:mob_kills":14,"minecraft:interact_with_crafting_table":14,"minecraft:time_since_death":1033,"minecraft:sleep_in_bed":3,"minecraft:time_since_rest":658,"minecraft:sprint_one_cm":63732,"minecraft:damage_taken":965,"minecraft:walk_one_cm":116862,"minecraft:damage_blocked_by_shield":1005,"minecraft:drop":1,"minecraft:damage_dealt":1692,"minecraft:swim_one_cm":6174,"minecraft:fly_one_cm":68436,"minecraft:crouch_one_cm":2082,"minecraft:deaths":1,"minecraft:play_time":51427,"tombstone:undead_killed":4,"minecraft:sneak_time":628,"minecraft:walk_under_water_one_cm":489,"minecraft:jump":645,"minecraft:walk_on_water_one_cm":2368,"minecraft:total_world_time":51427,"minecraft:fall_one_cm":11615},"minecraft:killed_by":{"minecraft:wolf":1},"minecraft:dropped":{"minecraft:wheat_seeds":1},"minecraft:used":{"minecraft:cooked_mutton":5,"minecraft:diorite":1,"minecraft:stone_pickaxe":263,"minecraft:wooden_pickaxe":3,"minecraft:shield":18,"minecraft:iron_sword":15,"minecraft:torch":51,"minecraft:dirt":8,"minecraft:crafting_table":6,"minecraft:white_bed":3,"minecraft:granite":4,"minecraft:iron_pickaxe":111,"minecraft:stone_axe":31,"minecraft:cobblestone":76,"minecraft:furnace":5,"minecraft:andesite":9,"minecraft:cooked_beef":4,"minecraft:cobbled_deepslate":44}},"DataVersion":3120}