{"stats":{"minecraft:broken":{"minecraft:stone_pickaxe":2,"minecraft:shield":1,"minecraft:iron_sword":1,"minecraft:iron_pickaxe":8,"minecraft:iron_helmet":1,"securitycraft:universal_block_reinforcer_lvl1":1},"minecraft:killed_by":{"minecraft:player":1,"minecraft:wolf":1,"minecraft:skeleton":1,"minecraft:guardian":1,"minecraft:zombie":1},"minecraft:picked_up":{"minecraft:crafting_table":11,"minecraft:chicken":1,"minecraft:clay_ball":4,"securitycraft:reinforced_granite":16,"minecraft:nether_wart":2,"minecraft:anvil":3,"minecraft:smithing_table":1,"minecraft:lead":3,"minecraft:wooden_pickaxe":2,"securitycraft:reinforced_glass_pane":1,"minecraft:potion":1,"minecraft:golden_sword":1,"minecraft:string":93,"minecraft:raw_copper":16,"minecraft:wooden_sword":1,"minecraft:item_frame":1,"minecraft:glass_pane":15,"minecraft:diamond_leggings":1,"minecraft:gold_nugget":3,"minecraft:cobbled_deepslate":777,"minecraft:beef":38,"minecraft:ender_eye":3,"minecraft:iron_pickaxe":1,"minecraft:birch_sapling":4,"securitycraft:reinforced_redstone_block":1,"minecraft:furnace":10,"minecraft:egg":3,"minecraft:raw_iron":161,"minecraft:dark_oak_sapling":2,"minecraft:stick":7,"minecraft:oak_door":4,"minecraft:oak_fence":2,"minecraft:torch":29,"securitycraft:reinforced_diorite":16,"minecraft:porkchop":16,"tombstone:grave_dust":11,"minecraft:diorite":55,"minecraft:redstone":134,"minecraft:golden_chestplate":1,"minecraft:rabbit_foot":1,"minecraft:green_banner":1,"minecraft:arrow":17,"minecraft:rotten_flesh":46,"minecraft:shears":1,"minecraft:gold_ingot":19,"minecraft:saddle":1,"minecraft:glistering_melon_slice":3,"minecraft:blaze_rod":1,"minecraft:rail":3,"minecraft:mutton":39,"minecraft:iron_bars":2,"minecraft:white_wool":19,"minecraft:blaze_powder":3,"minecraft:cobblestone":547,"minecraft:birch_log":7,"minecraft:clock":1,"minecraft:magma_cream":3,"minecraft:andesite":165,"minecraft:leather":21,"minecraft:birch_planks":2,"minecraft:flint":7,"minecraft:tuff":49,"minecraft:oak_log":45,"securitycraft:reinforced_glass":1,"lucky:lucky_block":1,"minecraft:gunpowder":1,"minecraft:lapis_lazuli":74,"minecraft:dirt":208,"lucky:lucky_bow":1,"minecraft:white_banner":1,"securitycraft:scanner_door_item":1,"minecraft:cooked_mutton":4,"minecraft:glass":19,"minecraft:bone":16,"minecraft:apple":1,"minecraft:orange_tulip":1,"minecraft:wheat_seeds":5,"minecraft:raw_gold":14,"minecraft:iron_ingot":24,"tombstone:bag_of_seeds":1,"minecraft:oak_planks":15,"travelersbackpack:blank_upgrade":3,"minecraft:ghast_tear":2,"minecraft:smooth_basalt":4,"minecraft:cooked_porkchop":3,"minecraft:gravel":83,"minecraft:sand":86,"minecraft:amethyst_shard":16,"securitycraft:portable_radar":1,"minecraft:white_bed":5,"minecraft:fermented_spider_eye":1,"minecraft:dark_oak_log":7,"minecraft:spider_eye":7,"minecraft:bundle":3,"travelersbackpack:standard":7,"minecraft:polished_andesite":5,"minecraft:diamond":123,"minecraft:polished_granite_slab":13,"minecraft:iron_helmet":1,"minecraft:granite":220,"minecraft:gray_wool":2,"minecraft:black_wool":2,"minecraft:dark_oak_fence":2,"minecraft:coal":349,"minecraft:ender_pearl":2},"minecraft:dropped":{"minecraft:iron_ingot":16,"minecraft:iron_sword":1,"minecraft:wheat_seeds":5,"minecraft:diamond":2,"lucky:lucky_block":1,"minecraft:orange_tulip":1,"minecraft:leather":5,"minecraft:copper_ingot":2,"travelersbackpack:standard":1,"travelersbackpack:blank_upgrade":1,"minecraft:amethyst_shard":1,"minecraft:sand":28,"minecraft:iron_axe":1,"minecraft:iron_pickaxe":1,"minecraft:bone":4,"minecraft:gold_ingot":1,"minecraft:anvil":1,"minecraft:cobbled_deepslate":1,"minecraft:rotten_flesh":8,"travelersbackpack:gold_tier_upgrade":1,"minecraft:chest":1,"minecraft:spider_eye":1,"minecraft:glass":21},"minecraft:mined":{"minecraft:polished_granite_slab":7,"minecraft:diamond_ore":4,"minecraft:tuff":49,"minecraft:white_bed":5,"minecraft:deepslate_diamond_ore":118,"minecraft:oak_door":4,"minecraft:granite":235,"minecraft:grass_block":12,"minecraft:redstone_ore":6,"minecraft:furnace":10,"minecraft:iron_ore":129,"minecraft:cobbled_deepslate":2,"minecraft:andesite":158,"treechop:chopped_log":2,"minecraft:anvil":1,"minecraft:deepslate_lapis_ore":4,"minecraft:azure_bluet":1,"minecraft:deepslate_iron_ore":28,"minecraft:iron_bars":2,"lucky:lucky_block":7,"minecraft:stone":534,"minecraft:smithing_table":1,"minecraft:deepslate_redstone_ore":24,"minecraft:amethyst_cluster":4,"minecraft:powder_snow":4,"travelersbackpack:standard":4,"minecraft:clay":1,"minecraft:oak_fence":2,"minecraft:crafting_table":11,"minecraft:torch":14,"minecraft:copper_ore":6,"minecraft:tall_grass":2,"minecraft:cobblestone":3,"minecraft:deepslate_coal_ore":8,"minecraft:deepslate_gold_ore":11,"minecraft:lapis_ore":8,"minecraft:oak_planks":15,"minecraft:diorite":49,"minecraft:wall_torch":8,"minecraft:orange_tulip":1,"minecraft:grass":41,"minecraft:coal_ore":164,"minecraft:oak_log":42,"minecraft:gravel":87,"minecraft:sand":46,"minecraft:dirt":167,"minecraft:cobweb":35,"minecraft:smooth_basalt":4,"minecraft:polished_andesite":5,"minecraft:gold_ore":2,"minecraft:deepslate":773,"minecraft:oak_leaves":9,"minecraft:fern":3},"minecraft:used":{"minecraft:iron_shovel":236,"minecraft:chest":8,"minecraft:shield":74,"minecraft:iron_sword":265,"securitycraft:security_camera":1,"minecraft:oak_door":6,"minecraft:torch":173,"minecraft:spyglass":8,"minecraft:dirt":37,"minecraft:mutton":3,"minecraft:anvil":2,"securitycraft:keypad_item":2,"minecraft:polished_granite_slab":211,"minecraft:granite":23,"securitycraft:camera_monitor":2,"lucky:lucky_block":2,"minecraft:iron_axe":79,"minecraft:item_frame":2,"minecraft:furnace":13,"tombstone:gift":3,"minecraft:cooked_beef":16,"minecraft:cobbled_deepslate":48,"minecraft:cooked_mutton":33,"minecraft:water_bucket":3,"minecraft:diorite":18,"minecraft:stone_pickaxe":263,"minecraft:polished_andesite":123,"minecraft:wooden_pickaxe":3,"minecraft:stonecutter":1,"securitycraft:scanner_door_item":5,"minecraft:diamond_axe":12,"minecraft:crafting_table":13,"minecraft:white_bed":6,"securitycraft:universal_block_remover":33,"tombstone:bag_of_seeds":2,"minecraft:diamond_pickaxe":44,"minecraft:bread":5,"minecraft:iron_pickaxe":2058,"minecraft:polished_granite":2,"minecraft:stone_axe":65,"minecraft:diamond_sword":51,"minecraft:white_banner":1,"minecraft:cobblestone":105,"travelersbackpack:standard":13,"minecraft:smithing_table":2,"minecraft:dark_oak_fence":2,"minecraft:cooked_porkchop":7,"minecraft:andesite":11,"minecraft:bucket":15},"minecraft:crafted":{"minecraft:oak_door":3,"minecraft:oak_planks":180,"minecraft:polished_granite_slab":26,"travelersbackpack:crafting_upgrade":1,"minecraft:spyglass":1,"minecraft:furnace":3,"minecraft:stone_button":16,"minecraft:stone":24,"securitycraft:keypad_item":2,"securitycraft:retinal_scanner":4,"minecraft:heavy_weighted_pressure_plate":2,"securitycraft:scanner_door_item":4,"travelersbackpack:blank_upgrade":4,"travelersbackpack:gold_tier_upgrade":1,"minecraft:cooked_mutton":29,"securitycraft:laser_block":2,"minecraft:glass":32,"travelersbackpack:white_sleeping_bag":2,"minecraft:diamond_helmet":1,"minecraft:bow":1,"minecraft:polished_diorite":8,"minecraft:iron_axe":4,"securitycraft:universal_block_remover":1,"minecraft:stone_pickaxe":2,"minecraft:chest":11,"minecraft:diamond_boots":1,"minecraft:iron_door":6,"minecraft:redstone_block":3,"minecraft:dark_oak_planks":4,"minecraft:ender_eye":1,"lucky:lucky_block":2,"travelersbackpack:diamond_tier_upgrade":1,"minecraft:cooked_beef":38,"minecraft:dropper":2,"minecraft:item_frame":1,"travelersbackpack:iron_tier_upgrade":1,"minecraft:diamond_sword":1,"minecraft:cooked_porkchop":13,"minecraft:diamond_axe":1,"minecraft:crafting_table":3,"travelersbackpack:backpack_tank":4,"minecraft:wooden_pickaxe":1,"travelersbackpack:standard":4,"minecraft:iron_sword":4,"securitycraft:portable_tune_player":1,"minecraft:smithing_table":1,"minecraft:copper_ingot":16,"securitycraft:taser":1,"minecraft:bucket":1,"minecraft:stone_axe":1,"minecraft:air":0,"securitycraft:door_indestructible_iron_item":4,"minecraft:diamond_pickaxe":1,"minecraft:shield":2,"minecraft:stick":96,"securitycraft:security_camera":1,"minecraft:iron_ingot":147,"minecraft:iron_pickaxe":10,"securitycraft:camera_monitor":1,"minecraft:iron_shovel":1,"minecraft:gold_ingot":9,"minecraft:stonecutter":1,"minecraft:white_bed":2,"minecraft:note_block":1,"minecraft:torch":144,"minecraft:shears":1,"securitycraft:universal_block_reinforcer_lvl1":2,"minecraft:diamond_chestplate":1},"minecraft:killed":{"minecraft:cave_spider":1,"minecraft:spider":7,"minecraft:horse":2,"minecraft:skeleton":8,"minecraft:guardian":1,"minecraft:pig":6,"minecraft:sheep":23,"minecraft:pillager":3,"tinyskeletons:baby_skeleton":1,"minecraft:zombie":38,"minecraft:cow":18},"minecraft:custom":{"minecraft:interact_with_smithing_table":10,"minecraft:interact_with_anvil":4,"minecraft:mob_kills":106,"minecraft:interact_with_crafting_table":88,"minecraft:leave_game":12,"minecraft:time_since_death":84040,"minecraft:climb_one_cm":2356,"minecraft:sprint_one_cm":718050,"minecraft:damage_blocked_by_shield":3425,"minecraft:walk_one_cm":949075,"minecraft:drop":60,"minecraft:play_time":409200,"minecraft:sneak_time":2937,"minecraft:deaths":7,"minecraft:walk_under_water_one_cm":26790,"minecraft:jump":3153,"minecraft:walk_on_water_one_cm":47490,"minecraft:total_world_time":409200,"minecraft:interact_with_furnace":195,"tombstone:raider_killed":3,"minecraft:interact_with_stonecutter":10,"minecraft:sleep_in_bed":24,"minecraft:time_since_rest":12777,"minecraft:damage_taken":5945,"minecraft:damage_dealt":16723,"minecraft:swim_one_cm":218897,"minecraft:fly_one_cm":610093,"minecraft:crouch_one_cm":10662,"tombstone:undead_killed":47,"minecraft:open_chest":210,"minecraft:fall_one_cm":70890,"minecraft:horse_one_cm":314367}},"DataVersion":3120}