{"stats":{"minecraft:broken":{"minecraft:stone_pickaxe":2,"minecraft:shield":1,"minecraft:iron_sword":1,"minecraft:iron_pickaxe":8,"minecraft:iron_helmet":1},"minecraft:killed_by":{"minecraft:player":1,"minecraft:wolf":1,"minecraft:skeleton":1,"minecraft:guardian":1,"minecraft:zombie":1},"minecraft:picked_up":{"minecraft:crafting_table":10,"minecraft:clay_ball":4,"minecraft:chicken":1,"minecraft:nether_wart":2,"minecraft:anvil":2,"minecraft:lead":3,"minecraft:wooden_pickaxe":1,"minecraft:potion":1,"minecraft:golden_sword":1,"minecraft:string":93,"minecraft:raw_copper":16,"minecraft:wooden_sword":1,"minecraft:item_frame":1,"minecraft:glass_pane":15,"minecraft:diamond_leggings":1,"minecraft:gold_nugget":3,"minecraft:cobbled_deepslate":770,"minecraft:beef":38,"minecraft:ender_eye":3,"minecraft:iron_pickaxe":1,"minecraft:birch_sapling":4,"minecraft:furnace":8,"minecraft:egg":3,"minecraft:dark_oak_sapling":2,"minecraft:stick":7,"minecraft:raw_iron":145,"minecraft:oak_door":1,"minecraft:oak_fence":2,"minecraft:torch":27,"minecraft:porkchop":16,"tombstone:grave_dust":9,"minecraft:diorite":55,"minecraft:redstone":94,"minecraft:golden_chestplate":1,"minecraft:rabbit_foot":1,"minecraft:green_banner":1,"minecraft:arrow":16,"minecraft:rotten_flesh":46,"minecraft:shears":1,"minecraft:glistering_melon_slice":3,"minecraft:saddle":1,"minecraft:gold_ingot":19,"minecraft:blaze_rod":1,"minecraft:mutton":39,"minecraft:blaze_powder":3,"minecraft:iron_bars":2,"minecraft:white_wool":19,"minecraft:cobblestone":535,"minecraft:birch_log":7,"minecraft:clock":1,"minecraft:magma_cream":3,"minecraft:andesite":165,"minecraft:leather":21,"minecraft:birch_planks":2,"minecraft:flint":7,"minecraft:tuff":49,"minecraft:oak_log":40,"lucky:lucky_block":1,"minecraft:gunpowder":1,"minecraft:lapis_lazuli":74,"minecraft:dirt":208,"lucky:lucky_bow":1,"minecraft:cooked_mutton":4,"minecraft:glass":19,"minecraft:bone":15,"minecraft:apple":1,"minecraft:wheat_seeds":5,"minecraft:raw_gold":14,"minecraft:iron_ingot":14,"tombstone:bag_of_seeds":1,"minecraft:oak_planks":15,"travelersbackpack:blank_upgrade":3,"minecraft:ghast_tear":2,"minecraft:smooth_basalt":4,"minecraft:gravel":77,"minecraft:sand":86,"minecraft:amethyst_shard":16,"securitycraft:portable_radar":1,"minecraft:white_bed":5,"minecraft:fermented_spider_eye":1,"minecraft:dark_oak_log":7,"minecraft:spider_eye":6,"minecraft:polished_andesite":2,"minecraft:bundle":3,"travelersbackpack:standard":7,"minecraft:diamond":123,"minecraft:polished_granite_slab":13,"minecraft:iron_helmet":1,"minecraft:granite":218,"minecraft:gray_wool":2,"minecraft:black_wool":2,"minecraft:dark_oak_fence":2,"minecraft:coal":332,"minecraft:ender_pearl":2},"minecraft:dropped":{"minecraft:iron_ingot":16,"minecraft:iron_sword":1,"minecraft:wheat_seeds":5,"minecraft:diamond":2,"lucky:lucky_block":1,"minecraft:leather":5,"minecraft:copper_ingot":2,"travelersbackpack:standard":1,"travelersbackpack:blank_upgrade":1,"minecraft:amethyst_shard":1,"minecraft:sand":28,"minecraft:iron_axe":1,"minecraft:iron_pickaxe":1,"minecraft:gold_ingot":1,"minecraft:bone":4,"minecraft:anvil":1,"minecraft:rotten_flesh":8,"travelersbackpack:gold_tier_upgrade":1,"minecraft:chest":1,"minecraft:spider_eye":1,"minecraft:glass":21},"minecraft:mined":{"minecraft:polished_granite_slab":7,"minecraft:diamond_ore":4,"minecraft:tuff":49,"minecraft:white_bed":5,"minecraft:deepslate_diamond_ore":118,"minecraft:oak_door":1,"minecraft:granite":232,"minecraft:grass_block":12,"minecraft:redstone_ore":6,"minecraft:furnace":8,"minecraft:iron_ore":119,"minecraft:cobbled_deepslate":2,"minecraft:andesite":158,"treechop:chopped_log":1,"minecraft:deepslate_lapis_ore":4,"minecraft:azure_bluet":1,"minecraft:deepslate_iron_ore":26,"minecraft:iron_bars":2,"lucky:lucky_block":7,"minecraft:stone":522,"minecraft:deepslate_redstone_ore":15,"minecraft:amethyst_cluster":4,"minecraft:powder_snow":4,"travelersbackpack:standard":4,"minecraft:clay":1,"minecraft:oak_fence":2,"minecraft:crafting_table":10,"minecraft:torch":14,"minecraft:copper_ore":6,"minecraft:tall_grass":2,"minecraft:cobblestone":3,"minecraft:deepslate_coal_ore":3,"minecraft:deepslate_gold_ore":11,"minecraft:lapis_ore":8,"minecraft:oak_planks":15,"minecraft:diorite":49,"minecraft:wall_torch":6,"minecraft:grass":40,"minecraft:oak_log":42,"minecraft:coal_ore":160,"minecraft:gravel":83,"minecraft:sand":46,"minecraft:dirt":167,"minecraft:cobweb":35,"minecraft:smooth_basalt":4,"minecraft:polished_andesite":2,"minecraft:gold_ore":2,"minecraft:deepslate":769,"minecraft:oak_leaves":9,"minecraft:fern":3},"minecraft:used":{"minecraft:iron_shovel":232,"minecraft:chest":4,"minecraft:shield":59,"minecraft:iron_sword":244,"minecraft:oak_door":3,"minecraft:torch":156,"minecraft:spyglass":8,"minecraft:dirt":37,"minecraft:mutton":3,"minecraft:anvil":1,"minecraft:polished_granite_slab":211,"minecraft:granite":5,"lucky:lucky_block":2,"minecraft:iron_axe":69,"minecraft:item_frame":2,"minecraft:furnace":11,"tombstone:gift":3,"minecraft:cooked_beef":16,"minecraft:cobbled_deepslate":48,"minecraft:cooked_mutton":33,"minecraft:water_bucket":3,"minecraft:diorite":2,"minecraft:stone_pickaxe":263,"minecraft:polished_andesite":115,"minecraft:wooden_pickaxe":3,"minecraft:stonecutter":1,"minecraft:diamond_axe":12,"minecraft:crafting_table":12,"minecraft:white_bed":6,"tombstone:bag_of_seeds":2,"minecraft:diamond_pickaxe":44,"minecraft:bread":2,"minecraft:iron_pickaxe":2002,"minecraft:polished_granite":2,"minecraft:stone_axe":65,"minecraft:diamond_sword":51,"minecraft:cobblestone":94,"travelersbackpack:standard":13,"minecraft:smithing_table":1,"minecraft:dark_oak_fence":2,"minecraft:cooked_porkchop":7,"minecraft:andesite":11,"minecraft:bucket":15},"minecraft:crafted":{"minecraft:oak_door":3,"minecraft:oak_planks":160,"minecraft:polished_granite_slab":26,"travelersbackpack:crafting_upgrade":1,"minecraft:spyglass":1,"minecraft:furnace":3,"minecraft:stone":8,"travelersbackpack:blank_upgrade":4,"travelersbackpack:gold_tier_upgrade":1,"minecraft:cooked_mutton":29,"minecraft:glass":32,"travelersbackpack:white_sleeping_bag":2,"minecraft:diamond_helmet":1,"minecraft:iron_axe":4,"minecraft:stone_pickaxe":2,"minecraft:chest":7,"minecraft:diamond_boots":1,"lucky:lucky_block":2,"travelersbackpack:diamond_tier_upgrade":1,"minecraft:cooked_beef":37,"minecraft:dropper":2,"minecraft:item_frame":1,"travelersbackpack:iron_tier_upgrade":1,"minecraft:diamond_sword":1,"minecraft:cooked_porkchop":13,"minecraft:diamond_axe":1,"minecraft:crafting_table":3,"travelersbackpack:backpack_tank":4,"minecraft:wooden_pickaxe":1,"travelersbackpack:standard":4,"minecraft:iron_sword":4,"minecraft:smithing_table":1,"minecraft:copper_ingot":16,"minecraft:bucket":1,"minecraft:stone_axe":1,"minecraft:air":0,"minecraft:diamond_pickaxe":1,"minecraft:shield":2,"minecraft:stick":84,"minecraft:iron_ingot":143,"minecraft:iron_pickaxe":10,"minecraft:iron_shovel":1,"minecraft:gold_ingot":9,"minecraft:stonecutter":1,"minecraft:white_bed":2,"minecraft:torch":144,"minecraft:diamond_chestplate":1},"minecraft:killed":{"minecraft:cave_spider":1,"minecraft:spider":6,"minecraft:skeleton":7,"minecraft:horse":2,"minecraft:guardian":1,"minecraft:pig":6,"minecraft:sheep":23,"tinyskeletons:baby_skeleton":1,"minecraft:zombie":38,"minecraft:cow":18},"minecraft:custom":{"minecraft:interact_with_smithing_table":10,"minecraft:interact_with_anvil":4,"minecraft:mob_kills":101,"minecraft:interact_with_crafting_table":66,"minecraft:leave_game":11,"minecraft:time_since_death":6237,"minecraft:climb_one_cm":2276,"minecraft:sprint_one_cm":692633,"minecraft:damage_blocked_by_shield":2775,"minecraft:walk_one_cm":757919,"minecraft:drop":58,"minecraft:play_time":331397,"minecraft:deaths":7,"minecraft:sneak_time":2613,"minecraft:walk_under_water_one_cm":26274,"minecraft:jump":2986,"minecraft:walk_on_water_one_cm":42930,"minecraft:total_world_time":331397,"minecraft:interact_with_furnace":176,"minecraft:interact_with_stonecutter":10,"minecraft:sleep_in_bed":22,"minecraft:time_since_rest":5441,"minecraft:damage_taken":5875,"minecraft:damage_dealt":15730,"minecraft:swim_one_cm":198870,"minecraft:fly_one_cm":582695,"minecraft:crouch_one_cm":9562,"tombstone:undead_killed":46,"minecraft:open_chest":128,"minecraft:fall_one_cm":67681,"minecraft:horse_one_cm":311591}},"DataVersion":3120}