{"stats":{"minecraft:broken":{"minecraft:stone_hoe":1,"minecraft:stone_pickaxe":1,"minecraft:diamond_shovel":1},"minecraft:killed_by":{"minecraft:creeper":2,"minecraft:iron_golem":1,"minecraft:zombie":1},"minecraft:picked_up":{"minecraft:wheat":99,"minecraft:azure_bluet":26,"minecraft:chicken":3,"minecraft:ladder":3,"minecraft:anvil":1,"minecraft:lead":1,"minecraft:smithing_table":4,"minecraft:gold_block":2,"minecraft:potion":1,"minecraft:cornflower":4,"minecraft:string":132,"minecraft:raw_copper":81,"travelersbackpack:diamond":2,"minecraft:diamond_leggings":1,"minecraft:cobbled_deepslate":367,"minecraft:beef":2,"minecraft:oak_boat":1,"minecraft:poppy":5,"minecraft:iron_pickaxe":1,"minecraft:light_gray_wool":1,"minecraft:chest":1,"minecraft:birch_sapling":2,"minecraft:furnace":3,"minecraft:egg":13,"minecraft:raw_iron":167,"minecraft:stick":9,"minecraft:stone":7,"minecraft:composter":7,"minecraft:torch":15,"minecraft:porkchop":11,"tombstone:grave_dust":11,"minecraft:diorite":91,"minecraft:carrot":345,"minecraft:redstone":153,"minecraft:arrow":14,"minecraft:rotten_flesh":45,"minecraft:diamond_boots":3,"minecraft:hay_block":36,"minecraft:red_tulip":40,"minecraft:iron_block":4,"minecraft:gold_ingot":20,"minecraft:obsidian":5,"minecraft:mutton":4,"minecraft:white_wool":6,"minecraft:rail":46,"minecraft:cobblestone":589,"minecraft:birch_log":13,"minecraft:clock":1,"minecraft:feather":3,"minecraft:glow_ink_sac":3,"minecraft:andesite":11,"minecraft:black_bed":3,"minecraft:leather":24,"minecraft:beacon":2,"minecraft:potato":413,"minecraft:tuff":10,"minecraft:oak_log":143,"minecraft:gunpowder":4,"minecraft:lapis_lazuli":123,"minecraft:dirt":2207,"lucky:lucky_bow":1,"minecraft:glass":21,"minecraft:bone":24,"minecraft:orange_tulip":6,"minecraft:wheat_seeds":304,"minecraft:raw_gold":62,"minecraft:iron_ingot":52,"tombstone:bag_of_seeds":1,"minecraft:oak_planks":12,"minecraft:pumpkin":1,"minecraft:dandelion":16,"minecraft:poisonous_potato":1,"minecraft:gravel":2,"minecraft:sand":82,"minecraft:white_bed":7,"securitycraft:reinforced_iron_block":3,"minecraft:grass_block":1,"minecraft:loom":4,"minecraft:spider_eye":4,"travelersbackpack:white_sleeping_bag":1,"minecraft:bundle":1,"minecraft:diamond":24,"minecraft:lever":2,"minecraft:iron_helmet":1,"minecraft:granite":16,"minecraft:gray_wool":1,"minecraft:emerald":18,"tombstone:magic_scroll":1,"minecraft:oak_sapling":6,"minecraft:netherrack":5,"minecraft:coal":269},"minecraft:dropped":{"minecraft:iron_ingot":68,"minecraft:bread":164,"minecraft:iron_sword":2,"minecraft:wheat_seeds":5,"minecraft:baked_potato":15,"minecraft:diamond":22,"lucky:lucky_block":3,"minecraft:diamond_leggings":1,"minecraft:orange_tulip":3,"minecraft:iron_helmet":2,"minecraft:feather":1,"minecraft:leather":7,"minecraft:granite":2,"minecraft:dirt":92,"travelersbackpack:blank_upgrade":2,"minecraft:iron_leggings":1,"minecraft:iron_pickaxe":2,"minecraft:dandelion":8,"minecraft:lever":2,"minecraft:cooked_chicken":2,"minecraft:golden_chestplate":1,"minecraft:cobbled_deepslate":21,"minecraft:rotten_flesh":13,"minecraft:iron_boots":1,"minecraft:name_tag":1,"travelersbackpack:bat":2,"minecraft:azure_bluet":13,"minecraft:poppy":2,"minecraft:shield":2,"minecraft:iron_chestplate":1,"minecraft:diamond_pickaxe":1,"minecraft:golden_sword":1,"minecraft:diamond_boots":3,"minecraft:arrow":1,"minecraft:glass":6,"minecraft:red_tulip":20,"minecraft:egg":2},"minecraft:mined":{"minecraft:tuff":11,"minecraft:white_bed":7,"minecraft:deepslate_diamond_ore":3,"minecraft:obsidian":5,"minecraft:ladder":2,"minecraft:granite":14,"minecraft:grass_block":929,"travelersbackpack:white_sleeping_bag":1,"minecraft:composter":7,"minecraft:hay_block":28,"minecraft:furnace":3,"minecraft:carrots":80,"minecraft:iron_ore":65,"minecraft:cobbled_deepslate":89,"minecraft:andesite":11,"minecraft:pumpkin":1,"minecraft:deepslate_lapis_ore":6,"minecraft:gold_block":2,"minecraft:red_tulip":4,"minecraft:potatoes":115,"minecraft:deepslate_iron_ore":44,"minecraft:rail":46,"lucky:lucky_block":6,"minecraft:stone":398,"minecraft:iron_block":4,"minecraft:smithing_table":4,"minecraft:deepslate_redstone_ore":27,"minecraft:dandelion":4,"minecraft:torch":6,"minecraft:beacon":1,"minecraft:copper_ore":9,"minecraft:tall_grass":6,"minecraft:cobblestone":9,"minecraft:deepslate_gold_ore":39,"minecraft:lapis_ore":6,"minecraft:oak_planks":4,"minecraft:diorite":95,"minecraft:wall_torch":1,"minecraft:deepslate_copper_ore":1,"travelersbackpack:diamond":2,"minecraft:birch_log":14,"minecraft:wheat":99,"minecraft:orange_tulip":2,"minecraft:black_bed":3,"minecraft:grass":246,"minecraft:coal_ore":129,"minecraft:oak_log":154,"minecraft:gravel":2,"minecraft:loom":4,"minecraft:sand":56,"minecraft:dirt":762,"minecraft:cobweb":4,"minecraft:netherrack":5,"minecraft:gold_ore":1,"minecraft:deepslate":264,"minecraft:oak_leaves":23},"minecraft:crafted":{"minecraft:oak_planks":572,"minecraft:coal":18,"travelersbackpack:crafting_upgrade":2,"minecraft:cooked_chicken":2,"minecraft:furnace":5,"minecraft:stone_button":8,"minecraft:stone":15,"minecraft:diamond_shovel":1,"minecraft:bone_meal":426,"securitycraft:keypad_item":1,"travelersbackpack:diamond":4,"minecraft:heavy_weighted_pressure_plate":1,"travelersbackpack:bat":2,"travelersbackpack:blank_upgrade":8,"travelersbackpack:gold_tier_upgrade":1,"minecraft:cooked_mutton":4,"minecraft:glass_pane":16,"securitycraft:laser_block":1,"minecraft:glass":56,"travelersbackpack:white_sleeping_bag":1,"minecraft:diamond_helmet":1,"minecraft:diamond_leggings":1,"minecraft:iron_boots":1,"minecraft:ladder":15,"minecraft:stone_pickaxe":2,"minecraft:chest":11,"minecraft:diamond_boots":1,"minecraft:copper_block":7,"minecraft:redstone_block":1,"minecraft:stone_hoe":2,"minecraft:oak_fence":3,"lucky:lucky_block":5,"minecraft:wheat":324,"minecraft:cooked_beef":2,"securitycraft:portable_radar":2,"minecraft:coal_block":14,"minecraft:dropper":9,"minecraft:oak_slab":144,"travelersbackpack:iron_tier_upgrade":2,"minecraft:diamond_sword":1,"minecraft:cooked_porkchop":11,"minecraft:diamond_axe":1,"minecraft:crafting_table":9,"minecraft:baked_potato":48,"travelersbackpack:backpack_tank":6,"minecraft:iron_helmet":1,"minecraft:wooden_pickaxe":1,"travelersbackpack:standard":1,"minecraft:iron_sword":2,"minecraft:smithing_table":1,"minecraft:copper_ingot":81,"minecraft:bucket":1,"minecraft:birch_planks":52,"minecraft:bread":116,"minecraft:air":0,"minecraft:oak_boat":1,"minecraft:iron_chestplate":1,"minecraft:white_wool":20,"minecraft:diamond_pickaxe":2,"minecraft:shield":3,"minecraft:stick":80,"minecraft:iron_ingot":168,"minecraft:iron_pickaxe":2,"minecraft:wooden_axe":1,"minecraft:iron_block":3,"minecraft:iron_shovel":1,"minecraft:gold_ingot":80,"minecraft:iron_leggings":1,"minecraft:white_bed":7,"minecraft:redstone_torch":2,"minecraft:composter":20,"minecraft:torch":28,"minecraft:shears":1,"securitycraft:universal_block_reinforcer_lvl1":1,"minecraft:diamond_chestplate":1},"minecraft:used":{"minecraft:oak_fence":1,"minecraft:iron_shovel":142,"minecraft:ladder":10,"minecraft:chest":9,"minecraft:shield":14,"minecraft:iron_sword":21,"travelersbackpack:diamond":14,"minecraft:stone_hoe":257,"minecraft:torch":61,"minecraft:dirt":491,"minecraft:anvil":1,"securitycraft:keypad_item":1,"minecraft:carrot":142,"minecraft:wooden_axe":18,"minecraft:villager_spawn_egg":2,"lucky:lucky_block":2,"minecraft:iron_block":4,"minecraft:furnace":8,"minecraft:egg":5,"tombstone:gift":8,"minecraft:potato":168,"minecraft:cooked_beef":1,"minecraft:cobbled_deepslate":133,"minecraft:pumpkin":1,"minecraft:wheat_seeds":147,"minecraft:water_bucket":3,"minecraft:bundle":1,"minecraft:oak_planks":23,"minecraft:stone_pickaxe":181,"minecraft:wooden_pickaxe":24,"minecraft:composter":26,"minecraft:beacon":1,"minecraft:diamond_axe":258,"minecraft:rail":171,"minecraft:loom":4,"minecraft:crafting_table":7,"minecraft:white_bed":14,"minecraft:black_bed":4,"minecraft:cornflower":2,"minecraft:diamond_pickaxe":852,"minecraft:diamond_shovel":1587,"minecraft:bread":87,"minecraft:iron_pickaxe":256,"travelersbackpack:white_sleeping_bag":1,"minecraft:gravel":1,"minecraft:diamond_sword":572,"travelersbackpack:standard":9,"minecraft:cobblestone":66,"minecraft:smithing_table":5,"minecraft:bucket":11,"minecraft:oak_boat":2,"minecraft:bone_meal":331},"minecraft:killed":{"minecraft:witch":1,"minecraft:spider":8,"minecraft:horse":8,"minecraft:skeleton":12,"minecraft:chicken":2,"minecraft:drowned":1,"minecraft:skeleton_horse":2,"minecraft:pig":5,"minecraft:zombie_villager":2,"minecraft:iron_golem":2,"minecraft:bat":1,"minecraft:creeper":4,"minecraft:sheep":2,"minecraft:donkey":5,"minecraft:zombie":48,"minecraft:enderman":1,"minecraft:cow":1},"minecraft:custom":{"minecraft:interact_with_smithing_table":11,"minecraft:interact_with_anvil":3,"minecraft:mob_kills":120,"minecraft:interact_with_crafting_table":68,"minecraft:bell_ring":8,"minecraft:leave_game":6,"minecraft:time_since_death":112615,"minecraft:climb_one_cm":15781,"minecraft:sprint_one_cm":875976,"minecraft:walk_one_cm":899329,"minecraft:damage_blocked_by_shield":550,"minecraft:drop":157,"minecraft:talked_to_villager":39,"minecraft:play_time":369944,"minecraft:sneak_time":6422,"minecraft:deaths":4,"minecraft:walk_under_water_one_cm":14897,"minecraft:boat_one_cm":24989,"minecraft:jump":4570,"minecraft:walk_on_water_one_cm":38517,"minecraft:total_world_time":369944,"minecraft:interact_with_furnace":119,"tombstone:raider_killed":1,"minecraft:interact_with_loom":1,"minecraft:sleep_in_bed":30,"minecraft:time_since_rest":1994,"minecraft:damage_taken":4186,"minecraft:damage_dealt":21728,"minecraft:swim_one_cm":108606,"minecraft:fly_one_cm":952429,"minecraft:crouch_one_cm":24691,"minecraft:open_chest":219,"tombstone:undead_killed":65,"minecraft:fall_one_cm":91537,"minecraft:horse_one_cm":484}},"DataVersion":3120}