{"stats":{"minecraft:picked_up":{"minecraft:wooden_axe":1,"minecraft:wheat":127,"minecraft:anvil":1,"minecraft:smithing_table":5,"minecraft:lead":2,"minecraft:potion":1,"minecraft:golden_sword":2,"minecraft:string":177,"minecraft:raw_copper":81,"travelersbackpack:diamond":5,"minecraft:iron_leggings":2,"minecraft:pufferfish":2,"minecraft:beetroot":2,"minecraft:diamond_leggings":1,"minecraft:cobbled_deepslate":653,"minecraft:bucket":3,"farmersdelight:cabbage":3,"delightful:acorn":4,"minecraft:wooden_shovel":1,"minecraft:iron_pickaxe":1,"farmersdelight:cabbage_seeds":9,"minecraft:furnace":3,"minecraft:stick":26,"minecraft:composter":26,"minecraft:torch":34,"travelersbackpack:iron_tier_upgrade":1,"minecraft:porkchop":11,"minecraft:pointed_dripstone":6,"tombstone:grave_dust":22,"minecraft:diorite":107,"minecraft:golden_chestplate":18,"minecraft:black_dye":2,"stalwart_dungeons:soul_magma_bricks":12,"minecraft:rotten_flesh":160,"minecraft:tropical_fish":3,"minecraft:blue_dye":4,"minecraft:iron_block":5,"minecraft:red_tulip":40,"minecraft:blaze_rod":10,"minecraft:obsidian":12,"minecraft:cod":1,"minecraft:cobblestone":967,"minecraft:sponge":1,"minecraft:birch_log":25,"minecraft:feather":3,"minecraft:cooked_beef":1,"minecraft:andesite":17,"minecraft:black_bed":3,"minecraft:beacon":2,"minecraft:potato":775,"minecraft:flint":9,"minecraft:tuff":29,"minecraft:light_gray_dye":1,"minecraft:wither_skeleton_skull":1,"travelersbackpack:gold_tier_upgrade":1,"minecraft:lapis_lazuli":175,"farmersdelight:tomato":6,"minecraft:dirt":3206,"securitycraft:sentry":1,"minecraft:name_tag":1,"minecraft:leather_boots":8,"stalwart_dungeons:blaze_armor_scrap":6,"minecraft:glass":21,"minecraft:bone":62,"minecraft:bow":2,"minecraft:wheat_seeds":401,"minecraft:orange_tulip":6,"minecraft:raw_gold":111,"minecraft:light_blue_dye":3,"minecraft:oak_planks":41,"minecraft:poisonous_potato":1,"minecraft:sand":354,"minecraft:nether_brick_stairs":1,"minecraft:grass_block":276,"minecraft:loom":4,"minecraft:dark_oak_log":256,"travelersbackpack:white_sleeping_bag":1,"minecraft:bundle":5,"minecraft:diamond":34,"minecraft:lever":2,"minecraft:crossbow":1,"minecraft:granite":42,"minecraft:chainmail_helmet":4,"minecraft:emerald":20,"minecraft:bread":1,"minecraft:cyan_dye":2,"minecraft:jack_o_lantern":13,"minecraft:oak_sapling":6,"minecraft:netherrack":25,"minecraft:dark_oak_fence":8,"minecraft:oak_leaves":69,"minecraft:nether_star":1,"minecraft:diamond_pickaxe":1,"minecraft:fishing_rod":1,"minecraft:crafting_table":1,"minecraft:azure_bluet":26,"travelersbackpack:hay":2,"minecraft:splash_potion":1,"minecraft:chicken":3,"minecraft:ladder":3,"minecraft:rabbit_stew":13,"minecraft:leather_leggings":6,"minecraft:wooden_pickaxe":1,"minecraft:gold_block":2,"stalwart_dungeons:soul_bricks":12,"minecraft:chain":2,"minecraft:shield":8,"minecraft:cornflower":4,"minecraft:oak_trapdoor":2,"minecraft:iron_axe":1,"minecraft:wooden_sword":1,"minecraft:item_frame":3,"minecraft:iron_shovel":1,"minecraft:beef":2,"minecraft:oak_boat":1,"minecraft:poppy":7,"minecraft:light_gray_wool":1,"minecraft:chest":1,"minecraft:birch_sapling":8,"minecraft:egg":14,"minecraft:dark_oak_sapling":48,"minecraft:sandstone":6,"minecraft:raw_iron":242,"minecraft:orange_dye":2,"minecraft:stone":7,"minecraft:gray_dye":3,"minecraft:white_dye":2,"farmersdelight:tomato_seeds":4,"minecraft:carrot":531,"minecraft:redstone":291,"minecraft:brown_dye":1,"minecraft:stone_pressure_plate":1,"minecraft:dark_oak_planks":13,"minecraft:tnt":8,"minecraft:arrow":34,"minecraft:beetroot_seeds":9,"minecraft:diamond_boots":3,"minecraft:hay_block":36,"stalwart_dungeons:tungsten_axe":1,"minecraft:saddle":2,"minecraft:gold_ingot":22,"minecraft:mutton":10,"minecraft:rail":47,"minecraft:white_wool":10,"minecraft:purple_dye":2,"minecraft:clock":1,"minecraft:glow_ink_sac":3,"minecraft:salmon":6,"minecraft:cut_sandstone":14,"minecraft:leather":24,"minecraft:yellow_dye":4,"minecraft:birch_planks":31,"minecraft:oak_log":143,"minecraft:golden_boots":1,"minecraft:gunpowder":4,"farmersdelight:skillet":2,"minecraft:wooden_hoe":1,"lucky:lucky_bow":1,"minecraft:white_banner":2,"minecraft:cooked_mutton":3,"minecraft:smooth_sandstone":2,"minecraft:apple":3,"stalwart_dungeons:pusher":18,"minecraft:iron_ingot":83,"tombstone:bag_of_seeds":1,"minecraft:glass_bottle":2,"minecraft:iron_sword":2,"minecraft:dark_oak_stairs":25,"minecraft:green_dye":5,"minecraft:dark_oak_slab":5,"minecraft:pumpkin":17,"minecraft:dandelion":16,"minecraft:gravel":17,"minecraft:white_bed":14,"securitycraft:reinforced_iron_block":3,"minecraft:spider_eye":9,"minecraft:iron_helmet":1,"minecraft:diamond_axe":1,"minecraft:gray_wool":1,"minecraft:baked_potato":11,"tombstone:magic_scroll":1,"minecraft:melon_seeds":2,"minecraft:coal":292,"minecraft:pink_dye":3},"minecraft:crafted":{"minecraft:oak_planks":572,"travelersbackpack:crafting_upgrade":2,"minecraft:cooked_chicken":2,"minecraft:cobblestone_stairs":4,"minecraft:stone":15,"minecraft:diamond_shovel":3,"securitycraft:keypad_item":1,"travelersbackpack:diamond":4,"minecraft:heavy_weighted_pressure_plate":2,"travelersbackpack:bat":2,"minecraft:cooked_mutton":4,"securitycraft:laser_block":1,"minecraft:glass":324,"minecraft:hopper":5,"minecraft:diamond_helmet":1,"minecraft:diamond_leggings":1,"minecraft:iron_boots":1,"minecraft:chest":24,"minecraft:copper_block":7,"minecraft:stone_hoe":4,"minecraft:oak_fence":24,"minecraft:dropper":22,"minecraft:oak_slab":198,"travelersbackpack:iron_tier_upgrade":2,"minecraft:emerald":2,"minecraft:cooked_porkchop":11,"minecraft:diamond_axe":2,"minecraft:crafting_table":9,"travelersbackpack:standard":1,"minecraft:baked_potato":158,"minecraft:wooden_pickaxe":1,"minecraft:iron_helmet":1,"minecraft:smithing_table":1,"minecraft:copper_ingot":81,"minecraft:fletching_table":3,"minecraft:birch_planks":100,"minecraft:dispenser":1,"minecraft:dark_oak_slab":6,"minecraft:iron_chestplate":1,"minecraft:diamond_pickaxe":2,"minecraft:shield":3,"minecraft:stick":144,"minecraft:iron_ingot":252,"minecraft:iron_pickaxe":3,"minecraft:iron_block":3,"minecraft:gold_ingot":129,"minecraft:redstone_torch":3,"minecraft:composter":24,"minecraft:shears":2,"securitycraft:universal_block_reinforcer_lvl1":1,"minecraft:coal":126,"securitycraft:sentry":1,"minecraft:fishing_rod":1,"minecraft:furnace":7,"minecraft:stone_button":8,"minecraft:dark_oak_trapdoor":16,"minecraft:dark_oak_sign":6,"minecraft:bone_meal":468,"travelersbackpack:blank_upgrade":8,"travelersbackpack:gold_tier_upgrade":1,"minecraft:glass_pane":16,"minecraft:oak_trapdoor":20,"minecraft:diamond":90,"minecraft:dark_oak_fence":9,"travelersbackpack:white_sleeping_bag":1,"minecraft:ladder":15,"minecraft:stone_pickaxe":2,"minecraft:diamond_boots":1,"minecraft:redstone_block":17,"minecraft:dark_oak_planks":335,"lucky:lucky_block":18,"minecraft:wheat":324,"minecraft:cooked_beef":2,"minecraft:coal_block":14,"securitycraft:portable_radar":2,"minecraft:diamond_sword":1,"minecraft:iron_trapdoor":1,"minecraft:dark_oak_stairs":20,"travelersbackpack:backpack_tank":6,"minecraft:iron_sword":2,"minecraft:bucket":3,"minecraft:bread":116,"minecraft:air":0,"minecraft:oak_boat":1,"securitycraft:remote_access_sentry":1,"minecraft:white_wool":26,"minecraft:wooden_axe":1,"minecraft:iron_shovel":1,"minecraft:iron_leggings":1,"minecraft:white_bed":29,"minecraft:note_block":1,"minecraft:torch":68,"minecraft:diamond_chestplate":1},"minecraft:mined":{"minecraft:dark_oak_planks":12,"minecraft:white_bed":14,"minecraft:farmland":1,"minecraft:obsidian":12,"minecraft:granite":26,"minecraft:grass_block":1454,"minecraft:soul_soil":2,"minecraft:composter":26,"minecraft:iron_ore":67,"minecraft:cobbled_deepslate":113,"minecraft:pumpkin":1,"minecraft:deepslate_lapis_ore":10,"minecraft:nether_brick_stairs":1,"minecraft:dark_oak_stairs":13,"minecraft:red_tulip":4,"minecraft:pointed_dripstone":1,"stalwart_dungeons:soul_magma_bricks":14,"minecraft:smooth_sandstone_stairs":1,"minecraft:iron_block":5,"minecraft:deepslate_redstone_ore":51,"minecraft:cut_sandstone":8,"minecraft:melon_stem":4,"minecraft:torch":15,"minecraft:beacon":1,"farmersdelight:cabbages":3,"minecraft:glass":8,"minecraft:cobblestone":30,"minecraft:oak_planks":32,"minecraft:wall_torch":9,"minecraft:deepslate_copper_ore":2,"travelersbackpack:diamond":5,"minecraft:birch_sapling":1,"minecraft:chain":1,"minecraft:dark_oak_slab":5,"minecraft:birch_log":14,"minecraft:wheat":124,"minecraft:orange_tulip":2,"minecraft:black_bed":3,"minecraft:tnt":9,"minecraft:grass":399,"minecraft:oak_log":154,"minecraft:beetroots":5,"minecraft:dark_oak_sapling":2,"minecraft:loom":4,"minecraft:sand":329,"minecraft:dirt":1490,"stalwart_dungeons:pusher":25,"minecraft:netherrack":33,"minecraft:deepslate":407,"minecraft:oak_leaves":114,"minecraft:tuff":31,"minecraft:dark_oak_leaves":1,"stalwart_dungeons:soul_bricks":17,"minecraft:deepslate_diamond_ore":6,"minecraft:dark_oak_log":9,"minecraft:dark_oak_fence":8,"minecraft:ladder":2,"travelersbackpack:white_sleeping_bag":1,"farmersdelight:tomatoes":4,"minecraft:sandstone":7,"minecraft:hay_block":28,"minecraft:oak_trapdoor":2,"minecraft:furnace":3,"minecraft:carrots":128,"minecraft:andesite":15,"treechop:chopped_log":11,"minecraft:gold_block":2,"minecraft:potatoes":162,"minecraft:deepslate_iron_ore":84,"minecraft:rail":46,"lucky:lucky_block":22,"minecraft:stone":763,"minecraft:smithing_table":5,"minecraft:dandelion":4,"minecraft:smooth_sandstone":1,"minecraft:crafting_table":1,"minecraft:copper_ore":9,"minecraft:tall_grass":10,"minecraft:deepslate_gold_ore":66,"minecraft:lapis_ore":6,"minecraft:diorite":112,"travelersbackpack:hay":1,"minecraft:birch_planks":31,"minecraft:coal_ore":137,"stalwart_dungeons:igniter":3,"minecraft:gravel":5,"minecraft:cobweb":37,"minecraft:stone_bricks":1,"minecraft:gold_ore":1},"minecraft:custom":{"minecraft:interact_with_crafting_table":74,"minecraft:bell_ring":8,"minecraft:leave_game":10,"minecraft:time_since_death":162700,"minecraft:sprint_one_cm":1799111,"minecraft:damage_blocked_by_shield":2140,"minecraft:drop":457,"minecraft:talked_to_villager":134,"minecraft:play_time":775927,"minecraft:deaths":31,"minecraft:jump":8303,"minecraft:walk_on_water_one_cm":62799,"minecraft:interact_with_furnace":212,"minecraft:traded_with_villager":5,"minecraft:interact_with_loom":1,"minecraft:sleep_in_bed":35,"minecraft:damage_dealt":52766,"minecraft:crouch_one_cm":49161,"tombstone:undead_killed":150,"tombstone:villager_killed":2,"minecraft:horse_one_cm":31680,"minecraft:interact_with_smithing_table":11,"minecraft:interact_with_anvil":5,"minecraft:mob_kills":272,"minecraft:climb_one_cm":42904,"minecraft:walk_one_cm":1928285,"minecraft:raid_win":1,"minecraft:sneak_time":13246,"minecraft:walk_under_water_one_cm":21483,"minecraft:boat_one_cm":24989,"minecraft:total_world_time":775927,"tombstone:raider_killed":21,"minecraft:tune_noteblock":464,"minecraft:time_since_rest":5035,"minecraft:damage_taken":16655,"minecraft:swim_one_cm":114238,"minecraft:fly_one_cm":1576936,"minecraft:open_chest":430,"minecraft:fish_caught":5,"minecraft:fall_one_cm":157093},"minecraft:dropped":{"minecraft:iron_sword":2,"minecraft:baked_potato":38,"minecraft:diamond":22,"lucky:lucky_block":3,"minecraft:orange_tulip":3,"minecraft:leather":7,"travelersbackpack:iron_tier_upgrade":1,"minecraft:dirt":504,"minecraft:cut_sandstone":6,"minecraft:chain":1,"minecraft:wooden_sword":1,"minecraft:iron_pickaxe":2,"minecraft:gravel":8,"minecraft:lever":2,"minecraft:cooked_chicken":2,"minecraft:golden_chestplate":17,"minecraft:cobbled_deepslate":143,"minecraft:wheat":3,"minecraft:pointed_dripstone":6,"minecraft:rotten_flesh":166,"minecraft:oak_planks":1,"travelersbackpack:bat":2,"minecraft:azure_bluet":13,"minecraft:carrot":99,"travelersbackpack:hay":1,"minecraft:poppy":2,"travelersbackpack:gold_tier_upgrade":1,"minecraft:leather_boots":8,"minecraft:leather_leggings":7,"minecraft:arrow":1,"minecraft:glass":6,"minecraft:oak_leaves":5,"minecraft:egg":2,"minecraft:golden_boots":1,"minecraft:iron_ingot":122,"minecraft:bread":164,"minecraft:wheat_seeds":9,"farmersdelight:skillet":1,"minecraft:golden_horse_armor":1,"minecraft:diamond_leggings":1,"minecraft:cobblestone":4,"minecraft:iron_helmet":2,"minecraft:feather":1,"minecraft:granite":28,"minecraft:chainmail_helmet":2,"minecraft:grass_block":160,"minecraft:stick":11,"minecraft:wooden_hoe":1,"minecraft:wooden_axe":1,"travelersbackpack:blank_upgrade":2,"minecraft:iron_leggings":1,"minecraft:iron_shovel":1,"minecraft:string":1,"minecraft:smooth_sandstone":1,"minecraft:bucket":3,"minecraft:redstone_block":6,"minecraft:dandelion":8,"minecraft:redstone":3,"minecraft:bowl":2,"minecraft:iron_boots":1,"minecraft:name_tag":1,"minecraft:potato":64,"minecraft:shield":10,"minecraft:bundle":3,"minecraft:diamond_pickaxe":1,"minecraft:iron_chestplate":1,"minecraft:andesite":3,"stalwart_dungeons:tungsten_axe":1,"minecraft:golden_leggings":1,"minecraft:wooden_shovel":1,"minecraft:golden_sword":3,"minecraft:spider_eye":3,"minecraft:diamond_boots":3,"minecraft:wooden_pickaxe":1,"minecraft:red_tulip":20},"minecraft:used":{"minecraft:iron_shovel":207,"farmersdelight:cabbage_seeds":14,"minecraft:ladder":10,"minecraft:chest":17,"minecraft:shield":42,"minecraft:iron_sword":21,"travelersbackpack:diamond":22,"travelersbackpack:hay":7,"securitycraft:keypad_item":1,"minecraft:carrot":384,"minecraft:obsidian":12,"minecraft:glass":253,"minecraft:lava_bucket":9,"minecraft:villager_spawn_egg":6,"minecraft:grass_block":109,"lucky:lucky_block":15,"minecraft:birch_sapling":4,"minecraft:dark_oak_slab":5,"minecraft:rabbit_stew":4,"minecraft:furnace":10,"minecraft:beetroot_seeds":13,"minecraft:egg":6,"minecraft:potato":311,"minecraft:dark_oak_sapling":25,"minecraft:dark_oak_stairs":13,"minecraft:wither_skeleton_skull":1,"minecraft:stone_pickaxe":181,"minecraft:oak_planks":31,"minecraft:wooden_pickaxe":24,"minecraft:diamond_axe":882,"minecraft:composter":30,"minecraft:sandstone":4,"minecraft:oak_leaves":64,"minecraft:loom":4,"minecraft:note_block":1,"minecraft:black_bed":4,"minecraft:shears":80,"minecraft:dark_oak_log":4,"minecraft:heavy_weighted_pressure_plate":1,"minecraft:bread":103,"minecraft:gravel":3,"minecraft:diamond_sword":1106,"minecraft:dark_oak_fence":8,"minecraft:smithing_table":5,"minecraft:andesite":2,"minecraft:oak_boat":2,"minecraft:bone_meal":468,"minecraft:oak_fence":23,"minecraft:oak_trapdoor":20,"minecraft:flint_and_steel":2,"minecraft:stone_hoe":495,"minecraft:netherrack":21,"minecraft:torch":123,"minecraft:dirt":653,"minecraft:anvil":1,"minecraft:hopper":5,"minecraft:dark_oak_planks":24,"minecraft:wooden_axe":18,"minecraft:iron_block":4,"minecraft:melon_seeds":6,"securitycraft:remote_access_sentry":2,"securitycraft:sentry":2,"minecraft:iron_trapdoor":1,"tombstone:gift":12,"minecraft:cooked_beef":1,"farmersdelight:tomato_seeds":9,"minecraft:cobbled_deepslate":289,"minecraft:pumpkin":1,"minecraft:wheat_seeds":194,"minecraft:water_bucket":15,"farmersdelight:skillet":3,"minecraft:birch_planks":69,"minecraft:bundle":1,"minecraft:baked_potato":60,"minecraft:cut_sandstone":3,"minecraft:beacon":1,"minecraft:rail":171,"minecraft:oak_slab":20,"minecraft:crafting_table":8,"minecraft:white_bed":38,"minecraft:cornflower":2,"minecraft:diamond_pickaxe":1637,"minecraft:diamond_shovel":3033,"minecraft:iron_pickaxe":368,"travelersbackpack:white_sleeping_bag":1,"minecraft:fishing_rod":15,"minecraft:cobblestone":206,"travelersbackpack:standard":11,"minecraft:white_banner":2,"minecraft:bucket":28},"minecraft:killed":{"minecraft:cave_spider":6,"minecraft:witch":2,"minecraft:spider":10,"minecraft:skeleton":29,"minecraft:chicken":2,"minecraft:skeleton_horse":2,"minecraft:pig":5,"minecraft:zombie_villager":2,"minecraft:iron_golem":3,"minecraft:creeper":8,"minecraft:sheep":3,"minecraft:pillager":14,"minecraft:donkey":5,"minecraft:zombie":78,"stalwart_dungeons:incomplete_wither":14,"minecraft:cow":1,"minecraft:vex":1,"minecraft:vindicator":4,"minecraft:horse":8,"minecraft:drowned":1,"minecraft:husk":18,"stalwart_dungeons:reinforced_blaze":10,"minecraft:bat":1,"minecraft:ravager":1,"minecraft:wither_skeleton":6,"minecraft:villager":2,"minecraft:enderman":1},"minecraft:broken":{"minecraft:diamond_helmet":1,"minecraft:stone_pickaxe":1,"minecraft:diamond_boots":1,"minecraft:diamond_shovel":1,"minecraft:diamond_chestplate":1,"minecraft:diamond_leggings":1,"minecraft:stone_hoe":2,"minecraft:shield":1,"minecraft:leather_boots":1},"minecraft:killed_by":{"minecraft:wither_skeleton":1,"minecraft:creeper":2,"minecraft:vindicator":3,"minecraft:blaze":1,"minecraft:zombie":3,"stalwart_dungeons:reinforced_blaze":3,"stalwart_dungeons:incomplete_wither":11,"minecraft:husk":4,"minecraft:iron_golem":1,"minecraft:skeleton":2}},"DataVersion":3120}