{"stats":{"minecraft:broken":{"minecraft:diamond_helmet":1,"minecraft:stone_pickaxe":1,"minecraft:diamond_shovel":1,"minecraft:stone_hoe":1},"minecraft:killed_by":{"minecraft:wither_skeleton":1,"minecraft:creeper":2,"minecraft:vindicator":3,"minecraft:zombie":1,"stalwart_dungeons:incomplete_wither":1,"minecraft:iron_golem":1},"minecraft:picked_up":{"minecraft:wheat":124,"minecraft:anvil":1,"minecraft:smithing_table":4,"minecraft:lead":2,"minecraft:potion":1,"minecraft:string":170,"minecraft:raw_copper":81,"travelersbackpack:diamond":5,"minecraft:beetroot":2,"minecraft:diamond_leggings":1,"minecraft:cobbled_deepslate":507,"farmersdelight:cabbage":3,"delightful:acorn":1,"minecraft:iron_pickaxe":1,"farmersdelight:cabbage_seeds":9,"minecraft:furnace":3,"minecraft:stick":15,"minecraft:composter":7,"minecraft:torch":21,"minecraft:porkchop":11,"tombstone:grave_dust":17,"minecraft:diorite":95,"stalwart_dungeons:soul_magma_bricks":6,"minecraft:rotten_flesh":61,"minecraft:red_tulip":40,"minecraft:iron_block":4,"minecraft:obsidian":11,"minecraft:cobblestone":710,"minecraft:birch_log":18,"minecraft:feather":3,"minecraft:andesite":12,"minecraft:black_bed":3,"minecraft:beacon":2,"minecraft:potato":418,"minecraft:tuff":29,"farmersdelight:tomato":6,"minecraft:lapis_lazuli":175,"minecraft:dirt":2292,"securitycraft:sentry":1,"minecraft:glass":21,"minecraft:bone":39,"minecraft:bow":2,"minecraft:orange_tulip":6,"minecraft:wheat_seeds":379,"minecraft:raw_gold":111,"minecraft:oak_planks":40,"minecraft:poisonous_potato":1,"minecraft:sand":82,"minecraft:nether_brick_stairs":1,"minecraft:loom":4,"minecraft:grass_block":1,"minecraft:dark_oak_log":98,"travelersbackpack:white_sleeping_bag":1,"minecraft:bundle":1,"minecraft:diamond":30,"minecraft:lever":2,"minecraft:crossbow":1,"minecraft:granite":16,"minecraft:bread":1,"minecraft:emerald":20,"minecraft:dark_oak_fence":8,"minecraft:oak_sapling":6,"minecraft:netherrack":24,"minecraft:crafting_table":1,"travelersbackpack:hay":2,"minecraft:azure_bluet":26,"minecraft:chicken":3,"minecraft:ladder":3,"minecraft:gold_block":2,"stalwart_dungeons:soul_bricks":2,"minecraft:cornflower":4,"minecraft:iron_axe":1,"minecraft:beef":2,"minecraft:oak_boat":1,"minecraft:poppy":5,"minecraft:light_gray_wool":1,"minecraft:chest":1,"minecraft:birch_sapling":6,"minecraft:egg":13,"minecraft:dark_oak_sapling":30,"minecraft:raw_iron":242,"minecraft:stone":7,"farmersdelight:tomato_seeds":4,"minecraft:carrot":351,"minecraft:redstone":291,"minecraft:dark_oak_planks":13,"minecraft:arrow":19,"minecraft:beetroot_seeds":9,"minecraft:diamond_boots":3,"minecraft:hay_block":36,"minecraft:saddle":2,"minecraft:gold_ingot":20,"minecraft:mutton":10,"minecraft:white_wool":10,"minecraft:rail":47,"minecraft:clock":1,"minecraft:glow_ink_sac":3,"minecraft:leather":24,"minecraft:birch_planks":31,"minecraft:oak_log":143,"minecraft:gunpowder":4,"farmersdelight:skillet":2,"lucky:lucky_bow":1,"minecraft:white_banner":2,"minecraft:apple":1,"minecraft:iron_ingot":52,"tombstone:bag_of_seeds":1,"minecraft:glass_bottle":2,"minecraft:dark_oak_stairs":25,"minecraft:dark_oak_slab":5,"minecraft:pumpkin":1,"minecraft:dandelion":16,"minecraft:gravel":6,"minecraft:white_bed":7,"securitycraft:reinforced_iron_block":3,"minecraft:spider_eye":4,"minecraft:iron_helmet":1,"minecraft:gray_wool":1,"minecraft:baked_potato":11,"tombstone:magic_scroll":1,"minecraft:melon_seeds":2,"minecraft:coal":285},"minecraft:dropped":{"minecraft:iron_sword":2,"minecraft:baked_potato":38,"minecraft:diamond":22,"lucky:lucky_block":3,"minecraft:orange_tulip":3,"minecraft:leather":7,"minecraft:dirt":128,"minecraft:iron_pickaxe":2,"minecraft:lever":2,"minecraft:cooked_chicken":2,"minecraft:golden_chestplate":1,"minecraft:cobbled_deepslate":21,"minecraft:rotten_flesh":19,"travelersbackpack:bat":2,"minecraft:azure_bluet":13,"minecraft:carrot":48,"travelersbackpack:hay":1,"minecraft:poppy":2,"minecraft:arrow":1,"minecraft:glass":6,"minecraft:egg":2,"minecraft:iron_ingot":68,"minecraft:bread":164,"minecraft:wheat_seeds":5,"farmersdelight:skillet":1,"minecraft:diamond_leggings":1,"minecraft:feather":1,"minecraft:iron_helmet":2,"minecraft:granite":2,"minecraft:stick":11,"travelersbackpack:blank_upgrade":2,"minecraft:iron_leggings":1,"minecraft:redstone_block":6,"minecraft:dandelion":8,"minecraft:redstone":3,"minecraft:iron_boots":1,"minecraft:name_tag":1,"minecraft:shield":2,"minecraft:diamond_pickaxe":1,"minecraft:iron_chestplate":1,"minecraft:golden_sword":1,"minecraft:diamond_boots":3,"minecraft:red_tulip":20},"minecraft:mined":{"minecraft:dark_oak_planks":12,"minecraft:white_bed":7,"minecraft:farmland":1,"minecraft:obsidian":11,"minecraft:granite":14,"minecraft:grass_block":949,"minecraft:composter":7,"minecraft:iron_ore":67,"minecraft:cobbled_deepslate":89,"minecraft:pumpkin":1,"minecraft:deepslate_lapis_ore":10,"minecraft:nether_brick_stairs":1,"minecraft:dark_oak_stairs":13,"minecraft:red_tulip":4,"stalwart_dungeons:soul_magma_bricks":8,"minecraft:iron_block":4,"minecraft:deepslate_redstone_ore":51,"minecraft:melon_stem":4,"minecraft:torch":8,"minecraft:beacon":1,"farmersdelight:cabbages":3,"minecraft:cobblestone":14,"minecraft:oak_planks":32,"minecraft:wall_torch":4,"minecraft:deepslate_copper_ore":2,"travelersbackpack:diamond":5,"minecraft:birch_sapling":1,"minecraft:dark_oak_slab":5,"minecraft:birch_log":14,"minecraft:wheat":124,"minecraft:black_bed":3,"minecraft:orange_tulip":2,"minecraft:grass":252,"minecraft:oak_log":154,"minecraft:beetroots":5,"minecraft:dark_oak_sapling":1,"minecraft:loom":4,"minecraft:sand":56,"minecraft:dirt":793,"minecraft:netherrack":31,"minecraft:oak_leaves":23,"minecraft:deepslate":407,"minecraft:tuff":31,"stalwart_dungeons:soul_bricks":3,"minecraft:dark_oak_leaves":1,"minecraft:deepslate_diamond_ore":6,"minecraft:dark_oak_log":9,"minecraft:dark_oak_fence":8,"minecraft:ladder":2,"travelersbackpack:white_sleeping_bag":1,"farmersdelight:tomatoes":4,"minecraft:hay_block":28,"minecraft:furnace":3,"minecraft:carrots":80,"minecraft:andesite":12,"treechop:chopped_log":6,"minecraft:gold_block":2,"minecraft:potatoes":116,"minecraft:deepslate_iron_ore":84,"minecraft:rail":46,"lucky:lucky_block":7,"minecraft:stone":511,"minecraft:smithing_table":4,"minecraft:dandelion":4,"minecraft:crafting_table":1,"minecraft:tall_grass":8,"minecraft:copper_ore":9,"minecraft:lapis_ore":6,"minecraft:deepslate_gold_ore":66,"minecraft:diorite":99,"travelersbackpack:hay":1,"minecraft:birch_planks":31,"minecraft:coal_ore":135,"minecraft:gravel":2,"minecraft:cobweb":37,"minecraft:stone_bricks":1,"minecraft:gold_ore":1},"minecraft:used":{"minecraft:iron_shovel":182,"farmersdelight:cabbage_seeds":14,"minecraft:ladder":10,"minecraft:chest":11,"minecraft:shield":17,"minecraft:iron_sword":21,"travelersbackpack:diamond":20,"travelersbackpack:hay":7,"securitycraft:keypad_item":1,"minecraft:carrot":197,"minecraft:obsidian":11,"minecraft:lava_bucket":8,"minecraft:villager_spawn_egg":2,"lucky:lucky_block":2,"minecraft:birch_sapling":4,"minecraft:dark_oak_slab":5,"minecraft:furnace":10,"minecraft:beetroot_seeds":13,"minecraft:egg":5,"minecraft:potato":172,"minecraft:dark_oak_sapling":25,"minecraft:dark_oak_stairs":13,"minecraft:stone_pickaxe":181,"minecraft:oak_planks":31,"minecraft:wooden_pickaxe":24,"minecraft:composter":26,"minecraft:diamond_axe":415,"minecraft:loom":4,"minecraft:black_bed":4,"minecraft:dark_oak_log":4,"minecraft:bread":93,"minecraft:gravel":1,"minecraft:diamond_sword":878,"minecraft:dark_oak_fence":8,"minecraft:smithing_table":5,"minecraft:oak_boat":2,"minecraft:bone_meal":441,"minecraft:oak_fence":1,"minecraft:flint_and_steel":2,"minecraft:stone_hoe":323,"minecraft:netherrack":21,"minecraft:torch":85,"minecraft:dirt":499,"minecraft:anvil":1,"minecraft:dark_oak_planks":12,"minecraft:wooden_axe":18,"minecraft:iron_block":4,"minecraft:melon_seeds":6,"securitycraft:remote_access_sentry":2,"securitycraft:sentry":2,"tombstone:gift":12,"minecraft:cooked_beef":1,"farmersdelight:tomato_seeds":9,"minecraft:cobbled_deepslate":133,"minecraft:pumpkin":1,"minecraft:wheat_seeds":194,"minecraft:water_bucket":10,"farmersdelight:skillet":3,"minecraft:birch_planks":31,"minecraft:bundle":1,"minecraft:baked_potato":29,"minecraft:beacon":1,"minecraft:rail":171,"minecraft:crafting_table":8,"minecraft:white_bed":14,"minecraft:diamond_pickaxe":1235,"minecraft:cornflower":2,"minecraft:diamond_shovel":1587,"minecraft:iron_pickaxe":325,"travelersbackpack:white_sleeping_bag":1,"minecraft:cobblestone":141,"travelersbackpack:standard":9,"minecraft:white_banner":2,"minecraft:bucket":27},"minecraft:crafted":{"minecraft:oak_planks":572,"travelersbackpack:crafting_upgrade":2,"minecraft:cooked_chicken":2,"minecraft:stone":15,"securitycraft:keypad_item":1,"minecraft:diamond_shovel":1,"travelersbackpack:diamond":4,"minecraft:heavy_weighted_pressure_plate":1,"travelersbackpack:bat":2,"minecraft:cooked_mutton":4,"securitycraft:laser_block":1,"minecraft:glass":56,"minecraft:diamond_helmet":1,"minecraft:diamond_leggings":1,"minecraft:iron_boots":1,"minecraft:chest":13,"minecraft:copper_block":7,"minecraft:stone_hoe":2,"minecraft:oak_fence":3,"minecraft:dropper":9,"minecraft:oak_slab":144,"travelersbackpack:iron_tier_upgrade":2,"minecraft:cooked_porkchop":11,"minecraft:diamond_axe":1,"minecraft:crafting_table":9,"travelersbackpack:standard":1,"minecraft:wooden_pickaxe":1,"minecraft:baked_potato":110,"minecraft:iron_helmet":1,"minecraft:smithing_table":1,"minecraft:copper_ingot":81,"minecraft:birch_planks":72,"minecraft:dispenser":1,"minecraft:dark_oak_slab":6,"minecraft:iron_chestplate":1,"minecraft:diamond_pickaxe":2,"minecraft:shield":3,"minecraft:stick":108,"minecraft:iron_ingot":226,"minecraft:iron_pickaxe":2,"minecraft:iron_block":3,"minecraft:gold_ingot":129,"minecraft:redstone_torch":3,"minecraft:composter":20,"minecraft:shears":1,"securitycraft:universal_block_reinforcer_lvl1":1,"minecraft:coal":126,"securitycraft:sentry":1,"minecraft:furnace":7,"minecraft:stone_button":8,"minecraft:bone_meal":441,"travelersbackpack:blank_upgrade":8,"travelersbackpack:gold_tier_upgrade":1,"minecraft:glass_pane":16,"minecraft:dark_oak_fence":9,"travelersbackpack:white_sleeping_bag":1,"minecraft:ladder":15,"minecraft:stone_pickaxe":2,"minecraft:diamond_boots":1,"minecraft:redstone_block":17,"minecraft:dark_oak_planks":335,"lucky:lucky_block":5,"minecraft:wheat":324,"minecraft:cooked_beef":2,"minecraft:coal_block":14,"securitycraft:portable_radar":2,"minecraft:diamond_sword":1,"minecraft:dark_oak_stairs":20,"travelersbackpack:backpack_tank":6,"minecraft:iron_sword":2,"minecraft:bucket":1,"minecraft:bread":116,"minecraft:air":0,"minecraft:oak_boat":1,"securitycraft:remote_access_sentry":1,"minecraft:white_wool":26,"minecraft:wooden_axe":1,"minecraft:iron_shovel":1,"minecraft:iron_leggings":1,"minecraft:white_bed":7,"minecraft:torch":44,"minecraft:diamond_chestplate":1},"minecraft:custom":{"minecraft:interact_with_crafting_table":70,"minecraft:bell_ring":8,"minecraft:leave_game":7,"minecraft:time_since_death":398,"minecraft:sprint_one_cm":1261703,"minecraft:damage_blocked_by_shield":650,"minecraft:drop":220,"minecraft:talked_to_villager":78,"minecraft:play_time":527156,"minecraft:deaths":9,"minecraft:jump":6160,"minecraft:walk_on_water_one_cm":44130,"minecraft:interact_with_furnace":173,"minecraft:interact_with_loom":1,"minecraft:sleep_in_bed":32,"minecraft:damage_dealt":35262,"minecraft:crouch_one_cm":29599,"tombstone:undead_killed":99,"minecraft:horse_one_cm":31680,"minecraft:interact_with_smithing_table":11,"minecraft:mob_kills":182,"minecraft:interact_with_anvil":4,"minecraft:climb_one_cm":26544,"minecraft:walk_one_cm":1302516,"minecraft:raid_win":1,"minecraft:sneak_time":8493,"minecraft:walk_under_water_one_cm":19578,"minecraft:boat_one_cm":24989,"minecraft:total_world_time":527156,"tombstone:raider_killed":21,"minecraft:time_since_rest":1,"minecraft:damage_taken":7923,"minecraft:swim_one_cm":108606,"minecraft:fly_one_cm":1192801,"minecraft:open_chest":321,"minecraft:fall_one_cm":121989},"minecraft:killed":{"minecraft:cave_spider":6,"minecraft:witch":2,"minecraft:spider":8,"minecraft:skeleton":21,"minecraft:chicken":2,"minecraft:skeleton_horse":2,"minecraft:pig":5,"minecraft:zombie_villager":2,"minecraft:iron_golem":2,"minecraft:creeper":5,"minecraft:sheep":2,"minecraft:pillager":14,"minecraft:zombie":66,"minecraft:donkey":5,"stalwart_dungeons:incomplete_wither":1,"minecraft:cow":1,"minecraft:vex":1,"minecraft:vindicator":4,"minecraft:horse":8,"minecraft:drowned":1,"minecraft:bat":1,"minecraft:ravager":1,"minecraft:wither_skeleton":6,"minecraft:enderman":1}},"DataVersion":3120}