{"stats":{"minecraft:killed":{"minecraft:spider":1,"minecraft:skeleton":5,"minecraft:horse":8,"minecraft:chicken":2,"minecraft:pig":5,"minecraft:zombie_villager":1,"minecraft:iron_golem":2,"minecraft:creeper":3,"minecraft:sheep":2,"minecraft:zombie":25,"minecraft:donkey":5},"minecraft:broken":{"minecraft:stone_pickaxe":1},"minecraft:picked_up":{"minecraft:chicken":3,"minecraft:gold_block":2,"minecraft:string":2,"minecraft:raw_copper":66,"minecraft:diamond_leggings":1,"minecraft:cobbled_deepslate":176,"minecraft:poppy":1,"minecraft:iron_pickaxe":1,"minecraft:light_gray_wool":1,"minecraft:birch_sapling":2,"minecraft:furnace":3,"minecraft:egg":7,"minecraft:stick":7,"minecraft:raw_iron":135,"minecraft:porkchop":11,"tombstone:grave_dust":6,"minecraft:diorite":1,"minecraft:redstone":43,"minecraft:arrow":8,"minecraft:rotten_flesh":28,"minecraft:diamond_boots":3,"minecraft:hay_block":36,"minecraft:gold_ingot":20,"minecraft:mutton":4,"minecraft:rail":40,"minecraft:cobblestone":239,"minecraft:white_wool":6,"minecraft:birch_log":8,"minecraft:clock":1,"minecraft:feather":3,"minecraft:andesite":10,"minecraft:black_bed":2,"minecraft:leather":12,"minecraft:beacon":1,"minecraft:potato":1,"minecraft:tuff":9,"minecraft:oak_log":143,"minecraft:gunpowder":2,"minecraft:lapis_lazuli":31,"minecraft:dirt":625,"lucky:lucky_bow":1,"minecraft:bone":15,"minecraft:wheat_seeds":5,"minecraft:raw_gold":9,"minecraft:iron_ingot":31,"tombstone:bag_of_seeds":1,"minecraft:oak_planks":10,"minecraft:pumpkin":1,"minecraft:gravel":2,"minecraft:sand":54,"minecraft:white_bed":1,"minecraft:loom":2,"travelersbackpack:white_sleeping_bag":1,"minecraft:diamond":21,"minecraft:lever":2,"minecraft:granite":13,"minecraft:gray_wool":1,"minecraft:emerald":18,"minecraft:oak_sapling":6,"minecraft:netherrack":3,"minecraft:coal":218},"minecraft:mined":{"minecraft:tuff":9,"minecraft:white_bed":1,"minecraft:granite":13,"minecraft:grass_block":233,"travelersbackpack:white_sleeping_bag":1,"minecraft:hay_block":28,"minecraft:furnace":3,"minecraft:iron_ore":61,"minecraft:andesite":10,"minecraft:pumpkin":1,"minecraft:gold_block":2,"minecraft:deepslate_iron_ore":30,"minecraft:rail":40,"lucky:lucky_block":6,"minecraft:stone":232,"minecraft:deepslate_redstone_ore":8,"minecraft:tall_grass":3,"minecraft:copper_ore":8,"minecraft:cobblestone":7,"minecraft:deepslate_gold_ore":5,"minecraft:lapis_ore":5,"minecraft:oak_planks":1,"minecraft:diorite":1,"minecraft:deepslate_copper_ore":1,"minecraft:birch_log":9,"minecraft:black_bed":2,"minecraft:grass":10,"minecraft:oak_log":154,"minecraft:coal_ore":99,"minecraft:loom":2,"minecraft:gravel":2,"minecraft:sand":56,"minecraft:dirt":438,"minecraft:netherrack":3,"minecraft:gold_ore":1,"minecraft:oak_leaves":19,"minecraft:deepslate":178},"minecraft:crafted":{"minecraft:oak_planks":572,"minecraft:cooked_chicken":2,"minecraft:furnace":3,"minecraft:diamond_shovel":1,"minecraft:glass":23,"travelersbackpack:white_sleeping_bag":1,"minecraft:diamond_helmet":1,"minecraft:diamond_leggings":1,"minecraft:iron_boots":1,"minecraft:stone_pickaxe":2,"minecraft:chest":3,"minecraft:diamond_boots":1,"lucky:lucky_block":2,"minecraft:wheat":324,"minecraft:coal_block":14,"minecraft:dropper":6,"minecraft:diamond_sword":1,"minecraft:cooked_porkchop":11,"minecraft:diamond_axe":1,"minecraft:crafting_table":7,"travelersbackpack:backpack_tank":3,"minecraft:iron_helmet":1,"minecraft:wooden_pickaxe":1,"travelersbackpack:standard":1,"minecraft:iron_sword":2,"minecraft:copper_ingot":11,"minecraft:birch_planks":16,"minecraft:bread":60,"minecraft:air":0,"minecraft:iron_chestplate":1,"minecraft:diamond_pickaxe":2,"minecraft:shield":3,"minecraft:stick":20,"minecraft:iron_ingot":36,"minecraft:iron_pickaxe":1,"minecraft:wooden_axe":1,"minecraft:gold_ingot":18,"minecraft:iron_leggings":1,"minecraft:shears":1,"minecraft:diamond_chestplate":1},"minecraft:custom":{"minecraft:mob_kills":67,"minecraft:interact_with_crafting_table":46,"minecraft:bell_ring":8,"minecraft:leave_game":4,"minecraft:time_since_death":53775,"minecraft:climb_one_cm":840,"minecraft:sprint_one_cm":415748,"minecraft:walk_one_cm":339841,"minecraft:damage_blocked_by_shield":165,"minecraft:drop":37,"minecraft:talked_to_villager":4,"minecraft:play_time":146682,"minecraft:deaths":2,"minecraft:sneak_time":3119,"minecraft:walk_under_water_one_cm":7855,"minecraft:jump":2279,"minecraft:walk_on_water_one_cm":18483,"minecraft:total_world_time":146682,"minecraft:interact_with_furnace":41,"minecraft:interact_with_loom":1,"minecraft:sleep_in_bed":16,"minecraft:time_since_rest":1335,"minecraft:damage_taken":2143,"minecraft:damage_dealt":12620,"minecraft:swim_one_cm":55929,"minecraft:fly_one_cm":500374,"minecraft:open_chest":37,"minecraft:crouch_one_cm":10628,"tombstone:undead_killed":31,"minecraft:fall_one_cm":42358},"minecraft:killed_by":{"minecraft:creeper":1,"minecraft:iron_golem":1},"minecraft:dropped":{"minecraft:iron_ingot":24,"minecraft:bread":6,"minecraft:iron_sword":2,"minecraft:wheat_seeds":5,"minecraft:diamond":20,"minecraft:diamond_leggings":1,"minecraft:feather":1,"minecraft:iron_helmet":1,"minecraft:leather":1,"minecraft:iron_leggings":1,"minecraft:iron_pickaxe":2,"minecraft:lever":2,"minecraft:cooked_chicken":2,"minecraft:golden_chestplate":1,"minecraft:rotten_flesh":10,"minecraft:iron_boots":1,"minecraft:shield":2,"minecraft:iron_chestplate":1,"minecraft:diamond_pickaxe":1,"minecraft:golden_sword":1,"minecraft:diamond_boots":3,"minecraft:arrow":1,"minecraft:egg":2},"minecraft:used":{"minecraft:chest":2,"minecraft:shield":8,"minecraft:iron_sword":21,"minecraft:torch":5,"minecraft:dirt":102,"minecraft:wooden_axe":18,"lucky:lucky_block":2,"minecraft:furnace":6,"tombstone:gift":6,"minecraft:egg":3,"minecraft:pumpkin":1,"minecraft:stone_pickaxe":181,"minecraft:wooden_pickaxe":24,"minecraft:diamond_axe":176,"minecraft:crafting_table":7,"minecraft:white_bed":1,"minecraft:black_bed":3,"minecraft:diamond_pickaxe":326,"minecraft:diamond_shovel":708,"minecraft:bread":42,"minecraft:iron_pickaxe":208,"travelersbackpack:white_sleeping_bag":1,"minecraft:gravel":1,"minecraft:diamond_sword":205,"minecraft:cobblestone":57,"travelersbackpack:standard":9}},"DataVersion":3120}