{"stats":{"minecraft:killed":{"minecraft:witch":1,"minecraft:spider":2,"minecraft:skeleton":10,"minecraft:horse":8,"minecraft:chicken":2,"minecraft:skeleton_horse":2,"minecraft:pig":5,"minecraft:zombie_villager":2,"minecraft:iron_golem":2,"minecraft:bat":1,"minecraft:creeper":3,"minecraft:sheep":2,"minecraft:zombie":26,"minecraft:donkey":5},"minecraft:broken":{"minecraft:stone_pickaxe":1},"minecraft:mined":{"minecraft:tuff":9,"minecraft:white_bed":1,"minecraft:granite":14,"minecraft:grass_block":809,"travelersbackpack:white_sleeping_bag":1,"minecraft:hay_block":28,"minecraft:furnace":3,"minecraft:iron_ore":61,"minecraft:andesite":10,"minecraft:pumpkin":1,"minecraft:gold_block":2,"minecraft:red_tulip":4,"minecraft:deepslate_iron_ore":30,"minecraft:rail":40,"lucky:lucky_block":6,"minecraft:stone":232,"minecraft:iron_block":4,"minecraft:smithing_table":1,"minecraft:deepslate_redstone_ore":8,"minecraft:dandelion":4,"minecraft:torch":1,"minecraft:beacon":1,"minecraft:copper_ore":8,"minecraft:tall_grass":5,"minecraft:cobblestone":9,"minecraft:lapis_ore":5,"minecraft:deepslate_gold_ore":5,"minecraft:oak_planks":1,"minecraft:diorite":1,"minecraft:deepslate_copper_ore":1,"travelersbackpack:diamond":1,"minecraft:birch_log":14,"minecraft:orange_tulip":2,"minecraft:black_bed":3,"minecraft:grass":235,"minecraft:oak_log":154,"minecraft:coal_ore":99,"minecraft:loom":4,"minecraft:gravel":2,"minecraft:sand":56,"minecraft:dirt":611,"minecraft:netherrack":3,"minecraft:gold_ore":1,"minecraft:oak_leaves":23,"minecraft:deepslate":178},"minecraft:picked_up":{"minecraft:azure_bluet":26,"minecraft:chicken":3,"minecraft:anvil":1,"minecraft:lead":1,"minecraft:smithing_table":1,"minecraft:gold_block":2,"minecraft:potion":1,"minecraft:cornflower":4,"minecraft:string":52,"minecraft:raw_copper":66,"travelersbackpack:diamond":1,"minecraft:diamond_leggings":1,"minecraft:cobbled_deepslate":176,"minecraft:poppy":5,"minecraft:iron_pickaxe":1,"minecraft:light_gray_wool":1,"minecraft:birch_sapling":2,"minecraft:furnace":3,"minecraft:egg":7,"minecraft:stick":9,"minecraft:raw_iron":135,"minecraft:stone":7,"minecraft:torch":1,"minecraft:porkchop":11,"tombstone:grave_dust":10,"minecraft:diorite":1,"minecraft:redstone":44,"minecraft:arrow":12,"minecraft:rotten_flesh":31,"minecraft:diamond_boots":3,"minecraft:hay_block":36,"minecraft:red_tulip":40,"minecraft:iron_block":4,"minecraft:gold_ingot":20,"minecraft:mutton":4,"minecraft:rail":40,"minecraft:white_wool":6,"minecraft:cobblestone":430,"minecraft:birch_log":13,"minecraft:clock":1,"minecraft:feather":3,"minecraft:andesite":10,"minecraft:black_bed":3,"minecraft:leather":12,"minecraft:beacon":2,"minecraft:potato":1,"minecraft:tuff":9,"minecraft:oak_log":143,"minecraft:gunpowder":2,"minecraft:lapis_lazuli":31,"minecraft:dirt":1917,"lucky:lucky_bow":1,"minecraft:glass":20,"minecraft:bone":22,"minecraft:wheat_seeds":46,"minecraft:orange_tulip":6,"minecraft:raw_gold":9,"minecraft:iron_ingot":31,"tombstone:bag_of_seeds":1,"minecraft:oak_planks":10,"minecraft:pumpkin":1,"minecraft:dandelion":16,"minecraft:gravel":2,"minecraft:sand":82,"securitycraft:reinforced_iron_block":3,"minecraft:white_bed":1,"minecraft:loom":4,"travelersbackpack:white_sleeping_bag":1,"minecraft:diamond":21,"minecraft:lever":2,"minecraft:iron_helmet":1,"minecraft:granite":15,"minecraft:gray_wool":1,"minecraft:emerald":18,"minecraft:oak_sapling":6,"minecraft:netherrack":3,"minecraft:coal":218},"minecraft:crafted":{"minecraft:oak_planks":572,"minecraft:coal":18,"travelersbackpack:crafting_upgrade":1,"minecraft:cooked_chicken":2,"minecraft:furnace":5,"minecraft:stone":14,"minecraft:diamond_shovel":1,"travelersbackpack:diamond":4,"minecraft:heavy_weighted_pressure_plate":1,"travelersbackpack:blank_upgrade":4,"travelersbackpack:gold_tier_upgrade":1,"minecraft:cooked_mutton":4,"minecraft:glass_pane":16,"securitycraft:laser_block":1,"minecraft:glass":39,"travelersbackpack:white_sleeping_bag":1,"minecraft:diamond_helmet":1,"minecraft:diamond_leggings":1,"minecraft:iron_boots":1,"minecraft:stone_pickaxe":2,"minecraft:chest":8,"minecraft:diamond_boots":1,"minecraft:redstone_block":1,"minecraft:oak_fence":3,"lucky:lucky_block":5,"minecraft:wheat":324,"securitycraft:portable_radar":1,"minecraft:coal_block":14,"minecraft:dropper":9,"travelersbackpack:iron_tier_upgrade":1,"minecraft:diamond_sword":1,"minecraft:cooked_porkchop":11,"minecraft:diamond_axe":1,"minecraft:crafting_table":8,"travelersbackpack:backpack_tank":4,"travelersbackpack:standard":1,"minecraft:wooden_pickaxe":1,"minecraft:iron_helmet":1,"minecraft:iron_sword":2,"minecraft:smithing_table":1,"minecraft:copper_ingot":11,"minecraft:birch_planks":16,"minecraft:bread":108,"minecraft:air":0,"minecraft:iron_chestplate":1,"minecraft:diamond_pickaxe":2,"minecraft:shield":3,"minecraft:stick":32,"minecraft:iron_ingot":136,"minecraft:iron_pickaxe":1,"minecraft:wooden_axe":1,"minecraft:iron_block":3,"minecraft:gold_ingot":27,"minecraft:iron_leggings":1,"minecraft:redstone_torch":1,"minecraft:torch":24,"minecraft:shears":1,"securitycraft:universal_block_reinforcer_lvl1":1,"minecraft:diamond_chestplate":1},"minecraft:custom":{"minecraft:interact_with_smithing_table":5,"minecraft:interact_with_anvil":2,"minecraft:mob_kills":85,"minecraft:interact_with_crafting_table":66,"minecraft:bell_ring":8,"minecraft:leave_game":5,"minecraft:time_since_death":5991,"minecraft:climb_one_cm":1372,"minecraft:sprint_one_cm":562452,"minecraft:walk_one_cm":525114,"minecraft:damage_blocked_by_shield":235,"minecraft:drop":46,"minecraft:talked_to_villager":9,"minecraft:play_time":226805,"minecraft:deaths":3,"minecraft:sneak_time":3258,"minecraft:walk_under_water_one_cm":10512,"minecraft:jump":2898,"minecraft:walk_on_water_one_cm":26024,"minecraft:total_world_time":226805,"minecraft:interact_with_furnace":93,"tombstone:raider_killed":1,"minecraft:interact_with_loom":1,"minecraft:sleep_in_bed":20,"minecraft:time_since_rest":4470,"minecraft:damage_taken":2675,"minecraft:damage_dealt":15112,"minecraft:swim_one_cm":81124,"minecraft:fly_one_cm":656674,"minecraft:open_chest":129,"minecraft:crouch_one_cm":10690,"tombstone:undead_killed":40,"minecraft:fall_one_cm":50134,"minecraft:horse_one_cm":484},"minecraft:killed_by":{"minecraft:creeper":2,"minecraft:iron_golem":1},"minecraft:dropped":{"minecraft:iron_ingot":56,"minecraft:bread":32,"minecraft:iron_sword":2,"minecraft:wheat_seeds":5,"minecraft:diamond":20,"lucky:lucky_block":3,"minecraft:diamond_leggings":1,"minecraft:feather":1,"minecraft:iron_helmet":2,"minecraft:leather":1,"minecraft:dirt":64,"minecraft:iron_leggings":1,"minecraft:iron_pickaxe":2,"minecraft:lever":2,"minecraft:cooked_chicken":2,"minecraft:golden_chestplate":1,"minecraft:rotten_flesh":13,"minecraft:iron_boots":1,"travelersbackpack:bat":1,"minecraft:shield":2,"minecraft:diamond_pickaxe":1,"minecraft:iron_chestplate":1,"minecraft:golden_sword":1,"minecraft:diamond_boots":3,"minecraft:arrow":1,"minecraft:egg":2},"minecraft:used":{"minecraft:oak_fence":1,"minecraft:chest":6,"minecraft:shield":10,"minecraft:iron_sword":21,"travelersbackpack:diamond":7,"minecraft:torch":43,"minecraft:dirt":332,"minecraft:anvil":1,"minecraft:wooden_axe":18,"lucky:lucky_block":2,"minecraft:iron_block":4,"minecraft:furnace":8,"tombstone:gift":6,"minecraft:egg":3,"minecraft:pumpkin":1,"minecraft:stone_pickaxe":181,"minecraft:wooden_pickaxe":24,"minecraft:beacon":1,"minecraft:diamond_axe":183,"minecraft:loom":4,"minecraft:crafting_table":7,"minecraft:white_bed":1,"minecraft:black_bed":4,"minecraft:diamond_pickaxe":337,"minecraft:diamond_shovel":1480,"minecraft:bread":55,"minecraft:iron_pickaxe":208,"travelersbackpack:white_sleeping_bag":1,"minecraft:gravel":1,"minecraft:diamond_sword":443,"travelersbackpack:standard":9,"minecraft:cobblestone":57,"minecraft:smithing_table":1}},"DataVersion":3120}