{"stats":{"minecraft:broken":{"minecraft:diamond_helmet":1,"minecraft:stone_pickaxe":1,"minecraft:diamond_boots":1,"minecraft:diamond_shovel":1,"minecraft:diamond_chestplate":1,"minecraft:diamond_leggings":1,"minecraft:stone_hoe":2,"minecraft:shield":1,"minecraft:leather_boots":1},"minecraft:killed_by":{"minecraft:wither_skeleton":1,"minecraft:creeper":2,"minecraft:vindicator":3,"minecraft:blaze":1,"minecraft:zombie":3,"stalwart_dungeons:reinforced_blaze":3,"stalwart_dungeons:incomplete_wither":11,"minecraft:husk":4,"minecraft:iron_golem":1,"minecraft:skeleton":2},"minecraft:picked_up":{"minecraft:wooden_axe":1,"minecraft:wheat":127,"minecraft:anvil":1,"minecraft:smithing_table":4,"minecraft:lead":2,"minecraft:potion":1,"minecraft:golden_sword":2,"minecraft:string":176,"minecraft:raw_copper":81,"travelersbackpack:diamond":5,"minecraft:iron_leggings":2,"minecraft:pufferfish":2,"minecraft:beetroot":2,"minecraft:diamond_leggings":1,"minecraft:cobbled_deepslate":509,"farmersdelight:cabbage":3,"delightful:acorn":4,"minecraft:wooden_shovel":1,"minecraft:iron_pickaxe":1,"farmersdelight:cabbage_seeds":9,"minecraft:furnace":3,"minecraft:stick":26,"minecraft:composter":7,"minecraft:torch":26,"travelersbackpack:iron_tier_upgrade":1,"minecraft:porkchop":11,"minecraft:pointed_dripstone":6,"tombstone:grave_dust":22,"minecraft:diorite":99,"minecraft:golden_chestplate":18,"minecraft:black_dye":2,"stalwart_dungeons:soul_magma_bricks":12,"minecraft:rotten_flesh":147,"minecraft:tropical_fish":3,"minecraft:blue_dye":4,"minecraft:red_tulip":40,"minecraft:iron_block":5,"minecraft:blaze_rod":10,"minecraft:obsidian":11,"minecraft:cod":1,"minecraft:cobblestone":740,"minecraft:sponge":1,"minecraft:birch_log":25,"minecraft:cooked_beef":1,"minecraft:feather":3,"minecraft:andesite":16,"minecraft:black_bed":3,"minecraft:beacon":2,"minecraft:potato":418,"minecraft:tuff":29,"minecraft:light_gray_dye":1,"travelersbackpack:gold_tier_upgrade":1,"minecraft:wither_skeleton_skull":1,"farmersdelight:tomato":6,"minecraft:lapis_lazuli":175,"minecraft:dirt":2550,"securitycraft:sentry":1,"minecraft:name_tag":1,"minecraft:leather_boots":8,"stalwart_dungeons:blaze_armor_scrap":6,"minecraft:glass":21,"minecraft:bone":61,"minecraft:bow":2,"minecraft:orange_tulip":6,"minecraft:wheat_seeds":387,"minecraft:raw_gold":111,"minecraft:light_blue_dye":3,"minecraft:oak_planks":40,"minecraft:poisonous_potato":1,"minecraft:sand":203,"minecraft:nether_brick_stairs":1,"minecraft:loom":4,"minecraft:grass_block":1,"minecraft:dark_oak_log":256,"travelersbackpack:white_sleeping_bag":1,"minecraft:bundle":3,"minecraft:diamond":34,"minecraft:lever":2,"minecraft:crossbow":1,"minecraft:granite":21,"minecraft:chainmail_helmet":4,"minecraft:cyan_dye":2,"minecraft:bread":1,"minecraft:emerald":20,"minecraft:jack_o_lantern":13,"minecraft:dark_oak_fence":8,"minecraft:oak_sapling":6,"minecraft:netherrack":25,"minecraft:nether_star":1,"minecraft:diamond_pickaxe":1,"minecraft:fishing_rod":1,"minecraft:crafting_table":1,"travelersbackpack:hay":2,"minecraft:azure_bluet":26,"minecraft:splash_potion":1,"minecraft:chicken":3,"minecraft:ladder":3,"minecraft:leather_leggings":6,"minecraft:wooden_pickaxe":1,"minecraft:rabbit_stew":13,"minecraft:gold_block":2,"stalwart_dungeons:soul_bricks":12,"minecraft:chain":2,"minecraft:shield":8,"minecraft:cornflower":4,"minecraft:iron_axe":1,"minecraft:wooden_sword":1,"minecraft:item_frame":3,"minecraft:iron_shovel":1,"minecraft:beef":2,"minecraft:oak_boat":1,"minecraft:poppy":7,"minecraft:light_gray_wool":1,"minecraft:chest":1,"minecraft:birch_sapling":8,"minecraft:egg":13,"minecraft:sandstone":6,"minecraft:dark_oak_sapling":48,"minecraft:orange_dye":2,"minecraft:raw_iron":242,"minecraft:stone":7,"minecraft:gray_dye":3,"minecraft:white_dye":2,"farmersdelight:tomato_seeds":4,"minecraft:carrot":355,"minecraft:redstone":291,"minecraft:stone_pressure_plate":1,"minecraft:brown_dye":1,"minecraft:dark_oak_planks":13,"minecraft:tnt":8,"minecraft:arrow":28,"minecraft:beetroot_seeds":9,"minecraft:diamond_boots":3,"minecraft:hay_block":36,"stalwart_dungeons:tungsten_axe":1,"minecraft:saddle":2,"minecraft:gold_ingot":22,"minecraft:mutton":10,"minecraft:white_wool":10,"minecraft:rail":47,"minecraft:purple_dye":2,"minecraft:clock":1,"minecraft:glow_ink_sac":3,"minecraft:salmon":6,"minecraft:cut_sandstone":14,"minecraft:yellow_dye":4,"minecraft:leather":24,"minecraft:birch_planks":31,"minecraft:oak_log":143,"minecraft:golden_boots":1,"minecraft:gunpowder":4,"farmersdelight:skillet":2,"minecraft:wooden_hoe":1,"lucky:lucky_bow":1,"minecraft:white_banner":2,"minecraft:smooth_sandstone":2,"minecraft:apple":3,"stalwart_dungeons:pusher":18,"minecraft:iron_ingot":56,"tombstone:bag_of_seeds":1,"minecraft:glass_bottle":2,"minecraft:iron_sword":2,"minecraft:dark_oak_stairs":25,"minecraft:green_dye":5,"minecraft:dark_oak_slab":5,"minecraft:pumpkin":17,"minecraft:dandelion":16,"minecraft:gravel":14,"minecraft:white_bed":7,"securitycraft:reinforced_iron_block":3,"minecraft:spider_eye":9,"minecraft:iron_helmet":1,"minecraft:diamond_axe":1,"minecraft:gray_wool":1,"minecraft:baked_potato":11,"tombstone:magic_scroll":1,"minecraft:melon_seeds":2,"minecraft:pink_dye":3,"minecraft:coal":292},"minecraft:dropped":{"minecraft:iron_sword":2,"minecraft:baked_potato":38,"minecraft:diamond":22,"lucky:lucky_block":3,"minecraft:orange_tulip":3,"minecraft:leather":7,"travelersbackpack:iron_tier_upgrade":1,"minecraft:dirt":135,"minecraft:cut_sandstone":6,"minecraft:chain":1,"minecraft:wooden_sword":1,"minecraft:iron_pickaxe":2,"minecraft:gravel":5,"minecraft:lever":2,"minecraft:cooked_chicken":2,"minecraft:golden_chestplate":17,"minecraft:cobbled_deepslate":23,"minecraft:pointed_dripstone":6,"minecraft:wheat":3,"minecraft:rotten_flesh":166,"travelersbackpack:bat":2,"minecraft:azure_bluet":13,"minecraft:carrot":52,"travelersbackpack:hay":1,"minecraft:poppy":2,"travelersbackpack:gold_tier_upgrade":1,"minecraft:leather_boots":8,"minecraft:leather_leggings":7,"minecraft:arrow":1,"minecraft:glass":6,"minecraft:egg":2,"minecraft:golden_boots":1,"minecraft:iron_ingot":69,"minecraft:bread":164,"minecraft:wheat_seeds":5,"farmersdelight:skillet":1,"minecraft:golden_horse_armor":1,"minecraft:diamond_leggings":1,"minecraft:feather":1,"minecraft:iron_helmet":2,"minecraft:granite":7,"minecraft:chainmail_helmet":2,"minecraft:stick":11,"minecraft:wooden_hoe":1,"minecraft:wooden_axe":1,"travelersbackpack:blank_upgrade":2,"minecraft:iron_leggings":1,"minecraft:iron_shovel":1,"minecraft:smooth_sandstone":1,"minecraft:redstone_block":6,"minecraft:dandelion":8,"minecraft:redstone":3,"minecraft:iron_boots":1,"minecraft:name_tag":1,"minecraft:shield":10,"minecraft:bundle":1,"minecraft:diamond_pickaxe":1,"minecraft:iron_chestplate":1,"minecraft:andesite":2,"stalwart_dungeons:tungsten_axe":1,"minecraft:golden_leggings":1,"minecraft:wooden_shovel":1,"minecraft:golden_sword":3,"minecraft:spider_eye":3,"minecraft:diamond_boots":3,"minecraft:wooden_pickaxe":1,"minecraft:red_tulip":20},"minecraft:mined":{"minecraft:dark_oak_planks":12,"minecraft:white_bed":7,"minecraft:farmland":1,"minecraft:obsidian":11,"minecraft:granite":19,"minecraft:grass_block":1095,"minecraft:soul_soil":2,"minecraft:composter":7,"minecraft:iron_ore":67,"minecraft:cobbled_deepslate":89,"minecraft:pumpkin":1,"minecraft:deepslate_lapis_ore":10,"minecraft:nether_brick_stairs":1,"minecraft:dark_oak_stairs":13,"minecraft:pointed_dripstone":1,"minecraft:red_tulip":4,"stalwart_dungeons:soul_magma_bricks":14,"minecraft:smooth_sandstone_stairs":1,"minecraft:iron_block":5,"minecraft:cut_sandstone":8,"minecraft:deepslate_redstone_ore":51,"minecraft:melon_stem":4,"minecraft:torch":13,"minecraft:beacon":1,"farmersdelight:cabbages":3,"minecraft:cobblestone":23,"minecraft:oak_planks":32,"minecraft:wall_torch":8,"minecraft:deepslate_copper_ore":2,"travelersbackpack:diamond":5,"minecraft:birch_sapling":1,"minecraft:chain":1,"minecraft:dark_oak_slab":5,"minecraft:birch_log":14,"minecraft:wheat":124,"minecraft:tnt":9,"minecraft:black_bed":3,"minecraft:orange_tulip":2,"minecraft:grass":266,"minecraft:oak_log":154,"minecraft:beetroots":5,"minecraft:dark_oak_sapling":1,"minecraft:loom":4,"minecraft:sand":183,"minecraft:dirt":902,"stalwart_dungeons:pusher":25,"minecraft:netherrack":33,"minecraft:oak_leaves":23,"minecraft:deepslate":407,"minecraft:tuff":31,"stalwart_dungeons:soul_bricks":17,"minecraft:dark_oak_leaves":1,"minecraft:deepslate_diamond_ore":6,"minecraft:dark_oak_log":9,"minecraft:dark_oak_fence":8,"minecraft:ladder":2,"travelersbackpack:white_sleeping_bag":1,"farmersdelight:tomatoes":4,"minecraft:sandstone":7,"minecraft:hay_block":28,"minecraft:furnace":3,"minecraft:carrots":80,"minecraft:andesite":14,"treechop:chopped_log":11,"minecraft:gold_block":2,"minecraft:potatoes":116,"minecraft:deepslate_iron_ore":84,"minecraft:rail":46,"lucky:lucky_block":22,"minecraft:stone":540,"minecraft:smithing_table":4,"minecraft:dandelion":4,"minecraft:smooth_sandstone":1,"minecraft:crafting_table":1,"minecraft:tall_grass":10,"minecraft:copper_ore":9,"minecraft:lapis_ore":6,"minecraft:deepslate_gold_ore":66,"minecraft:diorite":103,"travelersbackpack:hay":1,"minecraft:birch_planks":31,"minecraft:coal_ore":137,"stalwart_dungeons:igniter":3,"minecraft:gravel":2,"minecraft:cobweb":37,"minecraft:stone_bricks":1,"minecraft:gold_ore":1},"minecraft:used":{"minecraft:iron_shovel":207,"farmersdelight:cabbage_seeds":14,"minecraft:ladder":10,"minecraft:chest":12,"minecraft:shield":42,"minecraft:iron_sword":21,"travelersbackpack:diamond":20,"travelersbackpack:hay":7,"securitycraft:keypad_item":1,"minecraft:carrot":197,"minecraft:obsidian":11,"minecraft:lava_bucket":8,"minecraft:villager_spawn_egg":2,"lucky:lucky_block":15,"minecraft:birch_sapling":4,"minecraft:dark_oak_slab":5,"minecraft:rabbit_stew":2,"minecraft:furnace":10,"minecraft:beetroot_seeds":13,"minecraft:egg":5,"minecraft:potato":172,"minecraft:dark_oak_sapling":25,"minecraft:dark_oak_stairs":13,"minecraft:wither_skeleton_skull":1,"minecraft:stone_pickaxe":181,"minecraft:oak_planks":31,"minecraft:sandstone":4,"minecraft:wooden_pickaxe":24,"minecraft:composter":30,"minecraft:diamond_axe":819,"minecraft:loom":4,"minecraft:black_bed":4,"minecraft:dark_oak_log":4,"minecraft:bread":95,"minecraft:gravel":3,"minecraft:diamond_sword":1047,"minecraft:dark_oak_fence":8,"minecraft:smithing_table":5,"minecraft:andesite":2,"minecraft:oak_boat":2,"minecraft:bone_meal":441,"minecraft:oak_fence":22,"minecraft:flint_and_steel":2,"minecraft:stone_hoe":493,"minecraft:netherrack":21,"minecraft:torch":105,"minecraft:dirt":558,"minecraft:anvil":1,"minecraft:dark_oak_planks":24,"minecraft:wooden_axe":18,"minecraft:iron_block":4,"minecraft:melon_seeds":6,"securitycraft:remote_access_sentry":2,"securitycraft:sentry":2,"tombstone:gift":12,"minecraft:cooked_beef":1,"farmersdelight:tomato_seeds":9,"minecraft:cobbled_deepslate":258,"minecraft:pumpkin":1,"minecraft:wheat_seeds":194,"minecraft:water_bucket":12,"farmersdelight:skillet":3,"minecraft:birch_planks":69,"minecraft:bundle":1,"minecraft:baked_potato":56,"minecraft:cut_sandstone":3,"minecraft:beacon":1,"minecraft:rail":171,"minecraft:crafting_table":8,"minecraft:white_bed":20,"minecraft:diamond_pickaxe":1364,"minecraft:cornflower":2,"minecraft:diamond_shovel":1929,"minecraft:iron_pickaxe":368,"travelersbackpack:white_sleeping_bag":1,"minecraft:cobblestone":160,"travelersbackpack:standard":11,"minecraft:white_banner":2,"minecraft:bucket":28},"minecraft:crafted":{"minecraft:oak_planks":572,"travelersbackpack:crafting_upgrade":2,"minecraft:cooked_chicken":2,"minecraft:stone":15,"securitycraft:keypad_item":1,"minecraft:diamond_shovel":2,"travelersbackpack:diamond":4,"minecraft:heavy_weighted_pressure_plate":1,"travelersbackpack:bat":2,"minecraft:cooked_mutton":4,"securitycraft:laser_block":1,"minecraft:glass":56,"minecraft:diamond_helmet":1,"minecraft:diamond_leggings":1,"minecraft:iron_boots":1,"minecraft:chest":14,"minecraft:copper_block":7,"minecraft:stone_hoe":4,"minecraft:oak_fence":24,"minecraft:dropper":22,"minecraft:oak_slab":174,"travelersbackpack:iron_tier_upgrade":2,"minecraft:cooked_porkchop":11,"minecraft:diamond_axe":2,"minecraft:crafting_table":9,"travelersbackpack:standard":1,"minecraft:wooden_pickaxe":1,"minecraft:baked_potato":110,"minecraft:iron_helmet":1,"minecraft:smithing_table":1,"minecraft:copper_ingot":81,"minecraft:birch_planks":72,"minecraft:dispenser":1,"minecraft:dark_oak_slab":6,"minecraft:iron_chestplate":1,"minecraft:diamond_pickaxe":2,"minecraft:shield":3,"minecraft:stick":140,"minecraft:iron_ingot":252,"minecraft:iron_pickaxe":3,"minecraft:iron_block":3,"minecraft:gold_ingot":129,"minecraft:redstone_torch":3,"minecraft:composter":24,"minecraft:shears":1,"securitycraft:universal_block_reinforcer_lvl1":1,"minecraft:coal":126,"securitycraft:sentry":1,"minecraft:furnace":7,"minecraft:stone_button":8,"minecraft:bone_meal":468,"travelersbackpack:blank_upgrade":8,"travelersbackpack:gold_tier_upgrade":1,"minecraft:glass_pane":16,"minecraft:dark_oak_fence":9,"travelersbackpack:white_sleeping_bag":1,"minecraft:ladder":15,"minecraft:stone_pickaxe":2,"minecraft:diamond_boots":1,"minecraft:redstone_block":17,"minecraft:dark_oak_planks":335,"lucky:lucky_block":18,"minecraft:wheat":324,"minecraft:cooked_beef":2,"minecraft:coal_block":14,"securitycraft:portable_radar":2,"minecraft:diamond_sword":1,"minecraft:dark_oak_stairs":20,"travelersbackpack:backpack_tank":6,"minecraft:iron_sword":2,"minecraft:bucket":2,"minecraft:bread":116,"minecraft:air":0,"minecraft:oak_boat":1,"securitycraft:remote_access_sentry":1,"minecraft:white_wool":26,"minecraft:wooden_axe":1,"minecraft:iron_shovel":1,"minecraft:iron_leggings":1,"minecraft:white_bed":13,"minecraft:torch":68,"minecraft:diamond_chestplate":1},"minecraft:custom":{"minecraft:interact_with_crafting_table":74,"minecraft:bell_ring":8,"minecraft:leave_game":7,"minecraft:time_since_death":33929,"minecraft:sprint_one_cm":1537328,"minecraft:damage_blocked_by_shield":2140,"minecraft:drop":307,"minecraft:talked_to_villager":116,"minecraft:play_time":647156,"minecraft:deaths":31,"minecraft:jump":7417,"minecraft:walk_on_water_one_cm":49637,"minecraft:interact_with_furnace":180,"minecraft:traded_with_villager":1,"minecraft:interact_with_loom":1,"minecraft:sleep_in_bed":32,"minecraft:damage_dealt":50086,"minecraft:crouch_one_cm":31733,"tombstone:undead_killed":141,"tombstone:villager_killed":2,"minecraft:horse_one_cm":31680,"minecraft:interact_with_smithing_table":11,"minecraft:mob_kills":256,"minecraft:interact_with_anvil":4,"minecraft:climb_one_cm":30358,"minecraft:walk_one_cm":1632940,"minecraft:raid_win":1,"minecraft:sneak_time":9388,"minecraft:walk_under_water_one_cm":19850,"minecraft:boat_one_cm":24989,"minecraft:total_world_time":647156,"tombstone:raider_killed":21,"minecraft:time_since_rest":33342,"minecraft:damage_taken":16000,"minecraft:swim_one_cm":108606,"minecraft:fly_one_cm":1404840,"minecraft:open_chest":403,"minecraft:fall_one_cm":143250},"minecraft:killed":{"minecraft:cave_spider":6,"minecraft:witch":2,"minecraft:spider":10,"minecraft:skeleton":26,"minecraft:chicken":2,"minecraft:skeleton_horse":2,"minecraft:pig":5,"minecraft:zombie_villager":2,"minecraft:iron_golem":3,"minecraft:creeper":5,"minecraft:sheep":2,"minecraft:pillager":14,"minecraft:zombie":72,"minecraft:donkey":5,"stalwart_dungeons:incomplete_wither":14,"minecraft:cow":1,"minecraft:vex":1,"minecraft:vindicator":4,"minecraft:horse":8,"minecraft:drowned":1,"minecraft:husk":18,"stalwart_dungeons:reinforced_blaze":10,"minecraft:bat":1,"minecraft:ravager":1,"minecraft:wither_skeleton":6,"minecraft:villager":2,"minecraft:enderman":1}},"DataVersion":3120}